0,-0.890117918517108,-1.48510066052197,-2.19632233070966,-2.60438030982594,-0.890117918517108,0,1
0.002,-0.890117918517108,-1.48510066052197,-2.19632233070966,-2.60438030982594,-0.890117918517108,0,1
0.004,-0.890117918517108,-1.48510066052197,-2.19632233070966,-2.60438030982594,-0.890117918517108,0,1
0.006,-0.89011690517854,-1.48509786938362,-2.1963120458946,-2.60439338792765,-0.890116905182013,3.41365878289766e-09,1
0.008,-0.890115891842296,-1.48509507852234,-2.19630176097219,-2.60440646585962,-0.890115891849241,6.82731533949663e-09,1
0.01,-0.890114540729112,-1.48509135758947,-2.19628804765882,-2.60442390297025,-0.890114540740687,1.13788587941442e-08,1
0.012,-0.890112851841483,-1.48508670688259,-2.1962709058392,-2.60444569907723,-0.890112851858846,1.70682875872401e-08,1
0.014,-0.890110825181993,-1.48508112670955,-2.19625033539407,-2.60447185399199,-0.890110825206301,2.38956017330417e-08,1
0.016,-0.890108460753738,-1.48507461743972,-2.19622633618034,-2.60450236748826,-0.89010846078615,3.18608013790322e-08,1
0.018,-0.890105758560262,-1.48506725492942,-2.19619900031923,-2.60453707158855,-0.890105758601934,7.28247331725226e-08,1
0.02,-0.890102718605803,-1.48505898577549,-2.19616826170841,-2.60457608579827,-0.890102718657893,1.24029656646495e-07,1
0.022,-0.890099340894957,-1.48504981322055,-2.19613412343137,-2.60461940379136,-0.890099340958622,1.86613463739763e-07,1
0.024,-0.89009562543288,-1.48503974056229,-2.19609658855049,-2.60466701920776,-0.890095625509278,2.61714047918139e-07,1
0.026,-0.890091572225243,-1.48502877115718,-2.19605566010545,-2.60471892565132,-0.890091572315533,3.50469303929646e-07,1
0.028,-0.89008718127823,-1.48501690842023,-2.19601134111335,-2.60477511668997,-0.890087181383568,4.54017128087714e-07,1
0.03,-0.890082452598536,-1.48500415582471,-2.19596363456876,-2.60483558585584,-0.890082452720079,5.7349541853308e-07,1
0.032,-0.890077386193369,-1.48499051690186,-2.19591254344392,-2.6049003266455,-0.890077386332275,7.10042075237995e-07,1
0.034,-0.890071982070445,-1.48497599524061,-2.19585807068878,-2.60496933252008,-0.890071982227873,8.64795000103371e-07,1
0.036,-0.890066240237994,-1.48496059448731,-2.19580021923114,-2.60504259690543,-0.8900662404151,1.03889209727702e-06,1
0.038,-0.890060160710595,-1.48494186190296,-2.19573598146614,-2.60512558014543,-0.890060160908536,1.94579156257936e-07,1
0.04,-0.890053743480453,-1.48492471505608,-2.19567138092171,-2.60520734114367,-0.890053743700389,4.10778318171036e-07,1
0.042,-0.890046988574018,-1.48490669994954,-2.19560341050514,-2.60529334098998,-0.890046988817105,6.4973537880559e-07,1
0.044,-0.890039895996059,-1.48488782092808,-2.19553207286829,-2.60538357268779,-0.890039896263455,9.12588252387206e-07,1
0.046,-0.89003246575734,-1.48486808192073,-2.1954573708299,-2.60547802948934,-0.890032466050201,1.20047485615423e-06,1
0.048,-0.890024697877597,-1.48484465118066,-2.19537582727522,-2.60558302025624,-0.890024698197083,3.14058225809231e-07,1
0.05,-0.890016592343902,-1.48482320555943,-2.19529440425441,-2.60568590608683,-0.890016592691169,6.55426051917393e-07,1
0.052,-0.890008149192764,-1.48480091140764,-2.19520962542451,-2.60579299697344,-0.890008149568971,1.02524137854014e-06,1
0.054,-0.889999368436876,-1.48477535347953,-2.1951185205733,-2.60590967837407,-0.88999936884318,3.99400731175518e-07,1
0.056,-0.889990250066343,-1.48475137744517,-2.19502703722792,-2.6060251570916,-0.8899902505039,8.29524852818883e-07,1
0.058,-0.889980794117758,-1.48472656554655,-2.19493220618863,-2.60614482008374,-0.889980794587727,1.29151027806823e-06,1
0.06,-0.889971000609013,-1.48469787655044,-2.19483028413881,-2.60627545190039,-0.889971001112552,4.94984633956797e-07,1
0.062,-0.889960869522169,-1.48467140904607,-2.19472876444178,-2.60640346058906,-0.889960870060435,1.02410649625394e-06,1
0.064,-0.889950400913874,-1.48464170444235,-2.19462093432199,-2.60654101751636,-0.889950401488026,5.64396975486233e-07,1
0.066,-0.889939594762174,-1.48461359785279,-2.19451273694827,-2.60667734440005,-0.889939595373367,1.16520708084922e-06,1
0.068,-0.889928451121195,-1.48458193241247,-2.19439782425808,-2.60682394616754,-0.889928451770588,6.38361129326409e-07,1
0.07,-0.889916969965993,-1.48455220534996,-2.19428295935492,-2.60696856248689,-0.889916970654744,1.31541132241077e-06,1
0.072,-0.889905151359549,-1.48451857668235,-2.19416094764201,-2.60712422793771,-0.889905152088815,7.16877147821696e-07,1
0.074,-0.889892995269506,-1.48448724791156,-2.19403942530118,-2.60727710483641,-0.889892996040445,1.47471931578847e-06,1
0.076,-0.889880501768718,-1.48445165415053,-2.19391029790662,-2.60744185249576,-0.889880502582488,7.99945075311192e-07,1
0.078,-0.889867670816352,-1.48441874287773,-2.19378212804848,-2.60760296084734,-0.88986767167411,1.6431311517845e-06,1
0.08,-0.889854502496215,-1.48438118268328,-2.19364586810581,-2.60777680892184,-0.889854503399119,8.87564960011099e-07,1
0.082,-0.889840996757868,-1.48434670855282,-2.19351106048052,-2.60794611933191,-0.889840997707076,1.82064692874125e-06,1
0.084,-0.88982715369722,-1.48430718111244,-2.19336765091488,-2.60812908570908,-0.889827154693889,9.79736854112328e-07,1
0.086,-0.889812973253028,-1.48427116420332,-2.19322621510361,-2.60830656851766,-0.889812974298316,2.00726675323463e-06,1
0.088,-0.889798455534513,-1.4842296692334,-2.19307563863081,-2.60849867076546,-0.889798456629578,1.0764608140815e-06,1
0.09,-0.889783600481657,-1.48418960450316,-2.1929244563692,-2.6086899492795,-0.889783601627655,1.12652988166443e-06,1
0.092,-0.889768408164423,-1.48414866900913,-2.19276982269191,-2.60888555068939,-0.889768409362514,1.17773634540945e-06,1
0.094,-0.889752878593115,-1.48410686654501,-2.19261173611074,-2.60908547269035,-0.889752879844455,1.23008082965415e-06,1
0.096,-0.889737011790648,-1.48406419991494,-2.19245019553301,-2.60928971357095,-0.889737013096395,1.28356334243849e-06,1
0.098,-0.889720807780392,-1.4840206719829,-2.19228519984239,-2.6094982715836,-0.889720809141703,1.33818389214214e-06,1
0.1,-0.889704266586173,-1.48397628567247,-2.19211674789899,-2.60971114494466,-0.889704268004206,1.39394248746865e-06,1
0.102,-0.889687388232271,-1.48393104396675,-2.19194483853937,-2.60992833183451,-0.889687389708184,1.45083913745872e-06,1
0.104,-0.889670172743415,-1.48388494990833,-2.19176947057654,-2.6101498303976,-0.889670174278366,1.50887385150287e-06,1
0.106,-0.889652620144783,-1.48383800659914,-2.1915906428,-2.61037563874256,-0.889652621739929,1.56804663934982e-06,1
0.108,-0.889634730461997,-1.4837902172004,-2.19140835397572,-2.61060575494225,-0.889634732118496,1.62835751111227e-06,1
0.11,-0.88961650372112,-1.48374158493252,-2.19122260284616,-2.61084017703384,-0.88961650544013,1.6898064772816e-06,1
0.112,-0.889597939948657,-1.48369211307502,-2.19103338813031,-2.6110789030189,-0.889597941731336,1.75239354872614e-06,1
0.114,-0.889579039171546,-1.48364180496642,-2.19084070852366,-2.61132193086346,-0.889579041019051,1.81611873671925e-06,1
0.116,-0.889559801417159,-1.48359066400414,-2.19064456269823,-2.61156925849812,-0.889559803330649,1.88098205293569e-06,1
0.118,-0.889540226713297,-1.48353869364446,-2.19044494930261,-2.61182088381812,-0.889540228693929,1.94698350947036e-06,1
0.12,-0.889520315088191,-1.48348589740234,-2.1902418669619,-2.6120768046834,-0.889520317137122,2.01412311883717e-06,1
0.122,-0.88950006657049,-1.48343227885139,-2.19003531427783,-2.61233701891872,-0.889500068688879,2.08240089399463e-06,1
0.124,-0.889479481189269,-1.48337784162373,-2.18982528982865,-2.61260152431376,-0.889479483378274,2.15181684834374e-06,1
0.126,-0.889458558974015,-1.48332258940991,-2.18961179216926,-2.61287031862313,-0.889458561234793,2.2223709957511e-06,1
0.128,-0.889437299954631,-1.4832665259588,-2.18939481983112,-2.61314339956657,-0.889437302288341,2.29406335055073e-06,1
0.13,-0.88941570416143,-1.48320965507747,-2.18917437132236,-2.61342076482894,-0.889415706569229,2.36689392756069e-06,1
0.132,-0.889393771625131,-1.48315198063111,-2.18895044512771,-2.61370241206039,-0.889393774108177,2.44086274209002e-06,1
0.134,-0.889371502376855,-1.4830935065429,-2.18872303970856,-2.61398833887642,-0.889371504936307,2.5159698099601e-06,1
0.136,-0.889348896448126,-1.48303423679391,-2.18849215350296,-2.61427854285796,-0.88934889908514,2.59221514750074e-06,1
0.138,-0.889325953870857,-1.482974175423,-2.18825778492566,-2.6145730215515,-0.889325956586592,2.66959877158501e-06,1
0.14,-0.88930267467736,-1.48291332652668,-2.18801993236805,-2.61487177246918,-0.889302677472974,2.74812069961663e-06,1
0.142,-0.889279058900331,-1.48285169425902,-2.18777859419828,-2.61517479308889,-0.889279061776982,2.82778094956445e-06,1
0.144,-0.889255106572851,-1.48278928283152,-2.18753376876118,-2.61548208085435,-0.889255109531697,2.90857953995892e-06,1
0.146,-0.889230817728384,-1.48272609651299,-2.18728545437833,-2.61579363317525,-0.889230820770583,2.99051648991794e-06,1
0.148,-0.889206192400766,-1.48266213962946,-2.18703364934805,-2.61610944742731,-0.889206195527476,3.07359181915157e-06,1
0.15,-0.889181230624209,-1.48259741656402,-2.18677835194542,-2.61642952095244,-0.889181233836588,3.15780554797792e-06,1
0.152,-0.889155932433292,-1.48253193175672,-2.18651956042232,-2.6167538510588,-0.889155935732499,3.24315769733845e-06,1
0.154,-0.889130297862959,-1.48246568970445,-2.18625727300738,-2.61708243502093,-0.889130301250151,3.32964828881064e-06,1
0.156,-0.889104326948515,-1.48239869496081,-2.18599148790607,-2.61741527007987,-0.88910433042485,3.41727734461773e-06,1
0.158,-0.889078019725616,-1.48233095213597,-2.18572220330066,-2.61775235344324,-0.889078023292253,3.50604488765745e-06,1
0.16,-0.889051376230276,-1.48226246589655,-2.18544941735027,-2.61809368228538,-0.889051379888373,3.59595094149493e-06,1
0.162,-0.889024396498853,-1.48219324096553,-2.18517312819086,-2.61843925374746,-0.889024400249568,3.68699553039594e-06,1
0.164,-0.888997080568048,-1.48212328212204,-2.18489333393526,-2.61878906493758,-0.888997084412539,3.77917867933139e-06,1
0.166,-0.888969428474901,-1.48205259420131,-2.18461003267318,-2.61914311293092,-0.888969432414327,3.87250041399516e-06,1
0.168,-0.888941440256786,-1.48198118209447,-2.18432322247122,-2.61950139476982,-0.888941444292304,3.96696076082119e-06,1
0.17,-0.888913115951405,-1.48190905074846,-2.18403290137289,-2.61986390746391,-0.888913120084174,4.06255974699642e-06,1
0.172,-0.888884455596785,-1.48183620516587,-2.18373906739864,-2.62023064799025,-0.888884459827965,4.15929740047929e-06,1
0.174,-0.888855459231275,-1.48176265040482,-2.18344171854586,-2.62060161329345,-0.888855463562022,4.25717375001157e-06,1
0.176,-0.888826126893539,-1.48168839157881,-2.18314085278887,-2.62097680028575,-0.888826131325012,4.356188825132e-06,1
0.178,-0.888796458622548,-1.48161343385656,-2.18283646807899,-2.62135620584722,-0.888796463155905,4.45634265620717e-06,1
0.18,-0.888766454457581,-1.48153778246191,-2.18252856234451,-2.62173982682583,-0.888766459093982,4.55763527442903e-06,1
0.182,-0.888736114438219,-1.48146144267364,-2.18221713349076,-2.62212766003757,-0.888736119178821,4.66006671184517e-06,1
0.184,-0.888705438604337,-1.48138441982535,-2.18190217940002,-2.62251970226664,-0.8887054434503,4.76363700136446e-06,1
0.186,-0.8886744269961,-1.48130671930532,-2.18158369793167,-2.62291595026552,-0.888674431948582,4.86834617678782e-06,1
0.188,-0.888643079653961,-1.48122834655629,-2.18126168692211,-2.62331640075514,-0.88864308471412,4.97419427281418e-06,1
0.19,-0.888611396618653,-1.48114930707545,-2.18093614418479,-2.62372105042499,-0.888611401787648,5.08118132505728e-06,1
0.192,-0.888579377931181,-1.48106960641413,-2.18060706751029,-2.62412989593325,-0.888579383210171,5.18930737007634e-06,1
0.194,-0.888547023632825,-1.48098925017778,-2.18027445466623,-2.62454293390696,-0.888547029022968,5.29857244537656e-06,1
0.196,-0.888514333765125,-1.48090824402574,-2.17993830339738,-2.62496016094213,-0.888514339267581,5.40897658944251e-06,1
0.198,-0.888481308369885,-1.48082659367111,-2.17959861142561,-2.62538157360389,-0.888481313985812,5.5205198417441e-06,1
0.2,-0.88844794748916,-1.4807443048806,-2.17925537644996,-2.6258071684266,-0.888447953219716,5.63320224276254e-06,1
0.202,-0.888414251165254,-1.48066138347437,-2.17890859614662,-2.62623694191404,-0.888414257011599,5.74702383400731e-06,1
0.204,-0.888380219440712,-1.48057783532587,-2.17855826816894,-2.62667089053952,-0.888380225404005,5.86198465803574e-06,1
0.206,-0.888345852358322,-1.48049366636168,-2.17820439014746,-2.62710901074602,-0.888345858439722,5.97808475846451e-06,1
0.208,-0.888311149961099,-1.48040888256134,-2.17784695968995,-2.62755129894637,-0.888311156161763,6.09532418000229e-06,1
0.21,-0.888276112292284,-1.48032348995723,-2.17748597438136,-2.62799775152335,-0.888276118613373,6.21370296845678e-06,1
0.212,-0.888240739395339,-1.48023749463434,-2.17712143178392,-2.62844836482987,-0.888240745838013,6.33322117076599e-06,1
0.214,-0.888205031313943,-1.48015090273016,-2.17675332943709,-2.62890313518909,-0.888205037879359,6.45387883500452e-06,1
0.216,-0.888168988091979,-1.48006372043452,-2.17638166485758,-2.62936205889461,-0.888168994781297,6.5756760104148e-06,1
0.218,-0.888132609773536,-1.47997595398936,-2.17600643553941,-2.62982513221059,-0.888132616587916,6.69861274742243e-06,1
0.22,-0.888095896402898,-1.47988760968863,-2.17562763895387,-2.63029235137192,-0.888095903343498,6.82268909765869e-06,1
0.222,-0.88805884802454,-1.47979869387809,-2.17524527254958,-2.63076371258434,-0.88805885509252,6.94790511397627e-06,1
0.224,-0.888021464683121,-1.47970921295515,-2.17485933375248,-2.63123921202466,-0.888021471879641,7.07426085048071e-06,1
0.226,-0.887983746423479,-1.47961917336868,-2.17446981996585,-2.63171884584082,-0.887983753749698,7.20175636253779e-06,1
0.228,-0.887945693290623,-1.47952858161888,-2.17407672857033,-2.63220261015215,-0.8879457007477,7.33039170680836e-06,1
0.23,-0.887907305329729,-1.47943744425705,-2.17368005692392,-2.63269050104948,-0.887907312918824,7.46016694125763e-06,1
0.232,-0.887868582586135,-1.47934576788253,-2.17327980222388,-2.63318251489976,-0.887868590308558,7.59122964989026e-06,1
0.234,-0.887829525105324,-1.47925355915441,-2.17287596205923,-2.6336786471282,-0.887829532962085,7.72328485216769e-06,1
0.236,-0.887790132932926,-1.47916082477313,-2.17246853358213,-2.63417889404573,-0.887790140925184,7.8564801266939e-06,1
0.238,-0.887750406114718,-1.47906757149289,-2.17205751406018,-2.63468325163073,-0.887750414243634,7.99081553688407e-06,1
0.24,-0.88771034469661,-1.47897380611798,-2.17164290073846,-2.63519171583394,-0.887710352963342,8.12629114758619e-06,1
0.242,-0.887669948724634,-1.47887953550283,-2.17122469083949,-2.63570428257858,-0.887669957130342,8.26290702509403e-06,1
0.244,-0.887629218244943,-1.47878476655169,-2.1708028815633,-2.63622094776051,-0.887629226790789,8.40066323717026e-06,1
0.246,-0.887588153303806,-1.47868950621856,-2.17037747008736,-2.63674170724841,-0.887588161990949,8.53955985306328e-06,1
0.248,-0.887546753947596,-1.47859376150642,-2.16994845353382,-2.63726655695616,-0.887546762777232,8.67963200679808e-06,1
0.25,-0.887505020222786,-1.47849753946923,-2.16951582910087,-2.63779549255408,-0.887505029196039,8.82080964624527e-06,1
0.252,-0.887462952175941,-1.47840084720838,-2.1690795938657,-2.63832850990255,-0.887462961293972,8.96312790646187e-06,1
0.254,-0.887420549853711,-1.47830369187488,-2.16863974491587,-2.63886560476321,-0.887420559117681,9.10658686289306e-06,1
0.256,-0.887377813302828,-1.47820608066848,-2.1681962793165,-2.63940677287133,-0.887377822713896,9.25118659259945e-06,1
0.258,-0.88733474257009,-1.47810802083753,-2.16774919411026,-2.63995200993604,-0.887334752129418,9.39692717427644e-06,1
0.26,-0.887291337702365,-1.47800951967881,-2.1672984863174,-2.64050131164049,-0.887291347411112,9.54380868827464e-06,1
0.262,-0.887247598746573,-1.47791058453726,-2.16684415293577,-2.64105467364204,-0.887247608605901,9.69183121663456e-06,1
0.264,-0.887203525749686,-1.47781122280591,-2.16638619094082,-2.64161209157241,-0.887203535760756,9.84099484310451e-06,1
0.266,-0.887159118758717,-1.47771144192559,-2.1659245972856,-2.64217356103785,-0.887159128922689,9.99129965316922e-06,1
0.268,-0.887114377820715,-1.47761124938478,-2.1654593689008,-2.64273907761937,-0.88711438813875,1.01427457340741e-05,1
0.27,-0.887069302982755,-1.47751065271944,-2.16499050269475,-2.6433086368729,-0.887069313456015,1.02953331748518e-05,1
0.272,-0.887023894291931,-1.47740965951275,-2.1645179955534,-2.64388223432943,-0.887023904921577,1.04490620663486e-05,1
0.274,-0.886978151795353,-1.47730827739497,-2.16404184434038,-2.64445986549526,-0.886978162582545,1.06039325012497e-05,1
0.276,-0.886932075540129,-1.47720651404323,-2.163562045897,-2.64504152585215,-0.88693208648603,1.07599445741108e-05,1
0.278,-0.88688566557337,-1.47710437718133,-2.16307859704224,-2.6456272108575,-0.88688567667914,1.09170983813754e-05,1
0.28,-0.88683892194217,-1.47700187457957,-2.16259149457276,-2.64621691594452,-0.886838933208972,1.10753940214159e-05,1
0.282,-0.886791844693608,-1.47689901405447,-2.16210073526294,-2.6468106365225,-0.886791856122602,1.12348315945458e-05,1
0.284,-0.886744433874733,-1.4767958034687,-2.16160631586486,-2.64740836797689,-0.886744445467082,1.13954112030596e-05,1
0.286,-0.88669668953256,-1.47669225073076,-2.16110823310833,-2.64801010566955,-0.886696701289426,1.15571329512559e-05,1
0.288,-0.886648611714062,-1.47658836379487,-2.16060648370089,-2.64861584493894,-0.886648623636606,1.17199969454624e-05,1
0.29,-0.886600200466158,-1.47648415066069,-2.16010106432781,-2.6492255811003,-0.886600212555543,1.18840032940688e-05,1
0.292,-0.886551455835709,-1.47637961937321,-2.15959197165212,-2.64983930944583,-0.886551468093097,1.20491521075557e-05,1
0.294,-0.886502377869508,-1.47627477802245,-2.1590792023146,-2.6504570252449,-0.886502390296061,1.22154434985204e-05,1
0.296,-0.886452966614269,-1.47616963474334,-2.15856275293381,-2.65107872374424,-0.886452979211151,1.23828775817148e-05,1
0.298,-0.886403222116626,-1.47606419771548,-2.15804262010607,-2.65170440016815,-0.886403234884998,1.25514544740573e-05,1
0.3,-0.886353144423116,-1.47595847516292,-2.15751880040547,-2.65233404971866,-0.886353157364141,1.27211742946779e-05,1
0.302,-0.886302733580176,-1.47585247535401,-2.15699129038392,-2.65296766757575,-0.886302746695016,1.2892037164946e-05,1
0.304,-0.886251989634131,-1.47574620660113,-2.15646008657111,-2.65360524889756,-0.88625200292395,1.30640432084959e-05,1
0.306,-0.886200912631188,-1.47563967726052,-2.15592518547453,-2.65424678882056,-0.886200926097149,1.32371925512597e-05,1
0.308,-0.886149502617425,-1.47553289573208,-2.15538658357947,-2.65489228245977,-0.886149516260691,1.34114853215011e-05,1
0.31,-0.886097759638785,-1.47542587045915,-2.15484427734906,-2.65554172490894,-0.886097773460519,1.35869216498385e-05,1
0.312,-0.886045683741063,-1.47531860992833,-2.15429826322424,-2.65619511124077,-0.886045697742429,1.37635016692847e-05,1
0.314,-0.8859932749699,-1.4752111226692,-2.15374853762376,-2.65685243650713,-0.885993289152061,1.39412255152753e-05,1
0.316,-0.885940533370775,-1.47510341725421,-2.15319509694422,-2.65751369573922,-0.885940547734895,1.41200933256973e-05,1
0.318,-0.885887458988991,-1.47499550229839,-2.15263793756005,-2.65817888394778,-0.885887473536234,1.43001052409292e-05,1
0.32,-0.885834051869671,-1.4748873864592,-2.15207705582352,-2.65884799612332,-0.885834066601201,1.44812614038661e-05,1
0.322,-0.885780312057746,-1.47477907843627,-2.15151244806474,-2.65952102723635,-0.885780326974727,1.46635619599532e-05,1
0.324,-0.885726239597945,-1.47467058697124,-2.15094411059168,-2.66019797223748,-0.885726254701542,1.4847007057224e-05,1
0.326,-0.885671834534788,-1.47456192084751,-2.15037203969013,-2.66087882605775,-0.885671849826165,1.50315968463326e-05,1
0.328,-0.885617096912577,-1.47445308889007,-2.14979623162377,-2.66156358360875,-0.885617112392898,1.5217331480575e-05,1
0.33,-0.88556202677538,-1.47434409996522,-2.1492166826341,-2.6622522397829,-0.88556204244581,1.54042111159468e-05,1
0.332,-0.88550662416703,-1.47423496298045,-2.14863338894051,-2.66294478945358,-0.885506640028734,1.55922359111514e-05,1
0.334,-0.885450889131108,-1.47412568688416,-2.14804634674023,-2.66364122747542,-0.885450905185252,1.5781406027659e-05,1
0.336,-0.885394821710941,-1.47401628066547,-2.14745555220833,-2.66434154868444,-0.885394837958689,1.59717216297154e-05,1
0.338,-0.885338421949581,-1.47390675335403,-2.14686100149779,-2.66504574789832,-0.8853384383921,1.61631828844041e-05,1
0.34,-0.885281689889808,-1.47379711401976,-2.14626269073939,-2.66575381991658,-0.885281706528262,1.63557899616588e-05,1
0.342,-0.885224625574108,-1.47368737177269,-2.14566061604181,-2.66646575952077,-0.885224642409664,1.65495430343157e-05,1
0.344,-0.885167229044672,-1.4735775357627,-2.14505477349157,-2.66718156147476,-0.885167246078496,1.67444422781413e-05,1
0.346,-0.885109500343382,-1.47346761517935,-2.14444515915305,-2.66790122052486,-0.885109517576639,1.69404878718656e-05,1
0.348,-0.885051439511797,-1.47335761925163,-2.1438317690685,-2.66862473140013,-0.885051456945654,1.71376799972318e-05,1
0.35,-0.884993046591149,-1.47324755724778,-2.14321459925799,-2.66935208881249,-0.884993064226773,1.73360188390194e-05,1
0.352,-0.884934321622331,-1.47313743847505,-2.14259364571946,-2.67008328745705,-0.884934339460888,1.75355045850876e-05,1
0.354,-0.884875264645882,-1.4730272722795,-2.1419689044287,-2.67081832201222,-0.884875282688539,1.77361374264182e-05,1
0.356,-0.884815875701982,-1.47291706804579,-2.14134037133933,-2.67155718714002,-0.884815893949906,1.79379175571403e-05,1
0.358,-0.884756154830438,-1.47280683519695,-2.14070804238281,-2.67229987748622,-0.884756173284798,1.81408451745812e-05,1
0.36,-0.884696102070675,-1.47269658319418,-2.14007191346845,-2.67304638768061,-0.884696120732636,1.83449204793024e-05,1
0.362,-0.884635717461722,-1.47258632153663,-2.13943198048335,-2.6737967123372,-0.884635736332453,1.85501436751313e-05,1
0.364,-0.884575001042205,-1.47247605976121,-2.13878823929247,-2.67455084605445,-0.884575020122874,1.87565149692116e-05,1
0.366,-0.884513952850332,-1.47236580744234,-2.13814068573856,-2.67530878341545,-0.884513972142107,1.89640345720343e-05,1
0.368,-0.884452572923887,-1.47225557419175,-2.1374893156422,-2.67607051898822,-0.884452592427937,1.91727026974804e-05,1
0.37,-0.884390861300212,-1.47214536965826,-2.13683412480174,-2.67683604732585,-0.884390881017704,1.93825195628673e-05,1
0.372,-0.8843288180162,-1.47203520352761,-2.13617510899335,-2.67760536296676,-0.884328837948304,1.95934853889802e-05,1
0.374,-0.884266443108285,-1.47192508552219,-2.13551226397096,-2.67837846043493,-0.88426646325617,1.98056004001166e-05,1
0.376,-0.884203736612425,-1.47181502540084,-2.13484558546629,-2.67915533424009,-0.88420375697726,2.00188648241329e-05,1
0.378,-0.884140698564095,-1.47170503295867,-2.13417506918883,-2.67993597887799,-0.884140719147049,2.02332788924819e-05,1
0.38,-0.884077328998272,-1.4715951180268,-2.1335007108258,-2.68072038883058,-0.884077349800516,2.04488428402533e-05,1
0.382,-0.884013627949426,-1.4714852904722,-2.13282250604217,-2.68150855856624,-0.884013648972129,2.06655569062234e-05,1
0.384,-0.883949595451508,-1.4713755601974,-2.13214045048066,-2.68230048254005,-0.88394961669584,2.08834213328874e-05,1
0.386,-0.883885231537933,-1.47126593714037,-2.13145453976168,-2.68309615519393,-0.883885253005066,2.11024363665145e-05,1
0.388,-0.883820536241576,-1.47115643127426,-2.13076476948336,-2.68389557095697,-0.883820557932679,2.13226022571869e-05,1
0.39,-0.88375550959475,-1.47104705260716,-2.13007113522153,-2.68469872424556,-0.883755531510995,2.15439192588435e-05,1
0.392,-0.883690151629203,-1.47093781118195,-2.12937363252966,-2.68550560946366,-0.883690173771762,2.17663876293244e-05,1
0.394,-0.883624462376101,-1.47082871707605,-2.12867225693893,-2.68631622100305,-0.883624484746144,2.19900076304173e-05,1
0.396,-0.883558441866013,-1.47071978040122,-2.12796700395814,-2.6871305532435,-0.883558464464712,2.22147795279039e-05,1
0.398,-0.883492090128903,-1.47061101130334,-2.12725786907371,-2.68794860055305,-0.88349211295743,2.24407035916051e-05,1
0.4,-0.883425407194115,-1.47050241996222,-2.12654484774969,-2.68877035728818,-0.883425430253643,2.26677800954258e-05,1
0.402,-0.883358393090359,-1.47039401659136,-2.12582793542774,-2.6895958177941,-0.883358416382061,2.28960093174051e-05,1
0.404,-0.883291047845702,-1.47028581143778,-2.12510712752706,-2.69042497640494,-0.88329107137075,2.31253915397634e-05,1
0.406,-0.883223371487548,-1.47017781478177,-2.12438241944443,-2.69125782744398,-0.883223395247116,2.33559270489481e-05,1
0.408,-0.883155364042632,-1.47007003693671,-2.12365380655417,-2.69209436522389,-0.883155388037893,2.35876161356805e-05,1
0.41,-0.883087025537002,-1.46996248824885,-2.12292128420811,-2.69293458404695,-0.88308704976913,2.38204590950092e-05,1
0.412,-0.883018355996007,-1.46985517909713,-2.12218484773559,-2.69377847820529,-0.883018380466176,2.40544562263553e-05,1
0.414,-0.882949355444283,-1.4697481198929,-2.1214444924434,-2.69462604198108,-0.882949380153668,2.42896078335706e-05,1
0.416,-0.882880023905739,-1.4696413210798,-2.12070021361581,-2.69547726964683,-0.882880048855514,2.45259142249713e-05,1
0.418,-0.882810361403545,-1.46953479313352,-2.1199520065145,-2.69633215546554,-0.882810386594885,2.47633757134064e-05,1
0.42,-0.882740367960114,-1.46942854656157,-2.11919986637856,-2.697190693691,-0.882740393394195,2.50019926162969e-05,1
0.422,-0.882670043597093,-1.46932259190311,-2.11844378842447,-2.69805287856796,-0.88267006927509,2.52417652556941e-05,1
0.424,-0.882599388335344,-1.46921693972874,-2.11768376784605,-2.6989187043324,-0.882599414258434,2.54826939583267e-05,1
0.426,-0.882528402194932,-1.46911160064027,-2.11691979981445,-2.69978816521173,-0.882528428364291,2.57247790556616e-05,1
0.428,-0.882457085195112,-1.46900658527055,-2.11615187947813,-2.70066125542506,-0.882457111611916,2.59680208839458e-05,1
0.43,-0.882385437354309,-1.46890190428327,-2.11538000196283,-2.70153796918337,-0.882385464019735,2.62124197842702e-05,1
0.432,-0.88231345869011,-1.46879756837274,-2.11460416237151,-2.70241830068979,-0.882313485605336,2.64579761026186e-05,1
0.434,-0.882241149219243,-1.46869358826368,-2.11382435578436,-2.70330224413983,-0.882241176385448,2.67046901899231e-05,1
0.436,-0.882168508957567,-1.46858997471106,-2.11304057725875,-2.70418979372156,-0.882168536375928,2.69525624021227e-05,1
0.438,-0.882095537920053,-1.46848673849987,-2.11225282182921,-2.70508094361589,-0.882095565591747,2.72015931002179e-05,1
0.44,-0.882022236120768,-1.46838389044491,-2.11146108450739,-2.70597568799679,-0.882022264046976,2.7451782650322e-05,1
0.442,-0.881948603572865,-1.46828144139066,-2.11066536028202,-2.70687402103148,-0.881948631754766,2.77031314237286e-05,1
0.444,-0.881874640288562,-1.46817940221099,-2.1098656441189,-2.70777593688072,-0.881874668727335,2.795563979696e-05,1
0.446,-0.881800346279127,-1.46807778380906,-2.10906193096083,-2.70868142969901,-0.881800374975952,2.82093081518302e-05,1
0.448,-0.881725721554864,-1.46797659711704,-2.10825421572762,-2.70959049363478,-0.881725750510922,2.84641368755002e-05,1
0.45,-0.881650766125097,-1.46787585309599,-2.10744249331601,-2.71050312283069,-0.881650795341568,2.87201263605441e-05,1
0.452,-0.881575479998149,-1.46777556273563,-2.10662675859966,-2.71141931142383,-0.881575509476215,2.89772770050036e-05,1
0.454,-0.881499863181333,-1.46767573705413,-2.10580700642911,-2.71233905354593,-0.881499892922175,2.92355892124505e-05,1
0.456,-0.881423915680928,-1.46757638709798,-2.10498323163171,-2.7132623433236,-0.881423945685728,2.94950633920488e-05,1
0.458,-0.881347637502167,-1.46747752394174,-2.10415542901165,-2.71418917487857,-0.881347667772109,2.97556999586162e-05,1
0.46,-0.88127102864922,-1.46737915868791,-2.10332359334984,-2.7151195423279,-0.881271059185485,3.00174993326856e-05,1
0.462,-0.881194089125172,-1.46728130246669,-2.10248771940391,-2.71605343978422,-0.881194119928945,3.02804619405719e-05,1
0.464,-0.881116818932013,-1.46718396643584,-2.10164780190818,-2.71699086135596,-0.881116850004476,3.05445882144374e-05,1
0.466,-0.881039218070614,-1.46708716178044,-2.10080383557358,-2.71793180114756,-0.881039249412952,3.08098785923427e-05,1
0.468,-0.880961286540713,-1.46699089971278,-2.09995581508763,-2.71887625325971,-0.880961318154111,3.10763335183349e-05,1
0.47,-0.880883024340896,-1.46689519147212,-2.09910373511439,-2.71982421178958,-0.880883056226539,3.13439534424966e-05,1
0.472,-0.88080443146858,-1.46680004832455,-2.09824759029442,-2.72077567083102,-0.880804463627653,3.16127388210202e-05,1
0.474,-0.880725507919993,-1.46670548156279,-2.09738737524471,-2.72173062447484,-0.880725540353683,3.18826901162688e-05,1
0.476,-0.880646253690156,-1.466611502506,-2.09652308455867,-2.72268906680896,-0.880646286399649,3.21538077968577e-05,1
0.478,-0.880566668772867,-1.46651812249963,-2.09565471280604,-2.72365099191869,-0.88056670175935,3.24260923377085e-05,1
0.48,-0.880486753160679,-1.46642535291525,-2.09478225453288,-2.72461639388695,-0.88048678642534,3.26995442201285e-05,1
0.482,-0.880406506844881,-1.46633320515034,-2.09390570426148,-2.72558526679447,-0.880406540388907,3.29741639318821e-05,1
0.484,-0.880325929815455,-1.46624169072625,-2.09302505528198,-2.72655760723029,-0.880325963641333,3.32512209343193e-05,1
0.486,-0.880245022061245,-1.46615082089822,-2.09214030448467,-2.72753340424952,-0.880245056168867,3.35281779408342e-05,1
0.488,-0.880163783569442,-1.46606060723467,-2.09125144511376,-2.72851265443995,-0.880163817959996,3.38063042803236e-05,1
0.49,-0.880082214326175,-1.4659710612365,-2.09035847159527,-2.72949535187524,-0.880082249000852,3.40856004667979e-05,1
0.492,-0.880000314316126,-1.46588219442831,-2.08946137833194,-2.73048149062856,-0.880000349276117,3.43660670213852e-05,1
0.494,-0.8799180835226,-1.46579401835966,-2.08856015970246,-2.73147106477224,-0.879918118769096,3.4647704472104e-05,1
0.496,-0.879835521927497,-1.46570654460484,-2.08765481006138,-2.73246406837799,-0.879835557461689,3.4930513353948e-05,1
0.498,-0.879752629511295,-1.46561978476278,-2.08674532373905,-2.73346049551709,-0.879752665334376,3.52144942089594e-05,1
0.5,-0.879669406253031,-1.46553375045686,-2.08583169504158,-2.73446034026064,-0.879669442366193,3.54996475863107e-05,1
0.502,-0.879585852130273,-1.46544845333472,-2.08491391825075,-2.73546359667977,-0.87958588853471,3.57859740423849e-05,1
0.504,-0.879501967119103,-1.46536390508476,-2.08399198744189,-2.73647025922192,-0.879502003816203,3.60736650904434e-05,1
0.506,-0.87941775119412,-1.46528011736994,-2.08306589721204,-2.73748032120655,-0.879417788184884,3.63623394253097e-05,1
0.508,-0.879333204328342,-1.46519710192588,-2.08213564158787,-2.73849377708253,-0.879333241613964,3.66521885522391e-05,1
0.51,-0.879248326493277,-1.46511487049607,-2.08120121475316,-2.73951062092315,-0.879248364074953,3.69432130572093e-05,1
0.512,-0.879163117658847,-1.46503343484733,-2.08026261086724,-2.74053084680291,-0.879163155537774,3.72354135338698e-05,1
0.514,-0.879077577793378,-1.46495280676988,-2.07931982406468,-2.74155444879759,-0.879077615970752,3.75287905835742e-05,1
0.516,-0.878991706863576,-1.46487299807718,-2.07837284845535,-2.74258142098452,-0.878991745340594,3.78233448154606e-05,1
0.518,-0.878905504834502,-1.46479402060579,-2.07742167812422,-2.74361175744275,-0.878905543612363,3.8119076846557e-05,1
0.52,-0.878818971669552,-1.46471588621524,-2.07646630713142,-2.74464545225329,-0.878819010749455,3.84159873018504e-05,1
0.522,-0.878732107330435,-1.4646386067879,-2.07550672951206,-2.74568249949926,-0.878732146713579,3.87140768143831e-05,1
0.524,-0.878644911777141,-1.4645621942288,-2.07454293927623,-2.7467228932662,-0.878644951464726,3.90133460253512e-05,1
0.526,-0.878557384967924,-1.46448666046557,-2.07357493040889,-2.74776662764216,-0.878557424961151,3.93137955841844e-05,1
0.528,-0.878469526859274,-1.46441201744823,-2.07260269686983,-2.74881369671798,-0.878469567159345,3.9615426148649e-05,1
0.53,-0.878381337405892,-1.46433827714914,-2.07162623259353,-2.7498640945875,-0.878381378014009,3.99182383849346e-05,1
0.532,-0.87829281656067,-1.46426545156279,-2.07064553148918,-2.75091781534768,-0.878292857478034,4.02222329677501e-05,1
0.534,-0.878203964274656,-1.46419355270577,-2.06966058744049,-2.75197485309892,-0.878204005502472,4.05274105804241e-05,1
0.536,-0.878114780497035,-1.46412259261655,-2.06867139430572,-2.75303520194515,-0.878114822036507,4.08337719150027e-05,1
0.538,-0.878025265175103,-1.46405258335544,-2.06767794591753,-2.75409885599409,-0.878025307027436,4.11413176723436e-05,1
0.54,-0.877935418254236,-1.46398353700443,-2.06668023608291,-2.75516580935746,-0.877935460420636,4.14500485622189e-05,1
0.542,-0.877845239677869,-1.46391546566709,-2.06567825858312,-2.75623605615111,-0.877845282159541,4.17599653034186e-05,1
0.544,-0.877754729387461,-1.46384838146846,-2.06467200717361,-2.75730959049528,-0.877754772185613,4.20710686238516e-05,1
0.546,-0.877663887322477,-1.46378229655493,-2.0636614755839,-2.75838640651477,-0.877663930438317,4.23833592606472e-05,1
0.548,-0.877572713420352,-1.46371722309414,-2.06264665751752,-2.75946649833912,-0.877572756855088,4.26968379602698e-05,1
0.55,-0.877481207616468,-1.46365317327489,-2.06162754665193,-2.76054986010281,-0.877481251371309,4.30115054786106e-05,1
0.552,-0.877389369844122,-1.463590159307,-2.06060413663842,-2.76163648594546,-0.877389413920279,4.33273625811107e-05,1
0.554,-0.877297200034498,-1.46352819342125,-2.05957642110202,-2.762726370012,-0.877297244433182,4.36444100428684e-05,1
0.556,-0.877204698116642,-1.46346728786926,-2.05854439364142,-2.76381950645286,-0.877204742839065,4.3962648648738e-05,1
0.558,-0.877111864017423,-1.46340745492342,-2.05750804782889,-2.76491588942417,-0.877111909064797,4.4282079193461e-05,1
0.56,-0.877018697661514,-1.46334870687677,-2.05646737721014,-2.7660155130879,-0.877018743035052,4.46027024817639e-05,1
0.562,-0.876925198971351,-1.46329105604293,-2.0554223753043,-2.7671183716121,-0.876925244672268,4.49245193284849e-05,1
0.564,-0.87683136786711,-1.46323451475603,-2.05437303560377,-2.76822445917103,-0.87683141389662,4.52475305586907e-05,1
0.566,-0.876737204266672,-1.46317909537057,-2.05331935157413,-2.76933376994535,-0.876737250625992,4.55717370077857e-05,1
0.568,-0.87664270808559,-1.46312481026142,-2.05226131665408,-2.77044629812232,-0.876642754775936,4.58971395216491e-05,1
0.57,-0.876547879237063,-1.4630716718237,-2.05119892425533,-2.77156203789593,-0.876547926259652,4.62237389567343e-05,1
0.572,-0.876452717631894,-1.46301969247269,-2.05013216776244,-2.77268098346711,-0.876452764987946,4.65515361802233e-05,1
0.574,-0.876357223178467,-1.4629688846438,-2.04906104053284,-2.77380312904386,-0.8763572708692,4.68805320701222e-05,1
0.576,-0.876261395782705,-1.46291926079248,-2.04798553589661,-2.77492846884147,-0.87626144380934,4.72107275154086e-05,1
0.578,-0.87616523534804,-1.46287083339418,-2.04690564715646,-2.77605699708261,-0.876165283711798,4.75421234161546e-05,1
0.58,-0.87606874177538,-1.46282361494425,-2.0458213675876,-2.77718870799759,-0.876068790477483,4.78747206836585e-05,1
0.582,-0.875971914963072,-1.46277761795792,-2.04473269043762,-2.77832359582442,-0.875971964004743,4.82085202405742e-05,1
0.584,-0.875874754806865,-1.46273285497022,-2.04363960892642,-2.77946165480903,-0.875874804189329,4.85435230210515e-05,1
0.586,-0.875777261199879,-1.46268933853595,-2.04254211624607,-2.78060287920542,-0.875777310924359,4.88797299708718e-05,1
0.588,-0.875679434032561,-1.46264708122964,-2.04144020556072,-2.78174726327578,-0.875679484100285,4.92171420475882e-05,1
0.59,-0.875581273192657,-1.46260609564546,-2.04033387000651,-2.78289480129071,-0.875581323604851,4.95557602206611e-05,1
0.592,-0.875482778565167,-1.46256639439725,-2.03922310269142,-2.78404548752926,-0.875482829323059,4.98955854716072e-05,1
0.594,-0.875383950032314,-1.46252799011842,-2.03810789669521,-2.78519931627919,-0.875384001137133,5.02366187941365e-05,1
0.596,-0.875284787473497,-1.46249089546195,-2.03698824506926,-2.78635628183702,-0.875284838926473,5.05788611943151e-05,1
0.598,-0.87518529076526,-1.46245512310036,-2.03586414083648,-2.78751637850826,-0.875185342567624,5.09223136906942e-05,1
0.6,-0.875085459781246,-1.46242068572569,-2.03473557699122,-2.78867960060746,-0.87508551193423,5.12669773144803e-05,1
0.602,-0.874985294392162,-1.46238759604945,-2.03360254649912,-2.78984594245839,-0.874985346896999,5.16128531096764e-05,1
0.604,-0.874884794465734,-1.46235586680264,-2.03246504229701,-2.79101539839419,-0.874884847323659,5.19599421332436e-05,1
0.606,-0.874783959866668,-1.46232551073571,-2.03132305729278,-2.79218796275746,-0.874784013078916,5.23082454552592e-05,1
0.608,-0.874682790456607,-1.46229654061857,-2.03017658436532,-2.7933636299004,-0.874682844024414,5.2657764159076e-05,1
0.61,-0.874581286094088,-1.46226896924056,-2.02902561636431,-2.79454239418493,-0.874581340018691,5.30084993414902e-05,1
0.612,-0.874479446634499,-1.46224280941047,-2.02787014611019,-2.79572424998284,-0.874479500917137,5.33604521129018e-05,1
0.614,-0.874377271930035,-1.46221807395654,-2.02671016639398,-2.79690919167586,-0.874377326571948,5.37136235974839e-05,1
0.616,-0.874274761829655,-1.46219477572646,-2.02554566997717,-2.79809721365581,-0.874274816832083,5.40680149333578e-05,1
0.618,-0.874171916179031,-1.46217292758739,-2.02437664959165,-2.79928831032467,-0.874171971543218,5.44236272727636e-05,1
0.62,-0.874068734820509,-1.46215254242595,-2.02320309793951,-2.80048247609475,-0.874068790547697,5.478046178224e-05,1
0.622,-0.873965217593059,-1.46213363314829,-2.02202500769297,-2.80167970538874,-0.873965273684492,5.51385196427927e-05,1
0.624,-0.873861364332224,-1.46211621268007,-2.02084237149423,-2.80287999263981,-0.873861420789149,5.54978020500961e-05,1
0.626,-0.873757174870081,-1.4621002939665,-2.01965518195538,-2.80408333229173,-0.873757231693744,5.58583102146568e-05,1
0.628,-0.873652649035181,-1.46208588997239,-2.01846343165821,-2.80528971879897,-0.87365270622683,5.62200453620159e-05,1
0.63,-0.873547786652506,-1.46207301368216,-2.01726711315417,-2.80649914662676,-0.873547844213392,5.65830087329345e-05,1
0.632,-0.873442587543419,-1.46206167809991,-2.01606621896415,-2.80771161025118,-0.873442645474791,5.69472015835885e-05,1
0.634,-0.873337051525607,-1.46205189624946,-2.01486074157844,-2.80892710415925,-0.873337109828718,5.73126251857678e-05,1
0.636,-0.873231178413034,-1.46204368117439,-2.01365067345653,-2.810145622849,-0.873231237089137,5.7679280827069e-05,1
0.638,-0.873124968015885,-1.4620370459381,-2.01243600702701,-2.81136716082956,-0.873125027066235,5.80471698111122e-05,1
0.64,-0.873018420140516,-1.46203200362391,-2.01121673468747,-2.81259171262119,-0.873018479566368,5.841629345773e-05,1
0.642,-0.872911534589391,-1.46202856733506,-2.00999284880431,-2.81381927275538,-0.872911594392003,5.87866531031994e-05,1
0.644,-0.872804311161038,-1.46202675019485,-2.00876434171264,-2.81504983577489,-0.872804371341669,5.91582501004311e-05,1
0.646,-0.87269674964998,-1.46202656534667,-2.00753120571617,-2.81628339623382,-0.87269681020989,5.95310858192138e-05,1
0.648,-0.872588849846688,-1.4620280259541,-2.00629343308701,-2.81751994869762,-0.872588910787139,5.99051616464071e-05,1
0.65,-0.872480611537516,-1.46203114520103,-2.00505101606563,-2.81875948774318,-0.87248067285977,6.02804789861858e-05,1
0.652,-0.872372034504643,-1.46203593629168,-2.00380394686064,-2.82000200795886,-0.872372096209964,6.06570392602688e-05,1
0.654,-0.872263118526013,-1.46204241245078,-2.00255221764871,-2.82124750394449,-0.872263180615669,6.10348439081331e-05,1
0.656,-0.872153863375274,-1.46205058692362,-2.00129582057441,-2.82249597031145,-0.872153925850531,6.14138943872696e-05,1
0.658,-0.872044268821716,-1.4620604729762,-2.00003474775008,-2.82374740168265,-0.872044331683842,6.17941921734131e-05,1
0.66,-0.871934334630203,-1.4620720838953,-1.99876899125571,-2.82500179269259,-0.871934397880469,6.21757387607882e-05,1
0.662,-0.871824060561113,-1.46208543298866,-1.99749854313878,-2.82625913798733,-0.871824124200792,6.25585356623627e-05,1
0.664,-0.871713446370271,-1.46210053358507,-1.99622339541415,-2.82751943222452,-0.871713510400636,6.29425844100918e-05,1
0.666,-0.871602491808883,-1.46211739903452,-1.99494354006388,-2.8287826700734,-0.871602556231208,6.33278865551834e-05,1
0.668,-0.871491196623462,-1.46213604270831,-1.99365896903717,-2.8300488462148,-0.871491261439025,6.37144436683551e-05,1
0.67,-0.871379560555768,-1.46215647799926,-1.99236967425014,-2.83131795534112,-0.871379625765846,6.41022573401019e-05,1
0.672,-0.871267583342728,-1.46217871832181,-1.99107564758574,-2.83258999215631,-0.871267648948602,6.44913291809691e-05,1
0.674,-0.871155264716375,-1.46220277711221,-1.9897768808936,-2.83386495137586,-0.871155330719325,6.48816608218229e-05,1
0.676,-0.871042604403759,-1.46222866782866,-1.98847336598991,-2.83514282772675,-0.87104267080507,6.52732539141462e-05,1
0.678,-0.870929602126892,-1.46225640395152,-1.98716509465727,-2.83642361594743,-0.870929668927848,6.56661101302986e-05,1
0.68,-0.870816257602656,-1.46228599898345,-1.98585205864454,-2.83770731078778,-0.870816324804545,6.60602311638315e-05,1
0.682,-0.870702570542736,-1.46231746644963,-1.98453424966672,-2.83899390700903,-0.870702638146845,6.64556187297709e-05,1
0.684,-0.870588540653536,-1.46235081989794,-1.98321165940483,-2.84028339938374,-0.870588608661155,6.68522745649274e-05,1
0.686,-0.8704741676361,-1.46238607289916,-1.98188427950574,-2.8415757826957,-0.870474236048522,6.72502004281939e-05,1
0.688,-0.870359451186034,-1.46242323904721,-1.98055210158206,-2.84287105173987,-0.870359520004553,6.76493981008701e-05,1
0.69,-0.870244390993419,-1.4624623319593,-1.97921511721198,-2.84416920132231,-0.870244460219329,6.80498693869712e-05,1
0.692,-0.870128986742729,-1.46250336527622,-1.97787331793918,-2.84547022626007,-0.870129056377328,6.84516161135548e-05,1
0.694,-0.870013238112742,-1.46254635266255,-1.97652669527264,-2.84677412138111,-0.87001330815733,6.88546401310546e-05,1
0.696,-0.869897144776458,-1.46259130780688,-1.97517524068656,-2.84808088152417,-0.869897215232336,6.92589433136202e-05,1
0.698,-0.869780706401003,-1.46263824442208,-1.97381894562019,-2.84939050153869,-0.869780777269474,6.96645275594448e-05,1
0.7,-0.869663922647543,-1.46268717624556,-1.9724578014777,-2.85070297628466,-0.869663993929912,7.00713947911354e-05,1
0.702,-0.869546793171189,-1.4627381170395,-1.9710917996281,-2.85201830063248,-0.869546864868765,7.0479546956053e-05,1
0.704,-0.869429317620905,-1.46279108059118,-1.96972093140503,-2.85333646946283,-0.869429389734995,7.08889860266852e-05,1
0.706,-0.869311495639407,-1.4628460807132,-1.96834518810669,-2.85465747766654,-0.869311568171323,7.1299714001011e-05,1
0.708,-0.869193326863069,-1.4629031312438,-1.96696456099571,-2.85598132014438,-0.869193399814123,7.17117329028824e-05,1
0.71,-0.869074810921822,-1.46296224604715,-1.96557904129899,-2.85730799180694,-0.869074884293331,7.2125044782403e-05,1
0.712,-0.868955947439052,-1.46302343901368,-1.96418862020762,-2.85863748757439,-0.868956021232333,7.25396517163248e-05,1
0.714,-0.868836736031495,-1.46308672406037,-1.96279328887672,-2.85996980237632,-0.868836810247867,7.29555558084465e-05,1
0.716,-0.868717176309132,-1.46315211513107,-1.96139303842533,-2.86130493115157,-0.868717250949917,7.33727591900219e-05,1
0.718,-0.868597267875081,-1.46321962619688,-1.9599878599363,-2.86264286884792,-0.868597342941603,7.37912640201717e-05,1
0.72,-0.868477010325486,-1.46328927125642,-1.95857774445617,-2.86398361042195,-0.868477085819071,7.42110724863144e-05,1
0.722,-0.868356403249405,-1.46336106433626,-1.95716268299507,-2.86532715083877,-0.868356479171382,7.46321868045916e-05,1
0.724,-0.868235446228696,-1.46343501949127,-1.95574266652655,-2.86667348507175,-0.868235522580395,7.50546092203129e-05,1
0.726,-0.868114138837897,-1.46351115080493,-1.95431768598753,-2.86802260810228,-0.868114215620651,7.5478342008404e-05,1
0.728,-0.86799248064411,-1.46358947238982,-1.95288773227819,-2.8693745149195,-0.867992557859255,7.59033874738668e-05,1
0.73,-0.867870471206879,-1.46366999838791,-1.95145279626182,-2.87072920051996,-0.867870548855753,7.63297479522483e-05,1
0.732,-0.867748110078062,-1.46375274297107,-1.95001286876475,-2.87208665990737,-0.867748188162004,7.67574258101181e-05,1
0.734,-0.867625396801708,-1.46383772034139,-1.94856794057625,-2.87344688809227,-0.867625475322061,7.71864234455559e-05,1
0.736,-0.867502330913924,-1.46392494473169,-1.94711800244843,-2.87480988009167,-0.867502409872033,7.76167432886507e-05,1
0.738,-0.867378911942748,-1.46401443040591,-1.94566304509614,-2.87617563092871,-0.867378991339961,7.80483878020038e-05,1
0.74,-0.867255139408007,-1.46410619165959,-1.94420305919688,-2.87754413563234,-0.867255219245674,7.8481359481259e-05,1
0.742,-0.867131012821184,-1.46420024282032,-1.94273803539074,-2.87891538923688,-0.867131093100658,7.89156608556205e-05,1
0.744,-0.867006531685277,-1.46429659824824,-1.94126796428027,-2.88028938678165,-0.867006612407912,7.93512944884004e-05,1
0.746,-0.866881695494651,-1.46439527233648,-1.93979283643047,-2.88166612331059,-0.866881776661805,7.97882629775756e-05,1
0.748,-0.866756503734897,-1.46449627951173,-1.93831264236864,-2.88304559387176,-0.866756585347931,8.0226568956335e-05,1
0.75,-0.866630955882676,-1.46459963423469,-1.93682737258438,-2.88442779351696,-0.866631037942954,8.06662150936804e-05,1
0.752,-0.866505051405573,-1.46470535100067,-1.93533701752947,-2.88581271730123,-0.86650513391446,8.11072040949926e-05,1
0.754,-0.86637878976193,-1.46481344434005,-1.93384156761787,-2.88720036028239,-0.866378872720796,8.15495387026519e-05,1
0.756,-0.866252170400697,-1.4649239288189,-1.93234101322561,-2.88859071752048,-0.866252253810914,8.19932216966399e-05,1
0.758,-0.866125192761261,-1.46503681903954,-1.93083534469077,-2.88998378407734,-0.866125276624202,8.24382558951738e-05,1
0.76,-0.865997856273282,-1.46515212964109,-1.92932455231345,-2.89137955501594,-0.865997940590325,8.28846441553453e-05,1
0.762,-0.865870160356519,-1.46526987530012,-1.92780862635571,-2.89277802539995,-0.865870245129044,8.33323893737843e-05,1
0.764,-0.865742104420659,-1.46539007073122,-1.92628755704157,-2.89417919029301,-0.86574218965005,8.37814944873224e-05,1
0.766,-0.865613687865136,-1.46551273068767,-1.92476133455694,-2.89558304475826,-0.865613773552779,8.42319624736815e-05,1
0.768,-0.865484910078949,-1.46563786996206,-1.92322994904967,-2.8969895838576,-0.865484996226235,8.46837963521733e-05,1
0.77,-0.865355770440476,-1.46576550338696,-1.92169339062948,-2.8983988026511,-0.865355857048796,8.51369991844268e-05,1
0.772,-0.86522626831728,-1.4658956458356,-1.92015164936802,-2.89981069619629,-0.86522635538803,8.55915740751053e-05,1
0.774,-0.865096403065914,-1.46602831222258,-1.91860471529883,-2.90122525954747,-0.865096490600494,8.60475241726759e-05,1
0.776,-0.864966174031726,-1.46616351750455,-1.91705257841739,-2.90264248775496,-0.864966262031536,8.6504852670163e-05,1
0.778,-0.864835580548647,-1.46630127668099,-1.91549522868112,-2.90406237586436,-0.864835669015095,8.69635628059376e-05,1
0.78,-0.864704621938986,-1.46644160479493,-1.91393265600943,-2.90548491891576,-0.864704710873479,8.7423657864529e-05,1
0.782,-0.864573297513215,-1.46658451693371,-1.9123648502838,-2.9069101119429,-0.864573386917166,8.78851411774388e-05,1
0.784,-0.864441606569745,-1.46673002822979,-1.91079180134778,-2.90833794997237,-0.86444169644457,8.83480161239873e-05,1
0.786,-0.864309548394711,-1.46687815386156,-1.90921349900706,-2.90976842802271,-0.864309638741829,8.8812286132171e-05,1
0.788,-0.864177122261731,-1.46702890905413,-1.90762993302963,-2.91120154110347,-0.864177213082564,8.92779546795565e-05,1
0.79,-0.864044327431678,-1.46718230908026,-1.90604109314574,-2.91263728421435,-0.864044418727652,8.97450252941711e-05,1
0.792,-0.863911163152433,-1.46733836926112,-1.90444696904815,-2.91407565234416,-0.863911254924979,9.02135015554392e-05,1
0.794,-0.863777628658643,-1.46749710496728,-1.90284755039212,-2.91551664046983,-0.863777720909195,9.06833870951255e-05,1
0.796,-0.863643723171466,-1.46765853161956,-1.90124282679561,-2.91696024355537,-0.86364381590146,9.1154685598305e-05,1
0.798,-0.863509445898307,-1.46782266469001,-1.89963278783942,-2.91840645655081,-0.863509539109185,9.16274008043643e-05,1
0.8,-0.86337479603256,-1.46798951970283,-1.89801742306731,-2.91985527439105,-0.863374889725767,9.21015365080134e-05,1
0.802,-0.863239772753329,-1.4681591122354,-1.89639672198623,-2.92130669199468,-0.863239866930313,9.25770965603351e-05,1
0.804,-0.86310437522515,-1.46833145791924,-1.89477067406646,-2.92276070426287,-0.863104469887365,9.30540848698556e-05,1
0.806,-0.862968602597709,-1.46850657244108,-1.89313926874186,-2.92421730607803,-0.862968697746612,9.35325054036456e-05,1
0.808,-0.86283245400554,-1.46868447154392,-1.89150249541007,-2.92567649230256,-0.862832549642591,9.40123621884412e-05,1
0.81,-0.862695928567732,-1.46886517102811,-1.88986034343275,-2.92713825777755,-0.862696024694397,9.44936593117964e-05,1
0.812,-0.862559025387615,-1.46904868675243,-1.88821280213589,-2.92860259732134,-0.862559122005364,9.4976400923274e-05,1
0.814,-0.862421743551869,-1.46923503602764,-1.88655985520516,-2.93006951612409,-0.862421840667993,9.54662482784969e-05,1
0.816,-0.862284082133107,-1.46942423206193,-1.88490150309693,-2.93153898815837,-0.862284179743269,9.59518926877623e-05,1
0.818,-0.862146040183667,-1.46961629226764,-1.88323772944184,-2.93301101856715,-0.862146138289349,9.6438994423664e-05,1
0.82,-0.862007616741204,-1.46981123275665,-1.88156852342003,-2.93448560206171,-0.862007715343893,9.69275578941121e-05,1
0.822,-0.861868810825337,-1.47000906969783,-1.87989387418365,-2.9359627333244,-0.861868909926524,9.74175875775647e-05,1
0.824,-0.8617296214379,-1.47020981932582,-1.87821377085119,-2.93744240700549,-0.861729721039082,9.79090880222511e-05,1
0.826,-0.861590047562569,-1.47041349794237,-1.8765282025079,-2.93892461772141,-0.861590147665246,9.84020638476069e-05,1
0.828,-0.861450088164481,-1.47062012191772,-1.87483715820627,-2.94040936005298,-0.86145018877016,9.88965197457157e-05,1
0.83,-0.861309742189845,-1.47082970769197,-1.87314062696648,-2.94189662854345,-0.861309843300035,9.93924604828212e-05,1
0.832,-0.861169008565535,-1.47104227177654,-1.87143859777694,-2.94338641769662,-0.861169110181752,9.98898909008583e-05,1
0.834,-0.861027886198687,-1.47125783075564,-1.86973105959479,-2.94487872197477,-0.861027988322452,0.000100388815919019,1
0.836,-0.860886373976268,-1.47147640128778,-1.86801800134656,-2.9463735357966,-0.860886476609106,0.000100889240535387,1
0.838,-0.860744470764641,-1.47169800010735,-1.86629941192869,-2.94787085353506,-0.860744573908082,0.000101391169828608,1
0.84,-0.86060217540912,-1.47192264402617,-1.86457528020823,-2.94937066951508,-0.860602279064701,0.000101894608959588,1
0.842,-0.86045948673351,-1.47215034993516,-1.86284559502354,-2.95087297801129,-0.860459590902772,0.000102399563173263,1
0.844,-0.860316403539629,-1.47238113480604,-1.86111034518496,-2.95237777324557,-0.860316508224118,0.000102906037800418,1
0.846,-0.860172924606824,-1.47261501569302,-1.85936951947563,-2.9538850493846,-0.860173029808093,0.000103414038259535,1
0.848,-0.860029048691473,-1.47285200973458,-1.85762310665227,-2.95539480053721,-0.860029154411079,0.00010392357005871,1
0.85,-0.859884774526463,-1.47309213415533,-1.85587109544604,-2.95690702075179,-0.85988488076597,0.000104434638797635,1
0.852,-0.859740100820663,-1.47333540626783,-1.85411347456345,-2.95842170401346,-0.859740207581641,0.000104947250169625,1
0.854,-0.859595026258381,-1.4735818434746,-1.85235023268731,-2.95993884424117,-0.859595133542404,0.000105461409963683,1
0.856,-0.859449549498796,-1.47383146326997,-1.85058135847771,-2.9614584352848,-0.859449657307446,0.000105977124066678,1
0.858,-0.859303669175384,-1.47408428324225,-1.84880684057311,-2.96298047092202,-0.859303777510247,0.000106494398465539,1
0.86,-0.859157383895319,-1.47434032107572,-1.84702666759142,-2.96450494485506,-0.859157492757989,0.000107013239249535,1
0.862,-0.859010692238859,-1.47459959455285,-1.84524082813123,-2.96603185070747,-0.859010801630936,0.00010753365261263,1
0.864,-0.858863592758716,-1.47486212155646,-1.84344931077295,-2.96756118202059,-0.858863702681807,0.000108055644855884,1
0.866,-0.858716083979402,-1.47512792007201,-1.84165210408019,-2.96909293225004,-0.858716194435118,0.000108579222389962,1
0.868,-0.858568164396557,-1.47539700818998,-1.83984919660111,-2.97062709476198,-0.858568275386519,0.000109104391737681,1
0.87,-0.858419832476256,-1.47566940410821,-1.83804057686983,-2.97216366282928,-0.858419944002089,0.000109631159536676,1
0.872,-0.858271086654295,-1.47594512613443,-1.83622623340795,-2.97370262962755,-0.858271198717632,0.000110159532542111,1
0.874,-0.858121925335455,-1.47622419268877,-1.83440615472619,-2.97524398823094,-0.858122037937936,0.000110689517629502,1
0.876,-0.857972346892741,-1.47650662230645,-1.83258032932598,-2.97678773160791,-0.857972460036014,0.000111221121797605,1
0.878,-0.857822349666598,-1.47679243364042,-1.83074874570128,-2.97833385261674,-0.857822463352316,0.000111754352171437,1
0.88,-0.857671931964098,-1.47708164546414,-1.82891139234043,-2.9798823440009,-0.857672046193923,0.000112289216005335,1
0.882,-0.857521092058111,-1.47737427667453,-1.82706825772802,-2.98143319838424,-0.857521206833713,0.000112825720686166,1
0.884,-0.857369828186438,-1.47767034629485,-1.82521933034704,-2.98298640826597,-0.857369943509492,0.000113363873736605,1
0.886,-0.857218138550918,-1.47796987347776,-1.82336459868093,-2.98454196601555,-0.85721825442311,0.000113903682818545,1
0.888,-0.857066021316511,-1.47827287750851,-1.82150405121589,-2.98609986386719,-0.857066137739534,0.000114445155736604,1
0.89,-0.856913474610347,-1.4785793778081,-1.81963767644323,-2.98766009391432,-0.856913591585901,0.000114988300441753,1
0.892,-0.856760496520737,-1.4788893939367,-1.81776546286187,-2.98922264810372,-0.856760614050531,0.00011553312503507,1
0.894,-0.856607085096165,-1.47920294559703,-1.81588739898093,-2.9907875182295,-0.856607203181916,0.000116079637771602,1
0.896,-0.856453238344227,-1.47952005263798,-1.81400347332251,-2.99235469592675,-0.856453356987661,0.000116627847064396,1
0.898,-0.856298954230557,-1.47984073505821,-1.81211367442455,-2.99392417266506,-0.856299073433409,0.000117177761488612,1
0.9,-0.856144230677688,-1.48016501301,-1.81021799084388,-2.9954959397416,-0.8561443504417,0.000117729389785839,1
0.902,-0.855989065563896,-1.48049290680314,-1.8083164111594,-2.9970699882741,-0.855989185890822,0.000118282740868514,1
0.904,-0.855833456721996,-1.48082443690896,-1.80640892397544,-2.99864630919346,-0.855833577613597,0.000118837823824515,1
0.906,-0.855677401938089,-1.48115962396451,-1.80449551792526,-3.000224893236,-0.855677523396137,0.000119394647921918,1
0.908,-0.855520898950276,-1.48149848877689,-1.80257618167477,-3.00180573093551,-0.855521020976552,0.000119953222613914,1
0.91,-0.855363945447313,-1.4818410523277,-1.80065090392641,-3.00338881261487,-0.855364068043607,0.000120513557543916,1
0.912,-0.855206539067231,-1.48218733577767,-1.79871967342321,-3.00497412837737,-0.855206662235344,0.000121075662550827,1
0.914,-0.855048677395892,-1.48253736047139,-1.79678247895314,-3.00656166809763,-0.855048801137635,0.000121639547674528,1
0.916,-0.8548903579655,-1.4828911479423,-1.79483930935358,-3.00815142141218,-0.854890482282694,0.000122205223161554,1
0.918,-0.854731578253057,-1.48324871991775,-1.79289015351609,-3.00974337770957,-0.854731703147533,0.000122772699470971,1
0.92,-0.854572335678753,-1.48361009832435,-1.79093500039138,-3.01133752612012,-0.854572461152355,0.000123341987280491,1
0.922,-0.854412627604308,-1.48397530529337,-1.7889738389946,-3.01293385550518,-0.85441275365889,0.000123913097492809,1
0.924,-0.85425245133124,-1.4843443631665,-1.78700665841085,-3.01453235444591,-0.854252577968665,0.000124486041242171,1
0.926,-0.854091804099064,-1.48471729450167,-1.78503344780097,-3.01613301123165,-0.854091931321212,0.000125060829901221,1
0.928,-0.85393068308344,-1.48509412207917,-1.78305419640767,-3.01773581384765,-0.853930810892198,0.000125637475088079,1
0.93,-0.853769085394224,-1.485474868908,-1.781068893562,-3.01934074996233,-0.853769213791492,0.000126215988673718,1
0.932,-0.853607008073458,-1.48585955823236,-1.77907752869008,-3.02094780691398,-0.85360713706115,0.000126796382789628,1
0.934,-0.853444448093277,-1.48624821353855,-1.77708009132026,-3.02255697169677,-0.853444577673318,0.000127378669835776,1
0.936,-0.853281402353726,-1.48664085856194,-1.77507657109066,-3.0241682309462,-0.853281532528055,0.000127962862488895,1
0.938,-0.853117867679917,-1.48703751862784,-1.77306695337391,-3.02578157866354,-0.853117998454897,0.000128553282104488,1
0.94,-0.852953840822499,-1.48743821533585,-1.7710512368095,-3.02739698523975,-0.852953972195686,0.000129141326171571,1
0.942,-0.852789318449671,-1.48784297453091,-1.7690294070452,-3.02901444388106,-0.852789450423044,0.000129731315629574,1
0.944,-0.852624297150019,-1.48825182102708,-1.76700145423588,-3.03063393962834,-0.85262442972557,0.000130323264350264,1
0.946,-0.852458773427214,-1.48866477992135,-1.76496736869605,-3.03225545708015,-0.852458906606952,0.000130917186530803,1
0.948,-0.85229274369775,-1.48908187660843,-1.76292714090443,-3.03387898037333,-0.852292877483697,0.000131513096702471,1
0.95,-0.852126204288035,-1.48950313679006,-1.76088076151476,-3.03550449316291,-0.852126338682228,0.0001321110097417,1
0.952,-0.851959151431373,-1.48992858648461,-1.75882822136735,-3.03713197860094,-0.851959286435866,0.00013271094088155,1
0.954,-0.851791581264804,-1.49035825203722,-1.7567695115012,-3.03876141931429,-0.851791716881665,0.000133312905723703,1
0.956,-0.851623489825803,-1.49079216013025,-1.75470462316682,-3.04039279738135,-0.851623626057117,0.000133916920251002,1
0.958,-0.851454873048836,-1.49123033779424,-1.75263354783977,-3.04202609430757,-0.851455009896705,0.000134523000840512,1
0.96,-0.851285726761767,-1.4916728124193,-1.75055627723497,-3.0436612909997,-0.851285864228309,0.00013513116427719,1
0.962,-0.851116046682085,-1.49211961176706,-1.74847280332189,-3.04529836773876,-0.851116184769437,0.000135741427768175,1
0.964,-0.850945828412972,-1.49257076398307,-1.74638311834051,-3.04693730415162,-0.850945967123289,0.000136353808957723,1
0.966,-0.850775067439188,-1.49302629760982,-1.74428721481831,-3.04857807918101,-0.850775206774642,0.000136968325942837,1
0.968,-0.85060375912275,-1.49348624160032,-1.74218508558822,-3.05022067105402,-0.850603899085532,0.000137584997289641,1
0.97,-0.850431898698421,-1.49395062533227,-1.74007672380764,-3.05186505724892,-0.850432039290743,0.000138203842050497,1
0.972,-0.850259481268978,-1.49441947862297,-1.73796212297858,-3.05351121446011,-0.85025962249307,0.000138824879781971,1
0.974,-0.850086501800244,-1.4948928317448,-1.73584127696905,-3.05515911856125,-0.850086643658358,0.000139448130563656,1
0.976,-0.849912955115889,-1.49537071544157,-1.73371418003571,-3.05680874456629,-0.849913097610297,0.0001400736150179,1
0.978,-0.849738835891965,-1.49585316094554,-1.731580826848,-3.05846006658838,-0.84973897902496,0.000140701354330528,1
0.98,-0.849564138651171,-1.49634019999537,-1.72944121251356,-3.06011305779643,-0.84956428242507,0.000141331370272587,1
0.982,-0.849388857756824,-1.4968318648548,-1.72729533260553,-3.06176769036918,-0.849389002173965,0.000141963685223189,1
0.984,-0.849212987406534,-1.49732818833242,-1.72514318319131,-3.06342393544672,-0.849213132469279,0.000142598322193506,1
0.986,-0.849036521625532,-1.49782920380232,-1.7229847608633,-3.06508176307907,-0.849036667336268,0.000143235304852037,1
0.988,-0.848859454259669,-1.49833494522585,-1.72082006277157,-3.06674114217181,-0.848859600620807,0.000143874657551157,1
0.99,-0.848681778968032,-1.49884544717445,-1.71864908665865,-3.06840204042842,-0.848681925982008,0.000144516405355082,1
0.992,-0.848503489215166,-1.4993607448537,-1.71647183089663,-3.0700644242892,-0.848503636884443,0.000145160574069338,1
0.994,-0.848324578262882,-1.49988087412866,-1.71428829452668,-3.07172825886641,-0.84832472658995,0.000145807190271803,1
0.996,-0.848145039161607,-1.50040587155051,-1.71209847730128,-3.07339350787548,-0.848145188148983,0.00014645628134546,1
0.998,-0.84796486474126,-1.50093577438465,-1.70990237972924,-3.0750601335618,-0.847965014391491,0.000147107875512957,1
1,-0.847784047601613,-1.50147062064038,-1.70770000312383,-3.07672809662302,-0.847784197917274,0.000147762001873109,1
1.002,-0.847602580102102,-1.50201044910214,-1.70549134965433,-3.07839735612625,-0.8476027310858,0.00014841869043947,1
1.004,-0.847420817250003,-1.50255421617012,-1.7032808276213,-3.08006454652291,-0.847420968903039,0.000149076658513783,1
1.006,-0.847238752576365,-1.50310193345426,-1.70106845672761,-3.08172963651693,-0.847238904900066,0.000149735930694051,1
1.008,-0.847056379527571,-1.5036536183919,-1.69885425247624,-3.083392593185,-0.847056532523289,0.000150396531918311,1
1.01,-0.846873691349211,-1.50420928907165,-1.69663823125903,-3.08505338206417,-0.846873845018325,0.000151058487886105,1
1.012,-0.846690681077052,-1.50476896426055,-1.69442041040992,-3.08671196707154,-0.846690835420966,0.000151721825092563,1
1.014,-0.846507341527697,-1.50533266343203,-1.69220080825893,-3.08836831042229,-0.846507496547844,0.000152386570863703,1
1.016,-0.846323665288707,-1.50590040679558,-1.68997944418984,-3.09002237254235,-0.846323820986548,0.000153052753393765,1
1.018,-0.846139644708146,-1.50647221532807,-1.68775633870191,-3.09167411197543,-0.846139801085174,0.000153720401784704,1
1.02,-0.845955271883511,-1.50704811080695,-1.68553151347594,-3.09332348528377,-0.845955428941247,0.000154389546088033,1
1.022,-0.84577053865,-1.50762811584539,-1.68330499144499,-3.09497044694229,-0.845770696389997,0.000155060217349118,1
1.024,-0.845585436568068,-1.50821225392956,-1.68107679687035,-3.09661494922538,-0.845585594991911,0.000155732447654212,1
1.026,-0.845399956910226,-1.50880054945816,-1.67884695542304,-3.09825694208597,-0.845400116019536,0.000156406270180292,1
1.028,-0.845214090647015,-1.50939302778439,-1.67661549427129,-3.09989637302599,-0.845214250443446,0.000157081719248059,1
1.03,-0.845027828432101,-1.50998971526056,-1.67438244217482,-3.10153318695761,-0.845027988917344,0.000157758830378219,1
1.032,-0.844841160586415,-1.51059063928552,-1.67214782958619,-3.10316732605448,-0.844841321762198,0.000158437640351374,1
1.034,-0.844654077081275,-1.51119582835511,-1.66991168876016,-3.10479872959196,-0.844654238949366,0.000159118187271765,1
1.036,-0.844466567520395,-1.51180531211592,-1.66767405387162,-3.1064273337755,-0.844466730082599,0.000159800510635203,1
1.038,-0.844278621120699,-1.51241912142256,-1.66543496114299,-3.10805307155593,-0.844278784378866,0.000160484651401489,1
1.04,-0.844090226691849,-1.51303728839879,-1.66319444898212,-3.10967587243062,-0.844090390647871,0.000161170652071732,1
1.042,-0.843901372614365,-1.51365984650275,-1.66095255813144,-3.11129566222905,-0.84390153727018,0.000161858556770928,1
1.044,-0.843712046816236,-1.5142868305967,-1.65870933182978,-3.11291236288133,-0.843712212173825,0.000162548411336274,1
1.046,-0.843522236747872,-1.51491827702159,-1.65646481598801,-3.1145258921681,-0.843522402809269,0.000163240263411671,1
1.048,-0.843331929355284,-1.51555422367694,-1.65421905937995,-3.11613616344977,-0.843332096122571,0.000163934162548995,1
1.05,-0.843141111051312,-1.51619471010633,-1.65197211385014,-3.11774308537333,-0.843141278526624,0.000164630160316678,1
1.052,-0.842949767684729,-1.51683977758924,-1.64972403454033,-3.1193465615541,-0.842949935870255,0.000165328310416281,1
1.054,-0.84275788450705,-1.51748946923959,-1.64747488013672,-3.12094649023008,-0.842758053405037,0.000166028668807772,1
1.056,-0.842565446136814,-1.51814383011162,-1.64522471314021,-3.12254276388584,-0.842565615749567,0.000166731293844299,1
1.058,-0.842372436521116,-1.51880290731388,-1.64297360016225,-3.12413526884285,-0.842372606851004,0.000167436246417334,1
1.06,-0.842178838894127,-1.51946675013192,-1.64072161224936,-3.12572388481229,-0.842179009943581,0.000168143590113184,1
1.062,-0.841984635732311,-1.52013541016071,-1.63846882523954,-3.12730848440644,-0.841984807503831,0.000168853391381944,1
1.064,-0.841789808706027,-1.5208089414474,-1.63621532015442,-3.12888893260382,-0.841789981202184,0.000169565719720089,1
1.066,-0.841594338627149,-1.52148740064572,-1.63396118363158,-3.13046508616262,-0.841594511850588,0.000170280647868079,1
1.068,-0.841398205392308,-1.52217084718299,-1.63170650840188,-3.13203679297649,-0.841398379345751,0.000170998252024455,1
1.07,-0.841201387921323,-1.52285934344104,-1.62945139381763,-3.13360389136568,-0.841201562607574,0.000171718612078096,1
1.072,-0.841003864090295,-1.52355295495231,-1.62719594643813,-3.13516620929545,-0.841004039512242,0.00017244181186059,1
1.074,-0.840805610658838,-1.52425175061295,-1.62494028068016,-3.13672356351281,-0.84080578681946,0.000173167939420689,1
1.076,-0.8406066031908,-1.52495580291429,-1.62268451954206,-3.13827575859102,-0.840606780093169,0.000173897087323357,1
1.078,-0.840406815967765,-1.52566518819494,-1.62042879541175,-3.13982258586983,-0.840406993615053,0.000174629352975972,1
1.08,-0.840206221894568,-1.52637998691547,-1.6181732509703,-3.14136382227738,-0.84020640029005,0.000175364838984713,1
1.082,-0.840004792395898,-1.52710028395817,-1.61591804020486,-3.14289922901782,-0.840004971542962,0.000176103653544493,1
1.084,-0.839802497303002,-1.52782616895461,-1.6136633295471,-3.14442855010556,-0.839802677205149,0.000176845910866268,1
1.086,-0.839599304729335,-1.52855773664396,-1.61140929915597,-3.14595151072456,-0.839599485390189,0.000177591731645983,1
1.088,-0.83939518093387,-1.52929508726556,-1.60915614436712,-3.14746781538665,-0.839395362357187,0.000178341243580095,1
1.09,-0.839190090170612,-1.53003832698944,-1.60690407733522,-3.14897714585911,-0.839190272360285,0.000179094581933129,1
1.092,-0.838983994522634,-1.53078756838916,-1.60465332890048,-3.15047915882568,-0.838984177482701,0.000179851890163584,1
1.094,-0.838776853718781,-1.53154293096162,-1.60240415071662,-3.1519734832393,-0.838777037453435,0.000180613320615261,1
1.096,-0.838568624930876,-1.53230454169918,-1.60015681768476,-3.15345971731661,-0.838568809444475,0.00018137903528213,1
1.098,-0.838359262549023,-1.53307253572003,-1.5979116307468,-3.15493742511475,-0.838359447846101,0.00018214920665586,1
1.1,-0.838148717932243,-1.53384705696332,-1.59566892010288,-3.15640613261942,-0.838148904017521,0.000182924018666459,1
1.102,-0.837936939131314,-1.53462825895618,-1.59342904893134,-3.15786532325866,-0.837937126009712,0.000183703667727819,1
1.104,-0.837723870580304,-1.53541630566055,-1.5911924177064,-3.15931443273901,-0.837724058256957,0.000184488363901499,1
1.106,-0.837509452752798,-1.53621137240823,-1.58895946923089,-3.16075284307875,-0.837509641233069,0.000185278332193856,1
1.108,-0.837293621778372,-1.53701364693311,-1.58673069452753,-3.16217987568529,-0.837293811067869,0.000186073814003401,1
1.11,-0.837076309014332,-1.53782333050962,-1.58450663976746,-3.16359478328928,-0.837076499118929,0.000186875068737227,1
1.112,-0.836857440567273,-1.53864063920658,-1.58228791445764,-3.16499674050464,-0.836857631493126,0.000187682375617287,1
1.114,-0.836636936758522,-1.53946580526436,-1.58007520116557,-3.16638483272802,-0.836637128512093,0.000188496035699023,1
1.116,-0.836414711527254,-1.54029907860146,-1.57786926713184,-3.16775804302119,-0.836414904115338,0.000189316374126118,1
1.118,-0.836190671764996,-1.54114072845268,-1.57567097821583,-3.16911523652892,-0.836190865194744,0.000190143742645478,1
1.12,-0.835964716575636,-1.5419910451343,-1.57348131574317,-3.17045514186818,-0.835964910854588,0.000190978522405133,1
1.122,-0.835736736456355,-1.54285034192023,-1.57130139698742,-3.17177632877246,-0.83573693159247,0.00019182112705322,1
1.124,-0.835506612395857,-1.54371896132146,-1.56913248854203,-3.17307720024456,-0.835506808408804,0.000192682936076313,1
1.126,-0.835274214903562,-1.54459725976759,-1.56697608395454,-3.17435588303836,-0.835274411791012,0.000193542582483838,1
1.128,-0.835039402951187,-1.54548563536024,-1.56483387200677,-3.17561030243173,-0.835039600722597,0.000194411525313633,1
1.13,-0.834802022900804,-1.54638451225165,-1.56270783132156,-3.17683805604391,-0.834802221566221,0.000195290345035691,1
1.132,-0.834561907426537,-1.54729434591931,-1.560600279226,-3.1780363714999,-0.834562106996653,0.000196179673935362,1
1.134,-0.834318874548247,-1.54821562310977,-1.55851394862246,-3.17920202961813,-0.834319075034451,0.000197080199834104,1
1.136,-0.834072726931884,-1.54914885991516,-1.556452086566,-3.18033126775847,-0.834072928346327,0.000197992668837243,1
1.138,-0.833823251734256,-1.55009459673512,-1.55441858172077,-3.18141965740448,-0.833823454089905,0.000198917886076784,1
1.14,-0.833570221458113,-1.55105338810161,-1.55241813051866,-3.18246194817796,-0.833570424768814,0.000199856712715171,1
1.142,-0.8333133965976,-1.5520257841102,-1.55045645542822,-3.1834518681324,-0.83331360087812,0.000200810056303311,1
1.144,-0.833052531375916,-1.5530122982009,-1.54854059350307,-3.18438186740949,-0.833052736641971,0.000201778849636721,1
1.146,-0.832787384742742,-1.55401335279342,-1.54667927936669,-3.18524278959184,-0.832787591010983,0.000202764010017202,1
1.148,-0.832517740224222,-1.55502918908461,-1.54488345344313,-3.1860234536251,-0.832517947512141,0.000203766365495429,1
1.15,-0.832243440519616,-1.55605971916321,-1.54316693127256,-3.18671013230099,-0.832243648845325,0.000204786526052814,1
1.152,-0.831964446298817,-1.55710428644866,-1.54154726652065,-3.18728592866126,-0.831964655680605,0.000205824664336977,1
1.154,-0.831680933662551,-1.558161284367,-1.54004681220652,-3.18773009584831,-0.831681144118066,0.000206880151763608,1
1.156,-0.831393450229029,-1.55922756800462,-1.53869389478729,-3.18801745097317,-0.831393661773872,0.000207950975058501,1
1.158,-0.831103151055582,-1.56029759864365,-1.53752379408708,-3.18811825005444,-0.831103363701,0.000209032853338022,1
1.16,-0.830812118479104,-1.56136233939414,-1.53657877573033,-3.18799925914242,-0.83081233222846,0.000210118039342354,1
1.162,-0.830523705538374,-1.56240817142088,-1.53590576043251,-3.18762716792745,-0.830523920382314,0.000211194028798746,1
1.164,-0.830242704175756,-1.56341659552751,-1.53554984459915,-3.18697536711982,-0.830242920086712,0.000212242920015813,1
1.166,-0.829974991770905,-1.56436593580428,-1.53554326969888,-3.18603327630546,-0.82997520869894,0.000213242720904857,1
1.168,-0.829726425807043,-1.56523567277849,-1.53589376268755,-3.18481367315106,-0.829726643679878,0.000214171471825194,1
1.17,-0.829501361412897,-1.56601176625209,-1.53658011553698,-3.18335179478505,-0.829501580141591,0.00021501279308988,1
1.172,-0.829301715517271,-1.56668958344719,-1.53755923354329,-3.18169536372781,-0.829301935005478,0.000215759404033014,1
1.174,-0.829127102264052,-1.5672728427114,-1.53877945041134,-3.1798923287849,-0.829127322416783,0.000216412639757921,1
1.176,-0.82897565657991,-1.56777027248902,-1.540191604808,-3.17798312745864,-0.82897587730918,0.000216979385849173,1
1.178,-0.828844886435267,-1.56819242338653,-1.5417543592098,-3.1759985528869,-0.828845107662505,0.000217468894933028,1
1.18,-0.828732233818379,-1.56854968240498,-1.54343511096844,-3.17396082712576,-0.828732455474697,0.000217890686150778,1
1.182,-0.82863534891997,-1.56885137018204,-1.54520887688861,-3.17188561863223,-0.828635570945386,0.000218253515186249,1
1.184,-0.828552184367212,-1.56910548486925,-1.54705667527038,-3.16978391610209,-0.828552406709513,0.000218565017561517,1
1.186,-0.82848100023423,-1.56931875009677,-1.5489640465136,-3.16766345988448,-0.828481222847809,0.000218831686573467,1
1.188,-0.828420333001915,-1.56949677490218,-1.55091988299425,-3.16552975225254,-0.828420555846721,0.000219058986997834,1
1.19,-0.828368954503281,-1.56964423553959,-1.55291555675683,-3.16338674800384,-0.828369177543935,0.000219251506980203,1
1.192,-0.828325831975302,-1.56976504306016,-1.55494428432226,-3.16123732217165,-0.828326055180347,0.000219413106311791,1
1.194,-0.828290093156296,-1.56986248559779,-1.55700066700799,-3.15908358750638,-0.828290316497595,0.000219547046193901,1
1.196,-0.828260997223367,-1.56993934709006,-1.55908035091622,-3.15692712238815,-0.828261220681827,0.000219662178922252,1
1.198,-0.828237911130231,-1.56999799136919,-1.56117980882609,-3.15476907870792,-0.828238134676718,0.000219748710150165,1
1.2,-0.828220290542913,-1.57004045107139,-1.56329612149201,-3.15261035099995,-0.82822051415659,0.000219814758383591,1
1.202,-0.828207664505142,-1.57006847771013,-1.56542686912283,-3.15045160873329,-0.828207888166964,0.000219862086798246,1
1.204,-0.828199623111865,-1.5700835917404,-1.56757002351922,-3.1482933606897,-0.828199846804352,0.000219892230476194,1
1.206,-0.828195807555776,-1.57008712082314,-1.56972387073295,-3.14613599406501,-0.828196031262813,0.000219906533543808,1
1.208,-0.828195902057179,-1.57008023073011,-1.5718869514126,-3.14397980323884,-0.828196125763857,0.000219906179291531,1
1.21,-0.82819962728534,-1.57006395044509,-1.57405801432258,-3.14182501117097,-0.828199850977811,0.000219892214733555,1
1.212,-0.828206734965097,-1.57003919267675,-1.57623597977117,-3.13967178547397,-0.828206958630464,0.000219865570747466,1
1.214,-0.828217003429438,-1.57000677072542,-1.57841991056868,-3.13752025059955,-0.828217227055648,0.00021982707868526,1
1.216,-0.828230233930775,-1.56996741243677,-1.58060898876362,-3.13537049715792,-0.828230457506533,0.000219777484153491,1
1.218,-0.828246247564018,-1.56992177181416,-1.58280249685423,-3.13322258910175,-0.828246471078714,0.000219717458510126,1
1.22,-0.828264882685729,-1.56987043873809,-1.58499980249717,-3.13107656930449,-0.828265106129367,0.00021964760850963,1
1.222,-0.828285992737753,-1.5698139471464,-1.58720034597195,-3.12893246392126,-0.828286216100899,0.000219568484437838,1
1.224,-0.828309444402505,-1.56975278195544,-1.58940362983422,-3.12679028581904,-0.828309667676234,0.000219480587008383,1
1.226,-0.828335116031623,-1.56968738494558,-1.59160921032088,-3.12465003728998,-0.828335339207476,0.00021938437323804,1
1.228,-0.828362896301191,-1.56961815979026,-1.59381669016713,-3.12251171220875,-0.828363119371133,0.000219280261475771,1
1.23,-0.828392683055651,-1.56954547637293,-1.59602571256927,-3.1203752977557,-0.828392906012038,0.000219168635726741,1
1.232,-0.828424382309682,-1.56946967450899,-1.59823595608309,-3.11824077579902,-0.82842460514523,0.000219049849386083,1
1.234,-0.828457907382911,-1.56939106716809,-1.60044713029113,-3.11610812400745,-0.828458130090667,0.000218924228476232,1
1.236,-0.828493178146857,-1.56930994327495,-1.60265897210501,-3.11397731674891,-0.828493400720175,0.000218792074464752,1
1.238,-0.828530120367102,-1.56922657015308,-1.60487124259558,-3.1118483258184,-0.82853034279962,0.000218653666726164,1
1.24,-0.828568665126614,-1.56914119566461,-1.60708372426373,-3.1097211210288,-0.828568887412235,0.000218509264700413,1
1.242,-0.828608748318484,-1.56905405009037,-1.60929621868098,-3.10759567069142,-0.828608970451355,0.000218359109791718,1
1.244,-0.828650310198286,-1.56896534778734,-1.61150854444196,-3.10547194200725,-0.828650532172784,0.000218203427044492,1
1.246,-0.828693294987826,-1.56887528865424,-1.61372053538083,-3.10334990138597,-0.82869351679854,0.000218042426627054,1
1.248,-0.828737650523345,-1.56878405943148,-1.61593203901227,-3.10122951470587,-0.828737872165067,0.000217876305149037,1
1.25,-0.828783327942303,-1.56869183485736,-1.61814291516418,-3.09911074752575,-0.828783549410011,0.000217705246834482,1
1.252,-0.828830281403766,-1.56859877869933,-1.62035303477468,-3.09699356525735,-0.828830502692613,0.000217529424569221,1
1.254,-0.828878467838134,-1.56850504467619,-1.62256227883049,-3.09487793330546,-0.828878688943438,0.000217349000838436,1
1.256,-0.82892784672258,-1.56841077728475,-1.62477053742727,-3.0927638171814,-0.828928067639817,0.000217164128568023,1
1.258,-0.828978379879084,-1.56831611254279,-1.62697770893576,-3.09065118259455,-0.828978600603875,0.000216974951881395,1
1.26,-0.829030031292362,-1.56822117865815,-1.62918369925959,-3.08853999552577,-0.829030251820466,0.000216781606781808,1
1.262,-0.829082766945382,-1.56812609663276,-1.63138842117335,-3.08643022228586,-0.829082987272691,0.000216584221768844,1
1.264,-0.829136554670449,-1.56803098080903,-1.63359179373039,-3.08432182956162,-0.829136774792975,0.000216382918396639,1
1.266,-0.829191364014111,-1.56793593936516,-1.63579374173214,-3.08221478445165,-0.829191583927985,0.00021617781178031,1
1.268,-0.829247166114368,-1.56784107476491,-1.63799419525132,-3.08010905449366,-0.829247385815834,0.000215969011056351,1
1.27,-0.829303933588855,-1.56774648416695,-1.64019308920258,-3.07800460768474,-0.829304153074259,0.000215756619801951,1
1.272,-0.829361640432833,-1.56765225979798,-1.64239036295522,-3.07590141249579,-0.829361859698622,0.00021554073641751,1
1.274,-0.829420261925956,-1.56755848929347,-1.64458595998302,-3.0737994378812,-0.829420480968674,0.000215321454476336,1
1.276,-0.829479774546942,-1.56746525600931,-1.64677982754717,-3.07169865328448,-0.829479993363221,0.000215098863044746,1
1.278,-0.829540155895317,-1.56737263930741,-1.64897191640847,-3.06959902864067,-0.829540374481878,0.000214873046975605,1
1.28,-0.829601384619565,-1.56728071481773,-1.65116218056574,-3.06750053437601,-0.829601602973209,0.000214644087177929,1
1.282,-0.829663440351035,-1.56718955467913,-1.65335057701768,-3.06540314140553,-0.829663658468643,0.000214412060864874,1
1.284,-0.829726303643077,-1.56709922776099,-1.65553706554564,-3.06330682112871,-0.829726521521604,0.000214177041782157,1
1.286,-0.829789955914892,-1.56700979986757,-1.65772160851512,-3.06121154542378,-0.829790173551365,0.000213939100418781,1
1.288,-0.829854379399686,-1.56692133392653,-1.65990417069424,-3.05911728664089,-0.829854596791201,0.000213698304201666,1
1.29,-0.829919557096703,-1.5668338901632,-1.66208471908738,-3.05702401759431,-0.829919774240422,0.000213454717675697,1
1.292,-0.829985472726824,-1.56674752626186,-1.66426322278249,-3.05493171155392,-0.829985689619971,0.000213208402670437,1
1.294,-0.830052110691389,-1.56666229751512,-1.66643965281089,-3.05284034223622,-0.830052327331249,0.000212959418454743,1
1.296,-0.830119456033978,-1.5665782569625,-1.66861398201812,-3.0507498837949,-0.830119672417894,0.000212707821880286,1
1.298,-0.830187494404891,-1.56649545551918,-1.67078618494509,-3.04866031081107,-0.830187710530259,0.000212453667514958,1
1.3,-0.830256212028096,-1.56641394209562,-1.67295623771839,-3.04657159828345,-0.830256427892369,0.000212197007767003,1
1.302,-0.830325595670451,-1.56633376370895,-1.67512411794898,-3.04448372161829,-0.830325811271131,0.00021193789300066,1
1.304,-0.830395632613,-1.56625496558679,-1.67728980463849,-3.0423966566194,-0.83039584794764,0.000211676371643978,1
1.306,-0.830466310624187,-1.56617759126399,-1.67945327809258,-3.04031037947808,-0.830466525690385,0.000211412490289477,1
1.308,-0.830537617934822,-1.56610168267302,-1.68161451984049,-3.03822486676324,-0.830537832730222,0.000211146293788214,1
1.31,-0.830609543214674,-1.56602728022845,-1.68377351256054,-3.03614009541148,-0.830609757736967,0.000210877825337735,1
1.312,-0.830682075550562,-1.56595442290594,-1.68593024001088,-3.03405604271745,-0.830682289797477,0.000210607126564452,1
1.314,-0.830755204425819,-1.56588314831622,-1.68808468696507,-3.03197268632427,-0.830755418395129,0.000210334237600806,1
1.316,-0.83082891970104,-1.56581349277438,-1.69023683915226,-3.02989000421416,-0.830829133390556,0.000210059197157672,1
1.318,-0.830903211596006,-1.56574549136494,-1.69238668320133,-3.02780797469928,-0.830903425003578,0.00020978204259229,1
1.32,-0.83097807067271,-1.56567917800288,-1.69453420658886,-3.02572657641271,-0.830978283796224,0.00020950280997212,1
1.322,-0.831053487819391,-1.56561458549095,-1.69667939759063,-3.02364578829977,-0.831053700656767,0.000209221534134872,1
1.324,-0.83112945423551,-1.56555174557363,-1.69882224523626,-3.0215655896094,-0.831129666784705,0.000208938248745001,1
1.326,-0.831205961417612,-1.56549068898785,-1.70096273926679,-3.01948595988589,-0.831206173676615,0.000208652986346904,1
1.328,-0.831283001145989,-1.5654314455108,-1.70310087009509,-3.01740687896075,-0.831283213112821,0.000208365778415088,1
1.33,-0.831360565472111,-1.56537404400491,-1.70523662876867,-3.01532832694488,-0.831360777144823,0.000208076655401451,1
1.332,-0.831438646706756,-1.5653185124604,-1.70737000693493,-3.01325028422087,-0.83143885808343,0.00020778564677995,1
1.334,-0.831517237408806,-1.56526487803527,-1.7095009968085,-3.01117273143564,-0.831517448487553,0.000207492781088762,1
1.336,-0.83159633037465,-1.56521316709323,-1.71162959114065,-3.00909564949315,-0.831596541153608,0.000207198085970169,1
1.338,-0.831675918628168,-1.56516340523942,-1.71375578319053,-3.0070190195475,-0.831676129105505,0.000206901588208246,1
1.34,-0.831755995411251,-1.56511561735429,-1.71587956669811,-3.00494282299607,-0.831756205585159,0.000206603313764574,1
1.342,-0.831836554174816,-1.56506982762556,-1.7180009358588,-3.002867041473,-0.831836764043513,0.000206303287812034,1
1.344,-0.831917588570301,-1.56502605957858,-1.72011988529951,-3.00079165684279,-0.83191779813203,0.000206001534766852,1
1.346,-0.831999092441597,-1.564984336105,-1.72223641005616,-2.99871665119416,-0.831999301694625,0.000205698078318974,1
1.348,-0.832081059817388,-1.56494467949004,-1.72435050555238,-2.99664200683402,-0.832081268760006,0.000205392941460908,1
1.35,-0.832163484903889,-1.56490711143828,-1.72646216757959,-2.99456770628173,-0.83216369353441,0.000205086146515086,1
1.352,-0.832246362078012,-1.56487165335026,-1.72857139142657,-2.99249373380117,-0.832246570395653,0.000204778584448964,1
1.354,-0.832329685880393,-1.56483832533485,-1.73067817526969,-2.99042006924491,-0.832329893882629,0.000204468537638107,1
1.356,-0.832413451010085,-1.56480714775311,-1.7327825150395,-2.98834669727379,-0.832413658695293,0.000204156895939032,1
1.358,-0.832497652317581,-1.56477814021874,-1.73488440782111,-2.98627360120268,-0.832497859684159,0.000203843679241907,1
1.36,-0.832582284799741,-1.56475132187722,-1.73698385098154,-2.9842007645324,-0.832582491846107,0.000203528906884254,1
1.362,-0.832667343594279,-1.56472671142334,-1.73908084215681,-2.9821281709451,-0.832667550318869,0.000203212597671701,1
1.364,-0.832752823974636,-1.56470432711931,-1.74117537923846,-2.98005580429961,-0.832753030375906,0.00020289476989732,1
1.366,-0.832838721345091,-1.56468418681202,-1.74326746036082,-2.97798364862699,-0.832838927421512,0.000202575441360064,1
1.368,-0.832925031236093,-1.5646663079495,-1.74535708388886,-2.9759116881262,-0.832925236986159,0.000202254629382344,1
1.37,-0.833011749299815,-1.56465070759657,-1.74744424840677,-2.97383990715985,-0.833011954722032,0.000201932350826826,1
1.372,-0.8330988713059,-1.56463740244982,-1.74952895270705,-2.97176829025016,-0.833099076398793,0.000201608622112447,1
1.374,-0.833186393137401,-1.56462640885186,-1.75161119578026,-2.96969682207504,-0.833186597899512,0.00020128345922974,1
1.376,-0.833274310786904,-1.56461774280496,-1.75369097680512,-2.96762548746422,-0.833274515216789,0.000200956877755461,1
1.378,-0.833362620352817,-1.56461141998406,-1.7557682951393,-2.96555427139561,-0.833362824449049,0.000200628892866584,1
1.38,-0.833451318035824,-1.56460745574919,-1.75784315031053,-2.96348315899166,-0.83345152179699,0.000200299519353684,1
1.382,-0.833540400135489,-1.56460586515737,-1.75991554200822,-2.96141213551592,-0.833540603560191,0.000199968771633749,1
1.384,-0.833629863047005,-1.56460666297397,-1.76198547007543,-2.95934118636966,-0.833630066133861,0.000199636663762446,1
1.386,-0.833719703258088,-1.56460986368358,-1.76405293450134,-2.95727029708862,-0.833719906005726,0.000199303209445866,1
1.388,-0.833809917345988,-1.56461548150042,-1.76611793541396,-2.95519945333982,-0.833810119753053,0.000198968422051769,1
1.39,-0.833900501974637,-1.56462353037832,-1.76818047307324,-2.95312864091854,-0.833900704039786,0.000198632314620384,1
1.392,-0.833991453891909,-1.5646340240202,-1.77024054786454,-2.95105784574528,-0.833991655613812,0.00019829489987475,1
1.394,-0.83408276992699,-1.56464697588728,-1.77229816029238,-2.94898705386295,-0.83408297130433,0.000197956190230631,1
1.396,-0.83417444698786,-1.5646623992078,-1.77435331097445,-2.94691625143401,-0.834174648019332,0.000197616197806048,1
1.398,-0.834266482058871,-1.56468030698542,-1.77640600063596,-2.94484542473779,-0.834266682743181,0.000197274934430413,1
1.4,-0.834358872198422,-1.5647007120073,-1.77845623010423,-2.94277456016786,-0.83435907253429,0.000196932411653317,1
1.402,-0.834451614536733,-1.5647236268518,-1.78050400030348,-2.94070364422947,-0.834451814522889,0.000196588640752938,1
1.404,-0.834544706273695,-1.56474906389589,-1.78254931224996,-2.93863266353706,-0.83454490590888,0.000196243632744177,1
1.406,-0.834638144676811,-1.56477703532231,-1.78459216704719,-2.93656160481186,-0.834638343959778,0.000195897398386425,1
1.408,-0.834731927079216,-1.56480755312635,-1.78663256588149,-2.93449045487957,-0.834732126008728,0.000195549948191058,1
1.41,-0.834826050877769,-1.56484062912247,-1.78867051001766,-2.93241920066808,-0.8348262494526,0.000195201292428642,1
1.412,-0.834920513531218,-1.56487627495057,-1.79070600079493,-2.93034782920528,-0.834920711750152,0.000194851441135879,1
1.414,-0.83501531255844,-1.56491450208205,-1.79273903962298,-2.92827632761691,-0.83501551042027,0.00019450040412226,1
1.416,-0.835110445536811,-1.56495532203807,-1.7947696271616,-2.92620468465394,-0.83511064304121,0.000194149047064451,1
1.418,-0.835205910100154,-1.56499874554291,-1.79679776658554,-2.92413288457337,-0.835206107245065,0.000193795667042,1
1.42,-0.835301703938095,-1.56504478381316,-1.79882345867421,-2.92206091631089,-0.835301900722342,0.000193441129426211,1
1.422,-0.835397824793518,-1.56509344770092,-1.80084670508456,-2.91998876736372,-0.835398021215932,0.00019308544318017,1
1.424,-0.835494270461661,-1.56514474791832,-1.80286750752555,-2.91791642531691,-0.835494466521082,0.000192728617069164,1
1.426,-0.835591038788583,-1.5651986950408,-1.80488586775643,-2.91584387784176,-0.835591234483859,0.000192370659666493,1
1.428,-0.835688127669803,-1.56525529951178,-1.80690178758384,-2.91377111269411,-0.835688322999793,0.000192011579358603,1
1.43,-0.83578553504899,-1.56531457164708,-1.80891526885909,-2.91169811771256,-0.835785730012561,0.000191651384350065,1
1.432,-0.835883258916695,-1.56537652163924,-1.81092631347546,-2.90962488081691,-0.83588345351272,0.000191290082668365,1
1.434,-0.835981297309126,-1.56544115956167,-1.81293492336573,-2.90755139000652,-0.835981491536487,0.000190927682168543,1
1.436,-0.83607964830697,-1.56550849537259,-1.81494110049972,-2.90547763335872,-0.836079842164558,0.000190564190537659,1
1.438,-0.836178310034255,-1.56557853891893,-1.81694484688197,-2.90340359902735,-0.836178503520966,0.000190199615299107,1
1.44,-0.836277280657245,-1.56565129994,-1.81894616454951,-2.90132927524123,-0.836277473771985,0.000189833963816793,1
1.442,-0.836376558383379,-1.56572678807108,-1.82094505556975,-2.89925465030277,-0.836376751125061,0.000189467243299162,1
1.444,-0.836476141460244,-1.56580501284686,-1.82294152203839,-2.89717971258653,-0.836476333827788,0.00018909946080309,1
1.446,-0.836576028174582,-1.56588598370478,-1.82493556607749,-2.89510445053789,-0.836576220166914,0.000188730623237657,1
1.448,-0.836676216851324,-1.56596970998824,-1.82692718983356,-2.89302885267173,-0.836676408467377,0.000188360737367792,1
1.45,-0.836776705852672,-1.56605620094967,-1.82891639547576,-2.89095290757111,-0.836776897091387,0.00018798980981777,1
1.452,-0.836877493577186,-1.56614546575355,-1.83090318519418,-2.88887660388606,-0.836877684437511,0.000187617847074662,1
1.454,-0.836978578458931,-1.56623751347931,-1.83288756119813,-2.88679993033234,-0.836978768939818,0.000187244855491593,1
1.456,-0.837079958966623,-1.56633235312409,-1.83486952571459,-2.88472287569023,-0.837080149067032,0.000186870841290952,1
1.458,-0.837181633602821,-1.56642999360543,-1.83684908098662,-2.88264542880345,-0.837181823321717,0.000186495810567489,1
1.46,-0.837283600903138,-1.5665304437639,-1.83882622927196,-2.88056757857793,-0.837283790239495,0.000186119769291286,1
1.462,-0.837385859435477,-1.56663371236559,-1.84080097284154,-2.8784893139808,-0.837386048388272,0.00018574272331067,1
1.464,-0.837488407799297,-1.56673980810455,-1.84277331397814,-2.87641062403929,-0.837488596367513,0.000185364678355012,1
1.466,-0.837591244624886,-1.56684873960514,-1.84474325497512,-2.8743314978397,-0.837591432807513,0.000184985640037454,1
1.468,-0.837694368572678,-1.56696051542428,-1.8467107981351,-2.87225192452638,-0.837694556368712,0.000184605613857539,1
1.47,-0.837797778332579,-1.56707514405368,-1.84867594576881,-2.87017189330075,-0.837797965741019,0.000184224605203758,1
1.472,-0.83790147262331,-1.56719263392189,-1.85063870019392,-2.86809139342034,-0.837901659643162,0.000183842619356048,1
1.474,-0.83800545019178,-1.56731299339644,-1.85259906373387,-2.86601041419788,-0.838005636822056,0.000183459661488166,1
1.476,-0.838109709812473,-1.56743623078576,-1.85455703871689,-2.86392894500035,-0.838109896052189,0.000183075736670039,1
1.478,-0.838214250286854,-1.5675623543411,-1.8565126274749,-2.86184697524812,-0.838214436135033,0.000182690849870012,1
1.48,-0.838319070442794,-1.56769137225841,-1.85846583234256,-2.85976449441407,-0.83831925589846,0.000182305005957042,1
1.482,-0.838424169134006,-1.56782329268012,-1.86041665565628,-2.85768149202278,-0.838424354196192,0.000181918209702828,1
1.484,-0.838529545239511,-1.56795812369685,-1.86236509975337,-2.8555979576497,-0.838529729907252,0.000181530465783872,1
1.486,-0.838635197663105,-1.56809587334916,-1.86431116697107,-2.8535138809203,-0.838635381935442,0.000181141778783474,1
1.488,-0.838741125332853,-1.56823654962907,-1.8662548596458,-2.85142925150939,-0.83874130920883,0.000180752153193695,1
1.49,-0.838847327200588,-1.56838016048171,-1.86819618011227,-2.84934405914028,-0.838847510679256,0.000180361593417233,1
1.492,-0.838953802241434,-1.56852671380681,-1.87013513070277,-2.8472582935841,-0.838953985321847,0.000179970103769261,1
1.494,-0.83906054945334,-1.56867621746018,-1.87207171374634,-2.84517194465903,-0.839060732134555,0.000179577688479202,1
1.496,-0.839167567856619,-1.56882867925512,-1.87400593156811,-2.84308500222965,-0.8391677501377,0.000179184351692471,1
1.498,-0.839274856493514,-1.56898410696379,-1.8759377864886,-2.84099745620621,-0.839275038373527,0.000178790097472153,1
1.5,-0.839382414427765,-1.56914250831858,-1.877867280823,-2.83890929654403,-0.839382595905782,0.000178394929800632,1
1.502,-0.839490240744198,-1.56930389101336,-1.8797944168806,-2.83682051324279,-0.839490421819292,0.000177998852581183,1
1.504,-0.839598334548312,-1.56946826270475,-1.88171919696412,-2.83473109634592,-0.839598515219563,0.000177601869639521,1
1.506,-0.839706694965896,-1.5696356310133,-1.88364162336914,-2.83264103594003,-0.839706875232386,0.000177203984725291,1
1.508,-0.839815321142639,-1.5698060035247,-1.88556169838351,-2.83055032215425,-0.839815501003454,0.000176805201513538,1
1.51,-0.839924212243761,-1.56997938779088,-1.88747942428684,-2.82845894515969,-0.839924391697991,0.000176405523606122,1
1.512,-0.840033367453654,-1.57015579133111,-1.88939480334994,-2.82636689516885,-0.840033546500392,0.000176004954533101,1
1.514,-0.840142785975529,-1.57033522163307,-1.8913078378343,-2.82427416243508,-0.840142964613872,0.000175603497754069,1
1.516,-0.84025246703107,-1.57051768615384,-1.89321852999165,-2.82218073725207,-0.84025264526012,0.00017520115665947,1
1.518,-0.840362409860112,-1.57070319232096,-1.89512688206346,-2.82008660995326,-0.840362587678971,0.000174797934571862,1
1.52,-0.840472613720308,-1.5708917475333,-1.8970328962805,-2.8179917709114,-0.840472791128083,0.00017439383474716,1
1.522,-0.840583077886818,-1.57108335916206,-1.89893657486237,-2.81589621053802,-0.840583254882621,0.000173988860375835,1
1.524,-0.840693801652006,-1.57127803455163,-1.90083792001718,-2.81379991928298,-0.840693978234949,0.000173583014584094,1
1.526,-0.840804784325139,-1.57147578102049,-1.90273693394103,-2.81170288763394,-0.840804960494339,0.000173176300435007,1
1.528,-0.840916025232096,-1.57167660586198,-1.90463361881772,-2.80960510611598,-0.840916200986673,0.000172768720929635,1
1.53,-0.841027523715089,-1.5718805163452,-1.90652797681834,-2.80750656529111,-0.841027699054166,0.000172360279008097,1
1.532,-0.84113927913239,-1.57208751971574,-1.90842001010093,-2.80540725575785,-0.841139454055092,0.000171950977550631,1
1.534,-0.841251290858058,-1.57229762319645,-1.91030972081012,-2.80330716815081,-0.841251465363513,0.000171540819378619,1
1.536,-0.841363558281683,-1.57251083398816,-1.91219711107684,-2.80120629314029,-0.841363732369023,0.000171129807255581,1
1.538,-0.841476080808135,-1.57272715927044,-1.91408218301797,-2.7991046214319,-0.841476254476494,0.000170717943888157,1
1.54,-0.84158885785731,-1.57294660620219,-1.91596493873608,-2.79700214376613,-0.841589031105825,0.000170305231927048,1
1.542,-0.841701888863897,-1.5731691819224,-1.91784538031911,-2.79489885091803,-0.841702061691707,0.000169891673967939,1
1.544,-0.841815173277142,-1.57339489355073,-1.91972350984009,-2.7927947336968,-0.841815345683389,0.000169477272552404,1
1.546,-0.841928710560618,-1.57362374818814,-1.92159932935692,-2.79068978294548,-0.841928882544447,0.000169062030168781,1
1.548,-0.842042500192004,-1.57385575291747,-1.92347284091209,-2.78858398954059,-0.842042671752562,0.000168645949253028,1
1.55,-0.842156541662873,-1.57409091480404,-1.92534404653241,-2.78647734439179,-0.842156712799309,0.000168229032189549,1
1.552,-0.842270834478477,-1.57432924089619,-1.92721294822882,-2.78436983844159,-0.842271005189942,0.000167811281312014,1
1.554,-0.84238537815754,-1.5745707382258,-1.92907954799617,-2.78226146266501,-0.842385548443189,0.000167392698904153,1
1.556,-0.842500172232065,-1.57481541380884,-1.93094384781298,-2.78015220806929,-0.842500342091055,0.000166973287200515,1
1.558,-0.842615216247135,-1.57506327464579,-1.93280584964123,-2.7780420656936,-0.842615385678623,0.000166553048387232,1
1.56,-0.842730509760722,-1.57531432772219,-1.93466555542623,-2.77593102660877,-0.84273067876387,0.000166131984602749,1
1.562,-0.842846052343506,-1.5755685800091,-1.93652296709635,-2.77381908191698,-0.842846220917476,0.000165710097938535,1
1.564,-0.842961843578692,-1.57582603846346,-1.93837808656291,-2.77170622275155,-0.84296201172265,0.000165287390439786,1
1.566,-0.843077883061836,-1.57608671002859,-1.94023091571998,-2.76959244027664,-0.843078050774948,0.000164863864106103,1
1.568,-0.843194170400673,-1.57635060163458,-1.94208145644424,-2.76747772568704,-0.843194337682109,0.000164439520892156,1
1.57,-0.84331070521495,-1.57661772019864,-1.94392971059479,-2.7653620702079,-0.843310872063881,0.000164014362708326,1
1.572,-0.843427487136266,-1.57688807262552,-1.94577568001304,-2.76324546509452,-0.843427653551864,0.000163588391421344,1
1.574,-0.84354451580791,-1.57716166580785,-1.94761936652257,-2.76112790163214,-0.84354468178935,0.000163161608854902,1
1.576,-0.843661790884708,-1.57743850662649,-1.94946077192899,-2.7590093711357,-0.843661956431167,0.000162734016790256,1
1.578,-0.843779312032876,-1.57771860195083,-1.95129989801982,-2.75688986494967,-0.843779477143532,0.0001623056169668,1
1.58,-0.843897078929868,-1.57800195863914,-1.95313674656436,-2.75476937444784,-0.8438972436039,0.00016187641108266,1
1.582,-0.844015091264235,-1.57828858353885,-1.95497131931358,-2.75264789103311,-0.844015255500826,0.000161446400795224,1
1.584,-0.844133348735487,-1.57857848348682,-1.95680361800007,-2.75052540613736,-0.844133512533821,0.000161015587721713,1
1.586,-0.844251851053958,-1.57887166530966,-1.95863364433784,-2.74840191122122,-0.844252014413219,0.000160583973439684,1
1.588,-0.844370597940671,-1.57916813582392,-1.96046140002232,-2.74627739777397,-0.844370760860045,0.000160151559487573,1
1.59,-0.844489589127208,-1.57946790183639,-1.96228688673022,-2.74415185731332,-0.844489751605883,0.000159718347365183,1
1.592,-0.844608824355589,-1.57977097014429,-1.96411010611948,-2.74202528138532,-0.844608986392755,0.000159284338534183,1
1.594,-0.844728303378146,-1.58007734753552,-1.96593105982916,-2.73989766156417,-0.844728464972994,0.000158849534418586,1
1.596,-0.844848025957405,-1.58038704078886,-1.9677497494794,-2.73776898945211,-0.844848187109128,0.000158413936405222,1
1.598,-0.844967991865968,-1.58070005667414,-1.96956617667132,-2.7356392566793,-0.844968152573759,0.000157977545844193,1
1.6,-0.845088200886402,-1.58101640195243,-1.97138034298701,-2.73350845490367,-0.845088361149457,0.000157540364049315,1
1.602,-0.845208652811127,-1.58133608337625,-1.97319224998941,-2.73137657581084,-0.845208812628641,0.000157102392298562,1
1.604,-0.845329347442307,-1.58165910768966,-1.97500189922233,-2.729243611114,-0.845329506813478,0.000156663631834492,1
1.606,-0.845450284591748,-1.58198548162847,-1.97680929221031,-2.72710955255382,-0.845450443515776,0.000156224083864645,1
1.608,-0.845571464080794,-1.58231521192032,-1.97861443045869,-2.72497439189833,-0.845571622556878,0.00015578374956197,1
1.61,-0.845692885740228,-1.58264830528484,-1.98041731545346,-2.72283812094288,-0.845693043767569,0.000155342630065201,1
1.612,-0.845814549410174,-1.58298476843377,-1.98221794866132,-2.72070073151,-0.845814706987975,0.000154900726479256,1
1.614,-0.845936454940003,-1.58332460807102,-1.98401633152958,-2.71856221544941,-0.845936612067468,0.000154458039875604,1
1.616,-0.846058602188242,-1.5836678308928,-1.98581246548616,-2.71642256463788,-0.846058758864575,0.000154014571292637,1
1.618,-0.846180991022484,-1.5840144435877,-1.98760635193957,-2.71428177097921,-0.84618114724689,0.000153570321736018,1
1.62,-0.846303621319297,-1.58436445283673,-1.98939799227891,-2.71213982640417,-0.846303777090983,0.000153125292179045,1
1.622,-0.846426492964585,-1.58471786568118,-1.99118738428743,-2.70999673048413,-0.846426648286842,0.000152683528583186,1
1.624,-0.846549605851177,-1.58507468803604,-1.99297453649639,-2.70785245998307,-0.846549760719128,0.000152236941097148,1
1.626,-0.846672959883647,-1.58543492695158,-1.99475944663636,-2.70570701451651,-0.846673114296502,0.000151789576336442,1
1.628,-0.846796554973084,-1.58579858907079,-1.99654211602401,-2.70356038612556,-0.846796708930053,0.000151341435150242,1
1.63,-0.846920391039718,-1.58616568103763,-1.99832254595112,-2.70141256687526,-0.846920544540011,0.000150892518354916,1
1.632,-0.847044468012278,-1.58653620948869,-2.00010073769,-2.69926354885747,-0.847044621055108,0.00015044282673637,1
1.634,-0.847168785827923,-1.58691018105323,-2.00187669249346,-2.69711332419083,-0.847168938412503,0.000149992361050355,1
1.636,-0.847293344432172,-1.58728760235319,-2.0036504115949,-2.69496188502073,-0.847293496557714,0.000149541122022737,1
1.638,-0.847418143778873,-1.58766848003312,-2.00542189586292,-2.69280922426031,-0.847418295444989,0.000149089501872354,1
1.64,-0.847543183829918,-1.58805282063865,-2.00719114718345,-2.69065533262739,-0.847543335035425,0.000148636718150214,1
1.642,-0.847668464555648,-1.58844063080191,-2.00895816638494,-2.68850020308775,-0.847668615299762,0.000148183163087241,1
1.644,-0.847793985934295,-1.58883191711438,-2.01072295462359,-2.68634382789432,-0.847794136216231,0.000147728837292705,1
1.646,-0.847919747952181,-1.58922668616085,-2.01248551303572,-2.6841861993266,-0.847919897771155,0.000147273741347112,1
1.648,-0.848045750603602,-1.58962494451853,-2.01424584273831,-2.682027309691,-0.848045899958832,0.000146817875802665,1
1.65,-0.848171993890776,-1.590026698757,-2.01600394482901,-2.67986715132088,-0.848172142781481,0.000146361241183483,1
1.652,-0.848298477823782,-1.59043195543811,-2.01775982038618,-2.67770571657659,-0.848298626249179,0.000145903837985847,1
1.654,-0.848425202420508,-1.59084072111591,-2.01951347046894,-2.67554299784549,-0.848425350379815,0.000145445666678419,1
1.656,-0.848552167706599,-1.59125300233656,-2.02126489611719,-2.67337898754205,-0.848552315199035,0.000144986727702455,1
1.658,-0.848679373715405,-1.5916688056382,-2.02301409835163,-2.67121367810794,-0.84867952074019,0.000144527021472029,1
1.66,-0.848806820487932,-1.59208813755087,-2.02476107817387,-2.669047062012,-0.848806967044286,0.00014406654837424,1
1.662,-0.848934508072795,-1.59251100459636,-2.02650583656638,-2.66687913175045,-0.848934654159938,0.000143605308769403,1
1.664,-0.849062436526171,-1.5929374132881,-2.0282483744926,-2.66470987984684,-0.849062582143324,0.000143143302991254,1
1.666,-0.849190605911753,-1.59336737013105,-2.02998869289699,-2.66253929885224,-0.849190751058137,0.000142680531347142,1
1.668,-0.849319016300711,-1.59380088162148,-2.03172679270504,-2.66036738134528,-0.849319160975547,0.000142216994118213,1
1.67,-0.849447667771644,-1.5942379542469,-2.03346267482336,-2.65819411993227,-0.849447811974153,0.000141752691559583,1
1.672,-0.849576560410545,-1.59467859448583,-2.0351963401397,-2.65601950724729,-0.849576704139949,0.000141287623900523,1
1.674,-0.849705694310759,-1.59512280880769,-2.03692778952306,-2.65384353595232,-0.84970583756628,0.000140821791344622,1
1.676,-0.849835069572945,-1.59557060367258,-2.0386570238237,-2.65166619873735,-0.849835212353805,0.000140355194069956,1
1.678,-0.849964686305042,-1.59602198553111,-2.04038404387323,-2.64948748832049,-0.849964828610463,0.000139887832229249,1
1.68,-0.850094544622232,-1.59647696082421,-2.04210885048467,-2.64730739744813,-0.850094686451436,0.000139419705950023,1
1.682,-0.850224644646906,-1.59693553598293,-2.04383144445249,-2.64512591889504,-0.850224785999117,0.000138950815334753,1
1.684,-0.850354986508635,-1.59739771742821,-2.04555182655273,-2.64294304546454,-0.850355127383075,0.000138481160461007,1
1.686,-0.850485570344134,-1.59786351157069,-2.04726999754304,-2.64075876998862,-0.850485710740025,0.000138010741381592,1
1.688,-0.850616396297236,-1.59833292481046,-2.04898595816274,-2.63857308532811,-0.8506165362138,0.000137539558124693,1
1.69,-0.85074746451886,-1.59880596353685,-2.05069970913293,-2.63638598437285,-0.850747603955321,0.000137067610693996,1
1.692,-0.850878775166987,-1.59928263412817,-2.05241125115653,-2.63419746004181,-0.850878914122567,0.000136594899068825,1
1.694,-0.851010328406631,-1.59976294295147,-2.0541205849184,-2.63200750528331,-0.851010466880552,0.000136121423204259,1
1.696,-0.851142124409815,-1.60024689636228,-2.05582771108539,-2.62981611307517,-0.851142262401301,0.000135647183031252,1
1.698,-0.851274163355548,-1.60073450070433,-2.05753263030643,-2.6276232764249,-0.851274300863821,0.000135172178456754,1
1.7,-0.851406445429802,-1.60122576230931,-2.05923534321262,-2.62542898836988,-0.851406582454083,0.00013469640936381,1
1.702,-0.851538970825486,-1.60172068749657,-2.06093585041733,-2.62323324197756,-0.851539107364998,0.000134219875611679,1
1.704,-0.851671739742432,-1.6022192825728,-2.06263415251626,-2.62103603034564,-0.851671875796397,0.000133742577035931,1
1.706,-0.851804752387374,-1.6027215538318,-2.06433025008757,-2.61883734660234,-0.851804887955014,0.000133264513448537,1
1.708,-0.851938008973926,-1.60322750755411,-2.06602414369194,-2.61663718390652,-0.851938144054462,0.000132785684637982,1
1.71,-0.852071509722569,-1.60373715000672,-2.06771583387266,-2.61443553544797,-0.852071644315223,0.000132306090369336,1
1.712,-0.852205254860631,-1.60425048744277,-2.0694053211558,-2.6122323944476,-0.852205388964624,0.000131825730384364,1
1.714,-0.852339244622277,-1.60476752610119,-2.07109260605019,-2.61002775415767,-0.852339378236828,0.000131344604401585,1
1.716,-0.85247347924849,-1.60528827220638,-2.07277768904764,-2.60782160786206,-0.852473612372822,0.00013086271211636,1
1.718,-0.852607958987062,-1.60581273196783,-2.07446057062297,-2.60561394887646,-0.852608091620393,0.00013038005320098,1
1.72,-0.852742684092577,-1.60634091157984,-2.07614125123414,-2.60340477054866,-0.852742816234129,0.000129896627304721,1
1.722,-0.852877654826407,-1.60687281722106,-2.07781973132237,-2.60119406625876,-0.852877786475398,0.000129412434053921,1
1.724,-0.853012871456696,-1.60740845505419,-2.07949601131222,-2.59898182941951,-0.853013002612345,0.000128927473052044,1
1.726,-0.853148334258354,-1.6079478312256,-2.08117009161172,-2.59676805347649,-0.853148464919879,0.00012844174387974,1
1.728,-0.853284043513048,-1.60849095186488,-2.08284197261251,-2.59455273190842,-0.853284173679668,0.0001279552460949,1
1.73,-0.853419999509196,-1.60903782308453,-2.08451165468988,-2.59233585822747,-0.853420129180129,0.00012746797923272,1
1.732,-0.853556202541961,-1.60958845097949,-2.08617913820299,-2.59011742597947,-0.853556331716424,0.000126979942805743,1
1.734,-0.853692652913245,-1.61014284162673,-2.08784442349491,-2.58789742874428,-0.853692781590454,0.000126491136303905,1
1.736,-0.853829350931684,-1.6107010010849,-2.08950751089277,-2.58567586013605,-0.853829479110855,0.000126001559194592,1
1.738,-0.853966296912649,-1.6112629353938,-2.09116840070789,-2.58345271380354,-0.853966424592998,0.000125511210922665,1
1.74,-0.85410349117824,-1.61182865057403,-2.09282709323592,-2.58122798343039,-0.854103618358982,0.00012502009091051,1
1.742,-0.854240934057285,-1.61239815262648,-2.09448358875691,-2.5790016627355,-0.854241060737634,0.000124528198558067,1
1.744,-0.854378625885342,-1.61297144753191,-2.09613788753552,-2.57677374547333,-0.854378752064511,0.000124035533242857,1
1.746,-0.854516567004697,-1.61354854125046,-2.09778998982109,-2.57454422543419,-0.854516692681901,0.000123542094320021,1
1.748,-0.854654757764369,-1.61412943972122,-2.09943989584782,-2.57231309644467,-0.854654882938819,0.000123047881122332,1
1.75,-0.854793198520109,-1.61471414886169,-2.10108760583487,-2.57008035236787,-0.854793323191017,0.000122552892960229,1
1.752,-0.854931889634405,-1.61530267456734,-2.10273311998653,-2.56784598710385,-0.854932013800981,0.000122057129121822,1
1.754,-0.855070831476486,-1.61589502271107,-2.10437643849233,-2.56560999458994,-0.855070955137941,0.000121560588872917,1
1.756,-0.855210024422327,-1.61649119914275,-2.10601756152722,-2.5633723688011,-0.855210147577871,0.000121063271457029,1
1.758,-0.855349468854656,-1.61709120968864,-2.1076564892517,-2.56113310375032,-0.855349591503497,0.000120565176095386,1
1.76,-0.855489165162961,-1.61769506015093,-2.10929322181195,-2.55889219348898,-0.855489287304307,0.000120066301986931,1
1.762,-0.855629113743496,-1.61830275630712,-2.11092775934002,-2.55664963210724,-0.855629235376553,0.000119566648308338,1
1.764,-0.855769314999293,-1.61891430390959,-2.11256010195393,-2.55440541373443,-0.855769436123268,0.000119066214213993,1
1.766,-0.855909769340166,-1.6195297086849,-2.11419024975788,-2.55215953253945,-0.855909889954265,0.00011856499883602,1
1.768,-0.856050477182731,-1.62014897633338,-2.11581820284239,-2.54991198273118,-0.856050597286157,0.000118063001284242,1
1.77,-0.856191438950408,-1.62077211252842,-2.11744396128442,-2.5476627585589,-0.856191558542365,0.000117560220646191,1
1.772,-0.856332655073437,-1.62139912291597,-2.11906752514761,-2.54541185431271,-0.856332774153127,0.000117056655987091,1
1.774,-0.856474125988894,-1.62203001311393,-2.12068889448237,-2.54315926432392,-0.856474244555519,0.000116552306349847,1
1.776,-0.856615852140701,-1.62266478871152,-2.1223080693261,-2.54090498296557,-0.856615970193461,0.000116047170755022,1
1.778,-0.856757833979641,-1.62330345526869,-2.1239250497033,-2.53864900465279,-0.856757951517736,0.000115541248200817,1
1.78,-0.856900071963379,-1.62394601831549,-2.12553983562582,-2.53639132384329,-0.856900188986007,0.000115034537663047,1
1.782,-0.857042566556472,-1.62459248335144,-2.12715242709299,-2.53413193503783,-0.85704268306283,0.000114527038095114,1
1.784,-0.857185318230391,-1.62524285584489,-2.12876282409178,-2.53187083278065,-0.857185434219677,0.000114018748427982,1
1.786,-0.857328327463539,-1.62589714123234,-2.13037102659703,-2.52960801165998,-0.857328442934946,0.000113509667570135,1
1.788,-0.857471594741268,-1.62655534491781,-2.13197703457157,-2.52734346630849,-0.857471709693991,0.000112999794407551,1
1.79,-0.857615120555902,-1.62721747227214,-2.13358084796649,-2.52507719140383,-0.857615234989134,0.000112489127803656,1
1.792,-0.857758905406755,-1.62788352863232,-2.13518246672123,-2.52280918166905,-0.857759019319688,0.000111977666599287,1
1.794,-0.857902949800159,-1.62855351930079,-2.13678189076385,-2.52053943187318,-0.857903063191982,0.000111465409612645,1
1.796,-0.858047254249479,-1.62922744954472,-2.13837912001117,-2.51826793683171,-0.858047367119382,0.000110952355639248,1
1.798,-0.858191819275142,-1.6299053245953,-2.139974154369,-2.51599469140713,-0.858191931622314,0.000110438503451887,1
1.8,-0.858336645404661,-1.63058714964703,-2.14156699373232,-2.51371969050941,-0.858336757228288,0.000109923851800559,1
1.802,-0.858481733173277,-1.6312729294318,-2.14315763413581,-2.51144293843022,-0.858481844477219,0.000109413030376195,1
1.804,-0.858627083120877,-1.63196266989607,-2.14474608316272,-2.50916441152111,-0.858627193899642,0.000108896774986272,1
1.806,-0.858772695798284,-1.63265637572877,-2.14633233681075,-2.50688411415425,-0.858772806051053,0.000108379716241309,1
1.808,-0.858918571760975,-1.63335405195848,-2.14791639494006,-2.50460204144036,-0.858918681486931,0.000107861852801851,1
1.81,-0.85906471157229,-1.63405570358479,-2.14949825739459,-2.50231818853527,-0.859064820770613,0.000107343183303063,1
1.812,-0.859211115802824,-1.63476133556598,-2.15107792400875,-2.50003255064568,-0.859211224472692,0.000106823706356952,1
1.814,-0.85935778503045,-1.63547095281821,-2.15265539460755,-2.4977451230298,-0.859357893171041,0.000106303420552283,1
1.816,-0.859504719840361,-1.63618456021466,-2.1542306690069,-2.49545590099787,-0.85950482745085,0.000105782324454506,1
1.818,-0.859651920825096,-1.63690216258473,-2.15580374701381,-2.49316487991284,-0.859652027904657,0.00010526041660567,1
1.82,-0.859799388584572,-1.6376237647132,-2.15737462842661,-2.49087205519094,-0.859799495132379,0.000104737695524354,1
1.822,-0.859947123726128,-1.63834937133929,-2.15894331303519,-2.48857742230233,-0.859947229741351,0.000104214159705569,1
1.824,-0.860095126864549,-1.63907898715592,-2.16050980062124,-2.48628097677174,-0.860095232346358,0.000103689807620672,1
1.826,-0.860243398622113,-1.6398126168087,-2.16207409095849,-2.48398271417909,-0.860243503569676,0.000103164637717279,1
1.828,-0.860391939628621,-1.64055026489512,-2.16363618381292,-2.48168263016019,-0.860392044041104,0.000102638648419164,1
1.83,-0.860540750521436,-1.64129193596357,-2.16519607894307,-2.47938072040737,-0.860540854398005,0.000102111838126174,1
1.832,-0.860689831945528,-1.64203763451246,-2.16675377610023,-2.47707698067015,-0.860689935285345,0.000101584205214113,1
1.834,-0.860839184553508,-1.64278736498928,-2.16830927502872,-2.47477140675597,-0.860839287355736,0.000101055748034643,1
1.836,-0.860988809005673,-1.64354113178962,-2.16986257546613,-2.47246399453085,-0.860988911269471,0.000100526464915189,1
1.838,-0.861138705970047,-1.64429893925623,-2.17141367714361,-2.47015473992009,-0.861138807694573,9.99963541588084e-05,1
1.84,-0.861288876122423,-1.64506079167802,-2.17296257978611,-2.46784363890903,-0.861288977306833,9.94654140440981e-05,1
1.842,-0.861439320146408,-1.64582669328909,-2.17450928311264,-2.46553068754371,-0.861439420789857,9.89336428250672e-05,1
1.844,-0.861590038733471,-1.64659664826769,-2.17605378683656,-2.46321588193167,-0.861590138835111,9.840103873102e-05,1
1.846,-0.86174103258319,-1.647370660523,-2.17759608947092,-2.4608992212507,-0.861741132143658,9.7869063524482e-05,1
1.848,-0.86189230240228,-1.64814873453537,-2.17913619311168,-2.45858069572168,-0.861892401419238,9.73347879505306e-05,1
1.85,-0.862043848906675,-1.6489308741086,-2.18067409625668,-2.45626030464314,-0.862043947379271,9.67996740388017e-05,1
1.852,-0.86219567281955,-1.64971708318336,-2.18220979860151,-2.45393804437792,-0.86219577074693,9.62637199192416e-05,1
1.854,-0.862347774872386,-1.65050736564312,-2.18374329983544,-2.45161391135236,-0.862347872253692,9.57269236957319e-05,1
1.856,-0.86250015580481,-1.65130172530911,-2.18527459964381,-2.44928790205895,-0.862500252639185,9.51892834466727e-05,1
1.858,-0.862652816364658,-1.65210016593927,-2.18680369770833,-2.44696001305711,-0.86265291265124,9.46507972248382e-05,1
1.86,-0.862805757308021,-1.65290269122709,-2.18833059370731,-2.44463024097405,-0.862805853045948,9.41114630572257e-05,1
1.862,-0.862958979399303,-1.65370930480046,-2.18985528731607,-2.44229858250559,-0.86295907458771,9.35712789449124e-05,1
1.864,-0.863112483411276,-1.65452001022053,-2.1913777782072,-2.43996503441701,-0.863112578049297,9.30302428629031e-05,1
1.866,-0.863266270125136,-1.6553348109805,-2.19289806605086,-2.43762959354392,-0.863266364211902,9.24883527599762e-05,1
1.868,-0.863420340330563,-1.65615371050443,-2.19441615051515,-2.43529225679313,-0.863420433865203,9.19456065585221e-05,1
1.87,-0.863574694825774,-1.65697671214607,-2.1959320312664,-2.43295302114354,-0.863574787807415,9.14020021543823e-05,1
1.872,-0.863729334417592,-1.65780381918754,-2.19744570796951,-2.43061188364706,-0.863729426845359,9.08575374166868e-05,1
1.874,-0.863884259921499,-1.65863503483815,-2.19895718028829,-2.42826884142949,-0.863884351794514,9.03122101876774e-05,1
1.876,-0.864039472161704,-1.65947036223311,-2.20046644788579,-2.42592389169149,-0.864039563479088,8.97660182825403e-05,1
1.878,-0.864194971971201,-1.66030980443226,-2.20197351042465,-2.42357703170947,-0.864195062732073,8.92189594892371e-05,1
1.88,-0.864350760191842,-1.66115336441874,-2.20347836756746,-2.42122825883659,-0.864350850395316,8.86710315683098e-05,1
1.882,-0.864506837674392,-1.66200104509767,-2.2049810189771,-2.4188775705037,-0.864506927319582,8.81222322527061e-05,1
1.884,-0.864663205278605,-1.66285284929483,-2.2064814643171,-2.41652496422034,-0.864663294364623,8.75725592475941e-05,1
1.886,-0.864819863873289,-1.66370877975527,-2.20797970325204,-2.41417043757572,-0.864819952399244,8.70220102301611e-05,1
1.888,-0.864976814336375,-1.66456883914195,-2.20947573544784,-2.41181398823976,-0.864976902301373,8.64705828494342e-05,1
1.89,-0.865134057554988,-1.66543303003433,-2.21096956057224,-2.40945561396406,-0.865134144958133,8.59182747260656e-05,1
1.892,-0.865291594425519,-1.66630135492696,-2.2124611782951,-2.407095312583,-0.865291681265913,8.5365083452143e-05,1
1.894,-0.865449425853702,-1.66717381622802,-2.21395058828881,-2.40473308201477,-0.865449512130443,8.48110065909715e-05,1
1.896,-0.865607552754681,-1.66805041625787,-2.21543779022872,-2.40236892026241,-0.865607638466867,8.42560416768744e-05,1
1.898,-0.865765976053092,-1.66893115724755,-2.21692278379345,-2.40000282541497,-0.865766061199817,8.37001862149722e-05,1
1.9,-0.865924696683139,-1.66981604133731,-2.21840556866542,-2.39763479564853,-0.865924781263493,8.31434376809688e-05,1
1.902,-0.866083715588672,-1.67070507057503,-2.21988614453114,-2.39526482922738,-0.866083799601745,8.25857935209162e-05,1
1.904,-0.866243033723265,-1.67159824691472,-2.22136451108168,-2.3928929245051,-0.866243117168143,8.20272511510104e-05,1
1.906,-0.866402652050302,-1.67249557221493,-2.2228406680131,-2.39051907992576,-0.866402734926069,8.14678079573382e-05,1
1.908,-0.866562571543056,-1.67339704823714,-2.22431461502685,-2.38814329402506,-0.866562653848792,8.09074612956511e-05,1
1.91,-0.866722793184772,-1.67430267664416,-2.22578635183024,-2.38576556543153,-0.866722874919557,8.03462084911357e-05,1
1.912,-0.866883317968759,-1.6752124589985,-2.22725587813682,-2.38338589286769,-0.866883399131667,7.97840468381513e-05,1
1.914,-0.867044146898468,-1.67612639676065,-2.22872319366691,-2.38100427515135,-0.867044227488573,7.92209735999923e-05,1
1.916,-0.86720528098759,-1.67704449128746,-2.23018829814797,-2.37862071119674,-0.86720536100396,7.86569860086358e-05,1
1.918,-0.867366721260136,-1.67796674383039,-2.23165119131512,-2.37623520001587,-0.86736680070184,7.8092081264486e-05,1
1.92,-0.867528468750538,-1.67889315553373,-2.23311187291157,-2.37384774071973,-0.867528547616639,7.75262565361046e-05,1
1.922,-0.867690524503735,-1.67982372743294,-2.23457034268913,-2.37145833251962,-0.867690602793294,7.69595089599481e-05,1
1.924,-0.867852889575272,-1.68075846045275,-2.23602660040863,-2.36906697472844,-0.867852967287347,7.63918356401026e-05,1
1.926,-0.868015565031391,-1.68169735540537,-2.23748064584047,-2.36667366676206,-0.868015642165039,7.58232336480004e-05,1
1.928,-0.868178551949137,-1.6826404129887,-2.2389324787651,-2.36427840814061,-0.868178628503409,7.52537000221416e-05,1
1.93,-0.868341851416448,-1.68358763378439,-2.24038209897348,-2.36188119848991,-0.868341927390394,7.46832317678112e-05,1
1.932,-0.868505464532263,-1.68453901825596,-2.24182950626764,-2.35948203754283,-0.868505539924928,7.41118258567856e-05,1
1.934,-0.868669392406622,-1.68549456674689,-2.24327470046118,-2.35708092514071,-0.868669467217049,7.35394792270349e-05,1
1.936,-0.868833636160768,-1.68645427947863,-2.24471768137977,-2.35467786123479,-0.868833710387999,7.29661887824291e-05,1
1.938,-0.868998196927259,-1.68741815654861,-2.24615844886173,-2.3522728458877,-0.868998270570328,7.23919513924312e-05,1
1.94,-0.869163075850069,-1.68838619792828,-2.24759700275852,-2.34986587927487,-0.869163148908011,7.18167638917782e-05,1
1.942,-0.869328274084703,-1.68935840346097,-2.24903334293531,-2.3474569616861,-0.869328346556548,7.12406230801741e-05,1
1.944,-0.869493792798307,-1.6903347728599,-2.25046746927156,-2.34504609352705,-0.869493864683081,7.0663525721962e-05,1
1.946,-0.869659633169777,-1.69131530570601,-2.25189938166152,-2.34263327532079,-0.869659704466505,7.00854685458017e-05,1
1.948,-0.869825796389881,-1.69230000144581,-2.25332908001489,-2.34021850770938,-0.869825867097583,6.95064482443323e-05,1
1.95,-0.86999228366137,-1.69328885938928,-2.2547565642573,-2.33780179145545,-0.869992353779063,6.8926461473843e-05,1
1.952,-0.870159096199102,-1.69428187870754,-2.256181834331,-2.33538312744384,-0.870159165725799,6.83455048539109e-05,1
1.954,-0.870326235230156,-1.69527905843073,-2.25760489019538,-2.33296251668323,-0.870326304164867,6.77635749670782e-05,1
1.956,-0.870493701993962,-1.69628039744563,-2.25902573182762,-2.33053996030783,-0.870493770335693,6.71806683584685e-05,1
1.958,-0.870661497742421,-1.69728589449342,-2.2604443592233,-2.32811545957905,-0.870661565490175,6.65967815354446e-05,1
1.96,-0.870829623740032,-1.69829554816728,-2.26186077239699,-2.32568901588726,-0.87082969089281,6.60119109672356e-05,1
1.962,-0.870998081264026,-1.69930935691003,-2.26327497138294,-2.32326063075349,-0.870998147820821,6.54260530845548e-05,1
1.964,-0.871166871604486,-1.70032731901169,-2.2646869562357,-2.3208303058313,-0.871166937564292,6.48392042792341e-05,1
1.966,-0.871335996064493,-1.70134943260703,-2.26609672703074,-2.31839804290846,-0.871336061426297,6.42513609038284e-05,1
1.968,-0.871505455960251,-1.70237569567307,-2.26750428386519,-2.31596384390891,-0.871505520723038,6.36625192712252e-05,1
1.97,-0.871675252621978,-1.70340610452275,-2.26890962323404,-2.31352772117886,-0.871675316789467,6.30773666252674e-05,1
1.972,-0.871845387390419,-1.70444065978847,-2.27031275253998,-2.3110896563682,-0.871845450956846,6.24865161123514e-05,1
1.974,-0.872015861624004,-1.70547935749803,-2.27171366830592,-2.30864966208111,-0.872015924588342,6.18946560347134e-05,1
1.976,-0.872186676692207,-1.70652219495732,-2.27311237072944,-2.30620774081201,-0.872186739053426,6.13017825447038e-05,1
1.978,-0.872357833978974,-1.70756916931565,-2.27450886002607,-2.30376389519405,-0.872357895736038,6.07078917507392e-05,1
1.98,-0.872529334882231,-1.7086202775487,-2.27590313643707,-2.30131812800815,-0.872529396034102,6.0112979719077e-05,1
1.982,-0.872701180814044,-1.70967551645573,-2.27729520023031,-2.29887044218507,-0.872701241359679,5.95170424733672e-05,1
1.984,-0.872873373200766,-1.71073488265675,-2.27868505170091,-2.29642084080754,-0.872873433139118,5.89200759942076e-05,1
1.986,-0.873045913483197,-1.71179837258962,-2.28007269117206,-2.29396932711233,-0.873045972813214,5.8322076218692e-05,1
1.988,-0.873218803116739,-1.71286598250712,-2.28145811899578,-2.29151590449247,-0.873218861837367,5.77230390399406e-05,1
1.99,-0.873392043571563,-1.71393770847398,-2.28284133555366,-2.28906057649938,-0.873392101681742,5.71229603066323e-05,1
1.992,-0.873565636332767,-1.71501354636382,-2.28422234125774,-2.28660334684519,-0.873565693831432,5.65218358225308e-05,1
1.994,-0.873739582900543,-1.71609349185608,-2.28560113655121,-2.28414421940497,-0.873739639786627,5.59196613459954e-05,1
1.996,-0.873913884790353,-1.71717754043291,-2.28697772190933,-2.28168319821904,-0.873913941062783,5.53164325894819e-05,1
1.998,-0.87408854353309,-1.71826568737593,-2.28835209784018,-2.27922028749536,-0.87408859919079,5.47121452190549e-05,1
2,-0.874263560675263,-1.71935792776305,-2.28972426488555,-2.27675549161189,-0.874263615717151,5.41067948538636e-05,1
2.002,-0.874438937779167,-1.72045425646515,-2.29109422362176,-2.27428881511904,-0.874438992204158,5.35003770656289e-05,1
2.004,-0.87461467642307,-1.72155466814269,-2.29246197466058,-2.27182026274216,-0.874614730230072,5.28928873781163e-05,1
2.006,-0.874790778201388,-1.72265915724239,-2.29382751865006,-2.2693498393841,-0.874790831389307,5.22843212666014e-05,1
2.008,-0.874967244724879,-1.72376771799366,-2.29519085627545,-2.26687755012768,-0.874967297292615,5.16746741573244e-05,1
2.01,-0.87514407762083,-1.72488034440518,-2.2965519882601,-2.26440340023843,-0.875144129567278,5.10639414269337e-05,1
2.012,-0.875321278533245,-1.72599703026121,-2.2979109153664,-2.26192739516714,-0.875321329857298,5.0452118401929e-05,1
2.014,-0.87549884912305,-1.72711776911802,-2.2992676383967,-2.25944954055268,-0.875498899823593,4.9839200358082e-05,1
2.016,-0.875676791068281,-1.72824255430013,-2.30062215819427,-2.25696984222467,-0.875676841144195,4.92251825198675e-05,1
2.018,-0.875855106064294,-1.72937137889657,-2.30197447564425,-2.25448830620634,-0.875855155514455,4.86100600598556e-05,1
2.02,-0.876033795823966,-1.73050423575699,-2.30332459167465,-2.25200493871738,-0.876033844647246,4.79938280981272e-05,1
2.022,-0.876212862077905,-1.73164111748778,-2.30467250725735,-2.24951974617688,-0.87621291027317,4.73764817016571e-05,1
2.024,-0.876392306575063,-1.73278201548035,-2.30601822163115,-2.24703274056164,-0.876392354143574,4.6760384903165e-05,1
2.026,-0.876572131081034,-1.7339269237623,-2.3073617394207,-2.24454391799687,-0.876572178019247,4.6140794012966e-05,1
2.028,-0.876752337381937,-1.73507583324159,-2.30870305994769,-2.24205329086025,-0.876752383688702,4.55200735618542e-05,1
2.03,-0.876932927281141,-1.73622873550337,-2.31004218437347,-2.23956086640252,-0.876932972955304,4.48982183991538e-05,1
2.032,-0.877113902601161,-1.73738562187646,-2.3113791139047,-2.23706665208535,-0.877113947641562,4.42752233167954e-05,1
2.034,-0.877295265183567,-1.73854648342144,-2.31271384979816,-2.23457065558855,-0.877295309589041,4.3651083049716e-05,1
2.036,-0.877477016889218,-1.73971131092619,-2.31404639336193,-2.23207288481328,-0.877477060658595,4.30257922751949e-05,1
2.038,-0.8776591595985,-1.74088009490135,-2.31537674595645,-2.22957334788552,-0.877659202730605,4.23993456121449e-05,1
2.04,-0.877841695211572,-1.74205282557573,-2.31670490899572,-2.22707205315951,-0.877841737705222,4.17717376204041e-05,1
2.042,-0.878024625648602,-1.74322949289163,-2.31803088394844,-2.22456900922129,-0.87802466750261,4.11429628000297e-05,1
2.044,-0.878207952850026,-1.74441008650007,-2.31935467233916,-2.22206422489226,-0.878207994063201,4.05130155905501e-05,1
2.046,-0.878391678776795,-1.74559459575587,-2.32067627574952,-2.21955770923289,-0.878391719347938,3.98818903702435e-05,1
2.048,-0.878575805410639,-1.7467830097128,-2.32199569581942,-2.21704947154646,-0.878575845338545,3.92495814553618e-05,1
2.05,-0.87876033475432,-1.74797531711839,-2.3233129342483,-2.21453952138283,-0.87876037403778,3.86160830993836e-05,1
2.052,-0.878945268831909,-1.74917150640889,-2.32462799279635,-2.21202786854243,-0.878945307469707,3.79813894922166e-05,1
2.054,-0.879130609689048,-1.75037156570397,-2.32594087328582,-2.20951452308014,-0.879130647679962,3.73454947594197e-05,1
2.056,-0.879316359393231,-1.75157548280137,-2.32725157760227,-2.20699949530942,-0.879316396736033,3.670839296139e-05,1
2.058,-0.879502520034079,-1.75278324517146,-2.32856010769591,-2.20448279580641,-0.879502556727535,3.60700780925445e-05,1
2.06,-0.879689093723631,-1.75399483995169,-2.32986646558292,-2.20196443541419,-0.879689129766501,3.54305440804865e-05,1
2.062,-0.879876082596626,-1.75521025394085,-2.33117065334683,-2.1994444252471,-0.879876117987663,3.47897847851641e-05,1
2.064,-0.8800634888108,-1.75642947359337,-2.33247267313983,-2.19692277669512,-0.880063523548752,3.41477939980073e-05,1
2.066,-0.880251314547187,-1.75765248501337,-2.33377252718424,-2.1943995014284,-0.880251348630794,3.35045654410558e-05,1
2.068,-0.88043956201042,-1.75887927394864,-2.33507021777387,-2.19187461140186,-0.880439595438418,3.28600927660607e-05,1
2.07,-0.880628233429041,-1.76010982578454,-2.33636574727548,-2.18934811885989,-0.880628266200156,3.22143695535966e-05,1
2.072,-0.880817331055813,-1.76134412553769,-2.33765911813024,-2.18682003634115,-0.880817363168767,3.15673893121329e-05,1
2.074,-0.881006857168042,-1.76258215784958,-2.33895033285522,-2.18429037668348,-0.88100688862155,3.09191454770991e-05,1
2.076,-0.881196814067902,-1.76382390698009,-2.34023939404488,-2.18175915302894,-0.881196844860671,3.02696314099439e-05,1
2.078,-0.88138720408276,-1.76506935680079,-2.34152630437261,-2.17922637882889,-0.881387234213492,2.96188403971617e-05,1
2.08,-0.881578029565517,-1.76631849078815,-2.34281106659229,-2.17669206784928,-0.881578059032905,2.89667656493196e-05,1
2.082,-0.881769292894945,-1.76757129201662,-2.34409368353983,-2.17415623417598,-0.881769321697677,2.83134003000585e-05,1
2.084,-0.881960996476037,-1.7688277431515,-2.34537415813484,-2.17161889222028,-0.881961024612793,2.76587374050731e-05,1
2.086,-0.882153142740357,-1.77008782644178,-2.34665249338219,-2.1690800567245,-0.882153170209811,2.70027699410935e-05,1
2.088,-0.882345734146401,-1.77135152371267,-2.34792869237369,-2.16653974276769,-0.882345760947216,2.63454908048275e-05,1
2.09,-0.882538773179955,-1.77261881635811,-2.34920275828979,-2.16399796577157,-0.882538799310791,2.56868928119059e-05,1
2.092,-0.882732262354473,-1.77388968533304,-2.35047469440124,-2.16145474150644,-0.882732287813981,2.50269686957914e-05,1
2.094,-0.882926204211453,-1.77516411114554,-2.35174450407083,-2.15891008609742,-0.882926228998276,2.43657111066858e-05,1
2.096,-0.883120601320809,-1.77644207384874,-2.35301219075521,-2.15636401603066,-0.883120625433584,2.37031126104171e-05,1
2.098,-0.883315456281277,-1.77772355303264,-2.35427775800655,-2.15381654815984,-0.883315479718631,2.30391656872853e-05,1
2.1,-0.883510771720797,-1.77900852781573,-2.35554120947449,-2.1512676997127,-0.883510794481352,2.23738627309297e-05,1
2.102,-0.883706550296922,-1.7802969768363,-2.35680254890787,-2.14871748829786,-0.883706572379289,2.1707196047139e-05,1
2.104,-0.883902794697225,-1.78158887824376,-2.35806178015666,-2.14616593191167,-0.88390281610001,2.10391578526685e-05,1
2.106,-0.884099507639714,-1.78288420968962,-2.35931890717384,-2.14361304894535,-0.884099528361514,2.03697402740227e-05,1
2.108,-0.884296691873258,-1.78418294831829,-2.36057393401731,-2.14105885819219,-0.884296711912661,1.96989353462259e-05,1
2.11,-0.88449435017801,-1.78548507075772,-2.36182686485188,-2.13850337885501,-0.884494369533597,1.90267350115707e-05,1
2.112,-0.884692485365853,-1.78679055310979,-2.36307770395122,-2.13594663055378,-0.884692504036195,1.83531311183414e-05,1
2.114,-0.884891100280834,-1.78809937094048,-2.36432645569991,-2.13338863333344,-0.884891118264496,1.76781154195252e-05,1
2.116,-0.885090197799625,-1.78941149926981,-2.36557312459544,-2.13082940767186,-0.885090215095162,1.70016795714935e-05,1
2.118,-0.885289780831972,-1.79072691256157,-2.36681771525035,-2.12826897448808,-0.885289797437931,1.63238151326778e-05,1
2.12,-0.885489852321171,-1.79204558471279,-2.3680602323943,-2.12570735515074,-0.885489868236091,1.56445135621969e-05,1
2.122,-0.885690415244536,-1.79336748904295,-2.36930068087619,-2.12314457148668,-0.885690430466944,1.49637662184878e-05,1
2.124,-0.885891472613879,-1.79469259828299,-2.37053906566642,-2.12058064578976,-0.885891487142297,1.42815643579089e-05,1
2.126,-0.886093027476007,-1.79602088456396,-2.37177539185899,-2.11801560083006,-0.886093041308947,1.35978991333046e-05,1
2.128,-0.886295082913214,-1.79735231940555,-2.37300966467381,-2.11544945986307,-0.886295096049177,1.29127615925692e-05,1
2.13,-0.886497642043787,-1.79868687370414,-2.37424188945898,-2.11288224663932,-0.886497654481266,1.22261426771789e-05,1
2.132,-0.886700708023547,-1.80002451437727,-2.37547206784972,-2.11031399867529,-0.886700719766564,1.15435178103779e-05,1
2.134,-0.886904284041577,-1.80136521768396,-2.37670021316011,-2.1077447142432,-0.886904295083065,1.08539069436807e-05,1
2.136,-0.887108373329682,-1.80270894929398,-2.37792632726779,-2.10517443186574,-0.887108383668107,1.01627868673219e-05,1
2.138,-0.887312979154653,-1.80405567746699,-2.37915041606649,-2.10260317738433,-0.887312988788469,9.47014808427481e-06,1
2.14,-0.887518104822628,-1.80540536979517,-2.38037248558048,-2.1000309771772,-0.88751811375028,8.77598098102894e-06,1
2.142,-0.887723753678947,-1.80675799317004,-2.38159254197654,-2.09745785818069,-0.887723761898871,8.08027582834611e-06,1
2.144,-0.887929929108724,-1.80811351376848,-2.38281059156652,-2.09488384790065,-0.887929936619345,7.3830227796167e-06,1
2.146,-0.888136634537418,-1.8094718970383,-2.3840266408099,-2.0923089744243,-0.888136641337151,6.68421186920144e-06,1
2.148,-0.888343873431414,-1.81083310768347,-2.38524069631635,-2.08973326643244,-0.888343879518664,5.98383301074997e-06,1
2.15,-0.88855164929862,-1.812197109649,-2.38645276484842,-2.0871567532119,-0.888551654671782,5.28187599547938e-06,1
2.152,-0.888759965689067,-1.81356386610539,-2.38766285332416,-2.08457946466841,-0.888759970346525,4.57833049044037e-06,1
2.154,-0.888968826195519,-1.81493333943272,-2.38887096881986,-2.08200143133986,-0.888968830135647,3.87318603676081e-06,1
2.156,-0.889178234454096,-1.8163054912043,-2.39007711857276,-2.07942268440984,-0.889178237675256,3.16643204784375e-06,1
2.158,-0.889388194144901,-1.8176802821699,-2.39128130998387,-2.07684325572167,-0.889388196645444,2.45805780756412e-06,1
2.16,-0.889598708992662,-1.81905767223856,-2.39248355062076,-2.07426317779276,-0.88959871077093,1.74805246841425e-06,1
2.162,-0.889809782767381,-1.82043762046086,-2.39368384822045,-2.07168248382944,-0.889809783821703,1.03640504965454e-06,1
2.164,-0.890021419284988,-1.82182008501086,-2.39488221069229,-2.06910120774218,-0.890021419613683,3.23104435403236e-07,1
2.166,-0.890233622448684,-1.82320658886577,-2.39607905286059,-2.06651741394268,-0.890233622052086,-6.6756000443626e-08,1
2.168,-0.890446395998091,-1.82459206976016,-2.39727307506176,-2.0639374600505,-0.890446394872591,-1.17313540293114e-06,1
2.17,-0.890659744165843,-1.82598214232773,-2.39846576805479,-2.06135424275103,-0.890659742309725,-1.82458513652373e-06,1
2.172,-0.89087367074844,-1.8273742366693,-2.39965647216428,-2.05877099147492,-0.89087366815985,-2.54461312020089e-06,1
2.174,-0.89108817987438,-1.82876862344776,-2.40084528387853,-2.05618733920124,-0.891088176551578,-3.26635200277407e-06,1
2.176,-0.8913032756415,-1.83016525611164,-2.40203221170836,-2.05360332396405,-0.891303271582733,-3.98981372505041e-06,1
2.178,-0.891518962206482,-1.83156408614847,-2.40321726485291,-2.05101898506998,-0.891518957409986,-4.71501040399443e-06,1
2.18,-0.89173524377759,-1.83296506400523,-2.40440045270924,-2.04843436266822,-0.891735238241587,-5.44195430789575e-06,1
2.182,-0.891952124615526,-1.83436813853035,-2.40558178436789,-2.04584949964782,-0.89195211833899,-6.16990580664826e-06,1
2.184,-0.892169609033517,-1.83577325908355,-2.40676127064531,-2.04326443415576,-0.892169602013882,-6.90038181385864e-06,1
2.186,-0.892387701399324,-1.83718037232263,-2.40793892103864,-2.04067921086513,-0.892387693634772,-7.63264278050652e-06,1
2.188,-0.892606406134874,-1.83858942429177,-2.40911474576684,-2.03809387350563,-0.892606397623578,-8.36670160098561e-06,1
2.19,-0.892825727717566,-1.84000035987507,-2.41028875526109,-2.0355084667548,-0.892825718457682,-9.10257133209985e-06,1
2.192,-0.893045670680967,-1.84141312276708,-2.41146096016954,-2.03292303626262,-0.893045660670641,-9.84026519500596e-06,1
2.194,-0.893266239615615,-1.84282765544548,-2.41263137136076,-2.03033762867545,-0.893266228852977,-1.05797965774646e-05,1
2.196,-0.89348743916983,-1.8442438991429,-2.41379999992726,-2.02775229166069,-0.893487427652997,-1.13211790361507e-05,1
2.198,-0.893709274050536,-1.84566179381789,-2.41496685718899,-2.02516707393222,-0.893709261777611,-1.20644262989482e-05,1
2.2,-0.893931749024082,-1.84708127812512,-2.41613195469695,-2.02258202527673,-0.893931735993154,-1.28095522672828e-05,1
2.202,-0.894154868917086,-1.84850228938459,-2.41729530423674,-2.01999719658084,-0.894154855126229,-1.35565710184677e-05,1
2.204,-0.89437863861727,-1.84992476355002,-2.41845691783222,-2.01741263985909,-0.894378624064545,-1.43054968080641e-05,1
2.206,-0.894603063074315,-1.85134863517624,-2.4196168077491,-2.01482840828297,-0.894603047757767,-1.50563440722654e-05,1
2.208,-0.894828147300719,-1.85277383738565,-2.4207749864987,-2.0122445562107,-0.894828131218379,-1.58091274302841e-05,1
2.21,-0.895053896372659,-1.85420030183362,-2.42193146684154,-2.00966113921821,-0.895053879522541,-1.65638616867624e-05,1
2.212,-0.895280315430858,-1.85562795867287,-2.42308626179116,-2.00707821413098,-0.895280297810963,-1.73205618341788e-05,1
2.214,-0.895507409681465,-1.85705673651673,-2.42423938461778,-2.00449583905705,-0.895507391289778,-1.8079243055282e-05,1
2.216,-0.895735184396931,-1.85848656240135,-2.4253908488521,-2.00191407342111,-0.895735165231421,-1.88399207255096e-05,1
2.218,-0.895963644916893,-1.85991736174667,-2.42654066828902,-1.99933297799971,-0.895963624975513,-1.96026104154303e-05,1
2.22,-0.896192796649062,-1.86134905831621,-2.42768885699149,-1.99675261495769,-0.896192775929749,-2.03673278931756e-05,1
2.222,-0.896422645070112,-1.86278157417563,-2.42883542929419,-1.99417304788589,-0.896422623570787,-2.11340891268695e-05,1
2.224,-0.896653195726567,-1.86421482964999,-2.4299803998074,-1.99159434184005,-0.896653173445136,-2.19029102870578e-05,1
2.226,-0.8968844542357,-1.86564874327963,-2.43112378342073,-1.98901656338119,-0.896884431170049,-2.26738077491342e-05,1
2.228,-0.897116426286414,-1.86708323177471,-2.43226559530695,-1.98643978061723,-0.897116402434415,-2.34467980957332e-05,1
2.23,-0.89734911764014,-1.8685182099683,-2.4334058509257,-1.9838640632462,-0.897349092999646,-2.42218981191392e-05,1
2.232,-0.897582534131716,-1.86995359076797,-2.43454456602726,-1.98128948260086,-0.897582508700564,-2.49991248236454e-05,1
2.234,-0.897816681670273,-1.87138928510583,-2.43568175665631,-1.97871611169495,-0.897816655446282,-2.57784954279032e-05,1
2.236,-0.898051566240109,-1.87282520188696,-2.4368174391556,-1.97614402527102,-0.898051539221081,-2.65600273672441e-05,1
2.238,-0.898287193901557,-1.87426124793623,-2.43795163016961,-1.97357329984997,-0.898287166085276,-2.73437382959537e-05,1
2.24,-0.898523570791847,-1.87569732794334,-2.43908434664821,-1.97100401378241,-0.898523542176076,-2.81296460895174e-05,1
2.242,-0.898760703125948,-1.87713334440607,-2.44021560585022,-1.96843624730173,-0.898760673708435,-2.89177688468098e-05,1
2.244,-0.898998597197407,-1.87856919757176,-2.44134542534694,-1.96587008257923,-0.898998566975881,-2.97081248922281e-05,1
2.246,-0.899237259379168,-1.8800047853768,-2.44247382302558,-1.96330560378107,-0.899237228351338,-3.05007327777776e-05,1
2.248,-0.899476696124372,-1.88144000338411,-2.44360081709268,-1.96074289712746,-0.899476664287927,-3.12956112850659e-05,1
2.25,-0.899716913967136,-1.88287474471866,-2.44472642607737,-1.95818205095383,-0.899716881319748,-3.20927794272407e-05,1
2.252,-0.899957919523314,-1.88430890000075,-2.44585066883456,-1.95562315577438,-0.899957886062634,-3.28922564508214e-05,1
2.254,-0.900199719491226,-1.8857423572771,-2.44697356454808,-1.95306630434785,-0.900199685214885,-3.36940618374389e-05,1
2.256,-0.900442320652357,-1.8871750019497,-2.44809513273355,-1.95051159174576,-0.900442285557967,-3.44982153054754e-05,1
2.258,-0.900685729872028,-1.88860671670218,-2.4492153932413,-1.94795911542319,-0.90068569395718,-3.53047368115654e-05,1
2.26,-0.900929954100028,-1.89003738142377,-2.45033436625898,-1.94540897529216,-0.900929917362292,-3.61136465519885e-05,1
2.262,-0.901175000371196,-1.89146687313069,-2.45145207231411,-1.94286127379771,-0.901174962808123,-3.69249649638838e-05,1
2.264,-0.901420875805975,-1.89289506588488,-2.45256853227634,-1.94031611599687,-0.901420837415093,-3.77387127263379e-05,1
2.266,-0.901667587610899,-1.89432183070991,-2.45368376735963,-1.93777360964064,-0.901667548389716,-3.85549107612714e-05,1
2.268,-0.901915143079033,-1.89574703550418,-2.4547977991241,-1.93523386525887,-0.901915103025033,-3.93735802341474e-05,1
2.27,-0.902163549591631,-1.89717053925765,-2.4559106455836,-1.93269701279722,-0.902163508708577,-4.01885087880907e-05,1
2.272,-0.902412814612625,-1.89859221468004,-2.45702233680325,-1.93016313554521,-0.902412772891657,-4.10121878186798e-05,1
2.274,-0.90266294569932,-1.90001191412495,-2.45813289146512,-1.9276323694177,-0.902662903137857,-4.183840325766e-05,1
2.276,-0.902913950493271,-1.90142949203645,-2.45924233253897,-1.92510483698876,-0.902913907088712,-4.26671772449262e-05,1
2.278,-0.903165836724405,-1.90284479927581,-2.46035068333464,-1.92258066407502,-0.903165792474123,-4.34985321661421e-05,1
2.28,-0.903418612210292,-1.90425768299154,-2.46145796751341,-1.9200599798543,-0.903418567111639,-4.43324906495668e-05,1
2.282,-0.903672284856018,-1.90566798650933,-2.46256420908758,-1.9175429169761,-0.903672238906323,-4.51690755648255e-05,1
2.284,-0.903926862653937,-1.90707554921824,-2.46366943241968,-1.91502961167622,-0.903926815850504,-4.60083100212908e-05,1
2.286,-0.904182353683301,-1.90848020645282,-2.46477366222109,-1.91252020389595,-0.904182306023411,-4.68502173660721e-05,1
2.288,-0.904438766109756,-1.90988178937127,-2.46587692355022,-1.91001483740582,-0.904438717590666,-4.76948211815313e-05,1
2.29,-0.90469610818469,-1.91128012482928,-2.46697924181003,-1.90751365993419,-0.904696058803633,-4.85421452823434e-05,1
2.292,-0.904954388244428,-1.91267503524961,-2.468080642745,-1.90501682330071,-0.904954337998612,-4.93922137120185e-05,1
2.294,-0.905213614709247,-1.91406633848701,-2.46918115243737,-1.90252448355518,-0.905213563595856,-5.02450507388712e-05,1
2.296,-0.905473796082222,-1.91545384768854,-2.47028079730269,-1.90003680112167,-0.905473744098415,-5.11006808513815e-05,1
2.298,-0.90573494094785,-1.91683737114901,-2.47137960408457,-1.89755394094831,-0.90573488809076,-5.19591287528882e-05,1
2.3,-0.905997057970474,-1.91821671216145,-2.47247759984859,-1.89507607266298,-0.905997004237209,-5.28204193555972e-05,1
2.302,-0.906260155892469,-1.91959166886237,-2.47357481197528,-1.892603370735,-0.906260101280112,-5.36845777738056e-05,1
2.304,-0.906524243532767,-1.92096203121059,-2.47467126641563,-1.89013602245352,-0.906524188041283,-5.45487597014119e-05,1
2.306,-0.906789329781828,-1.92232759224163,-2.47576699463701,-1.88767419687584,-0.906789273405338,-5.54187309437141e-05,1
2.308,-0.907055423603777,-1.92368813081395,-2.47686202316192,-1.88521809182043,-0.907055366339286,-5.62916464812305e-05,1
2.31,-0.907322534029286,-1.92504342277044,-2.47795638054482,-1.88276790287601,-0.907322475873772,-5.71675321506211e-05,1
2.312,-0.907590670154054,-1.92639323795103,-2.47905009559857,-1.88032383137576,-0.90759061110447,-5.80464139441178e-05,1
2.314,-0.907859841134853,-1.92773733999251,-2.48014319738535,-1.87788608460663,-0.907859781188124,-5.8928317995822e-05,1
2.316,-0.908130056185464,-1.92907548613269,-2.48123571520092,-1.87545487602093,-0.908129995338489,-5.98132705676815e-05,1
2.318,-0.908401324572189,-1.93040742700799,-2.48232767855728,-1.87303042545608,-0.90840126282184,-6.07012980341092e-05,1
2.32,-0.908673655608905,-1.93173290644435,-2.4834191171635,-1.87061295936288,-0.908673592952026,-6.15924268651259e-05,1
2.322,-0.908947058651621,-1.93305166124113,-2.48451006090471,-1.86820271104262,-0.908946995085032,-6.2486683607932e-05,1
2.324,-0.909221543092508,-1.93436342094797,-2.48560053981901,-1.86579992089339,-0.909221478612999,-6.33840948667734e-05,1
2.326,-0.909497118353355,-1.93566790763433,-2.48669058407217,-1.86340483666571,-0.909497052957691,-6.42846872809918e-05,1
2.328,-0.909773793878413,-1.93696483565172,-2.48778022393007,-1.86101771372808,-0.909773727563329,-6.51884875011275e-05,1
2.33,-0.91005157912658,-1.93825391138823,-2.48886948972849,-1.85863881534246,-0.910051511888787,-6.60955221629325e-05,1
2.332,-0.910330483562883,-1.93953483301549,-2.48995841184036,-1.85626841295023,-0.910330415399064,-6.70058178591296e-05,1
2.334,-0.910610516649204,-1.94080729022777,-2.49104702063994,-1.85390678646889,-0.910610447556014,-6.79194011087917e-05,1
2.336,-0.910891687834184,-1.94207096397307,-2.4921353464641,-1.85155422459966,-0.910891617808252,-6.88362983241277e-05,1
2.338,-0.911174006542272,-1.94332552617639,-2.4932234195701,-1.84921102514653,-0.911173935580199,-6.97565357745439e-05,1
2.34,-0.911457482161827,-1.94457063945472,-2.49431127008999,-1.84687749534684,-0.91145741026019,-7.06801395477289e-05,1
2.342,-0.911742124032236,-1.94580595682408,-2.49539892798107,-1.8445539522138,-0.911742051187585,-7.16071355076272e-05,1
2.344,-0.912027941429953,-1.94703112139836,-2.49648642297248,-1.84224072289114,-0.91202786763881,-7.25375492490128e-05,1
2.346,-0.912314943553402,-1.94824576608013,-2.49757378450726,-1.83993814502024,-0.912314868812264,-7.34714060485071e-05,1
2.348,-0.912603139506657,-1.94944951324335,-2.49866104167997,-1.83764656711982,-0.912603063811997,-7.44087308117262e-05,1
2.35,-0.912892538281822,-1.95064197440827,-2.49974822316931,-1.83536634897845,-0.912892461630087,-7.53495480163653e-05,1
2.352,-0.913183148740012,-1.95182274990858,-2.50083535716546,-1.83309786206014,-0.913183071127625,-7.62938816508901e-05,1
2.354,-0.913474979590854,-1.95299142855099,-2.50192247129191,-1.83084148992294,-0.913474901014215,-7.72417551486011e-05,1
2.356,-0.913768039370406,-1.9541475872677,-2.50300959252126,-1.82859762865072,-0.91376795982589,-7.81931913167342e-05,1
2.358,-0.914062336417381,-1.95529079076195,-2.50409674708471,-1.82636668729815,-0.914062255901342,-7.91482122602993e-05,1
2.36,-0.914357878847588,-1.95642059114723,-2.50518396037484,-1.82414908834879,-0.914357797356357,-8.01068393003045e-05,1
2.362,-0.914654674526453,-1.95753652758069,-2.50627125684121,-1.82194526818614,-0.91465459205634,-8.10690928860465e-05,1
2.364,-0.914952731039516,-1.95863812589127,-2.50735865987838,-1.81975567757751,-0.914952647586813,-8.20349925010771e-05,1
2.366,-0.91525205566078,-1.95972489820361,-2.50844619170589,-1.81758078217025,-0.91525197122176,-8.30045565624885e-05,1
2.368,-0.915552655318769,-1.96079634255827,-2.50953387323973,-1.81542106300005,-0.915552569889686,-8.39778023131006e-05,1
2.37,-0.915854536560177,-1.96185194252974,-2.51062172395477,-1.8132770170106,-0.91585445013727,-8.49547457061654e-05,1
2.372,-0.916157705510957,-1.96289116684304,-2.51170976173778,-1.81114915758408,-0.916157618090449,-8.59354012821534e-05,1
2.374,-0.916462167834718,-1.96391346899067,-2.51279800273032,-1.80903801508137,-0.91646207941282,-8.69197820372038e-05,1
2.376,-0.91676792868975,-1.96491827827191,-2.51388645704404,-1.80694415826319,-0.916767839269995,-8.79006390430349e-05,1
2.378,-0.917074992675124,-1.96590503367053,-2.51497514506829,-1.80486811140023,-0.917074902246361,-8.88925054178444e-05,1
2.38,-0.917383363791123,-1.96687313221843,-2.51606407251309,-1.80281047992652,-0.917383272349534,-8.98881252578106e-05,1
2.382,-0.917693045376219,-1.96782196268476,-2.51715324675942,-1.80077186769165,-0.91769295291798,-9.08875038820197e-05,1
2.384,-0.918004040053361,-1.96875089678318,-2.51824267247855,-1.79875289831179,-0.918003946574646,-9.18906442684073e-05,1
2.386,-0.9183163496685,-1.96965928880556,-2.51933235141353,-1.79675421575473,-0.918316255165481,-9.28975468609995e-05,1
2.388,-0.918629975225903,-1.97054647529825,-2.52042228213697,-1.79477648490589,-0.918629879694756,-9.39082093674506e-05,1
2.39,-0.918944916819588,-1.97141177475862,-2.52151245979445,-1.79282039212845,-0.918944820256493,-9.49226265447044e-05,1
2.392,-0.919261173560728,-1.97225448735571,-2.52260287583329,-1.79088664581419,-0.919261075961874,-9.59407899724247e-05,1
2.394,-0.919578743500929,-1.97307389467928,-2.52369351771608,-1.78897597692092,-0.919578644862518,-9.696268781385e-05,1
2.396,-0.919897623551254,-1.97386925952208,-2.52478436861878,-1.78708913949236,-0.919897523869503,-9.79883045637657e-05,1
2.398,-0.920217809396915,-1.97463982570058,-2.52587540711296,-1.78522691115525,-0.920217708668059,-9.90176207833941e-05,1
2.4,-0.920539295407563,-1.97538481791968,-2.52696660683208,-1.78339009358857,-0.920539193627865,-0.000100050612822017,1
2.402,-0.920862074543149,-1.97610344168775,-2.52805793612162,-1.78157951295852,-0.920861971708897,-0.000101087252525274,1
2.404,-0.921186138255329,-1.97679488328848,-2.52914935767316,-1.7797960203128,-0.921186034362846,-0.000102127506930185,1
2.406,-0.921511476384465,-1.97745830981685,-2.53024082814242,-1.7780404919267,-0.921511371430113,-0.000103171337947028,1
2.408,-0.921838077052293,-1.97809286928674,-2.53133229775181,-1.77631382959329,-0.921837971032478,-0.000104218702028406,1
2.41,-0.922165926550381,-1.97869769081846,-2.53242370987773,-1.77461696084859,-0.92216581946156,-0.000105269549825951,1
2.412,-0.922495009224576,-1.9792718849148,-2.53351500062362,-1.77295083912285,-0.92249490106326,-0.000106323825835326,1
2.414,-0.922825307355685,-1.9798145438348,-2.53460609837946,-1.77131644380741,-0.922825198118451,-0.000107381468030399,1
2.416,-0.923156801036731,-1.98032474207462,-2.53569692336923,-1.76971478022658,-0.923156690720225,-0.000108442407487692,1
2.418,-0.923489468047196,-1.98080153696565,-2.53678738718772,-1.76814687950298,-0.923489356648141,-0.000109506568002465,1
2.42,-0.923823283724757,-1.98124396939996,-2.53787739232857,-1.76661379830427,-0.923823171239961,-0.000110573865698131,1
2.422,-0.924158220835134,-1.9816510646934,-2.53896683170591,-1.76511661845857,-0.9241581072615,-0.000111644208630961,1
2.424,-0.924494249440774,-1.98202183359719,-2.54005558817224,-1.76365644642535,-0.924494134775306,-0.000112717496392418,1
2.426,-0.924831336769204,-1.98235527346817,-2.54114353403552,-1.76223441260819,-0.924831221009019,-0.000113793619711823,1
2.428,-0.925169447082046,-1.98265036960815,-2.54223053057916,-1.76085167049572,-0.925169330224379,-0.00011487246006248,1
2.43,-0.925508541545772,-1.98290609678223,-2.54331642758887,-1.75950939561668,-0.925508423587989,-0.000115953889274709,1
2.432,-0.925848578105471,-1.98312142092534,-2.5444010628909,-1.7582087842953,-0.92584845904508,-0.000117037769159805,1
2.434,-0.926189511362999,-1.98329530104554,-2.54548426190667,-1.75695105219367,-0.926189391197658,-0.000118123951149225,1
2.436,-0.926531292461052,-1.98342669133111,-2.54656583722935,-1.75573743262814,-0.926531171188582,-0.000119212275953868,1
2.438,-0.92687386897482,-1.98351454346768,-2.54764558822831,-1.75456917464799,-0.926873746593214,-0.000120302573248632,1
2.44,-0.927217184813046,-1.9835578091692,-2.54872330068811,-1.75344754086561,-0.927217061320481,-0.000121394661387909,1
2.442,-0.927561180130396,-1.98355544292492,-2.54979874648872,-1.75237380502944,-0.927561055525249,-0.000122488347158006,1
2.444,-0.927905791253202,-1.98350640496191,-2.55087168333433,-1.75134924933271,-0.927905665534056,-0.000123583425572794,1
2.446,-0.928250950620666,-1.98340966442002,-2.55194185453838,-1.75037516145355,-0.928250823786324,-0.00012467967971913,1
2.448,-0.928596586743749,-1.98326420273265,-2.55300898887247,-1.74945283132536,-0.928596458793249,-0.000125776880658817,1
2.45,-0.928942624183925,-1.98306901720374,-2.55407280048708,-1.74858354763909,-0.928942495116549,-0.000126874787393807,1
2.452,-0.929288983554019,-1.98282312476712,-2.55513298891178,-1.74776859408363,-0.929288853369306,-0.000127973146901411,1
2.454,-0.929635581543269,-1.98252556591062,-2.55618923914267,-1.74700924533423,-0.929635450241029,-0.000129071694246005,1
2.456,-0.92998233096866,-1.98217540874298,-2.55724122182396,-1.74630676280378,-0.929982198548982,-0.000130170152773348,1
2.458,-0.930329140854401,-1.98177175317725,-2.55828859353066,-1.74566239017664,-0.93032900731767,-0.000131268234393156,1
2.46,-0.930675916541221,-1.98131373520017,-2.55933099715772,-1.74507734874979,-0.930675781888124,-0.000132365639954803,1
2.462,-0.931022559826858,-1.98080053119248,-2.56036806242081,-1.7445528326115,-0.931022424058398,-0.000133462059720116,1
2.464,-0.931368969138785,-1.98023136226151,-2.56139940647203,-1.74409000369264,-0.931368832256291,-0.000134557173936188,1
2.466,-0.931715039739815,-1.97960549854335,-2.56242463463283,-1.74368998673123,-0.93171490174495,-0.000135650653509781,1
2.468,-0.932060663966758,-1.978922263429,-2.56344334124449,-1.74335386419522,-0.932060524861528,-0.000136742160783499,1
2.47,-0.932405731501813,-1.97818103766657,-2.56445511063511,-1.74308267121292,-0.932405591288576,-0.000137831350412269,1
2.472,-0.932750129675816,-1.9773812632895,-2.56545951819961,-1.74287739056404,-0.932749988357288,-0.00013891787033701,1
2.474,-0.933093743801885,-1.97652244732068,-2.56645613158767,-1.74273894778711,-0.933093601381146,-0.000140001362850469,1
2.476,-0.933436457537427,-1.97560416520198,-2.56744451199221,-1.74266820646068,-0.933436314017924,-0.000141081465748499,1
2.478,-0.933778153271859,-1.97462606390073,-2.56842421552908,-1.74266596371648,-0.933778008657414,-0.000142157813558117,1
2.48,-0.934118712536855,-1.97358786464694,-2.56939479469653,-1.74273294604196,-0.934118566831661,-0.000143230038832001,1
2.482,-0.934458016435345,-1.97248936525891,-2.57035579990122,-1.74286980542778,-0.934457869643971,-0.000144297773497414,1
2.484,-0.934795946085085,-1.97133044201975,-2.57130678103611,-1.74307711591272,-0.934795798212472,-0.000145360650246155,1
2.486,-0.93513238307396,-1.97011102994229,-2.57224728093196,-1.74335541637135,-0.935132234139971,-0.000146403814403381,1
2.488,-0.935467209911924,-1.9688312081182,-2.57317686960277,-1.74370502489445,-0.935467059907677,-0.000147455890414802,1
2.49,-0.935800310497351,-1.96749107352003,-2.57409509702179,-1.74412631125261,-0.935800159428891,-0.000148502025332536,1
2.492,-0.936131570566998,-1.96609082510028,-2.57500152723365,-1.74461951265177,-0.936131418440723,-0.000149541869097369,1
2.494,-0.936460878137252,-1.96463074209559,-2.57589573185316,-1.74518477843858,-0.936460724959911,-0.000150575079440474,1
2.496,-0.936788123931438,-1.96311118278886,-2.57677729157101,-1.74582216983179,-0.936787969710119,-0.000151601323194531,1
2.498,-0.93711320178586,-1.9615325827852,-2.57764579760587,-1.74653166019357,-0.937113046527978,-0.000152620277534183,1
2.5,-0.937436009030852,-1.95989545280574,-2.57850085307007,-1.74731313586922,-0.937435852744138,-0.000153631631134545,1
2.502,-0.937756446842822,-1.95820037603115,-2.57934207423512,-1.74816639757764,-0.937756289535314,-0.000154635085235589,1
2.504,-0.938074420563867,-1.95644800503304,-2.58016909168503,-1.74909116232601,-0.93807426224389,-0.000155630354602118,1
2.506,-0.93838983998609,-1.95463905833701,-2.58098155134776,-1.75008706581482,-0.938389680662246,-0.000156617168370899,1
2.508,-0.938702619598458,-1.95277431666538,-2.58177911539707,-1.75115366529285,-0.938702459279609,-0.000157595270778641,1
2.51,-0.939012678794693,-1.95085461891067,-2.58256146301972,-1.75229044281623,-0.939012517489945,-0.000158564421766634,1
2.512,-0.939319942041358,-1.94888085789268,-2.58332829104516,-1.75349680886135,-0.939319779760045,-0.000159524397459981,1
2.514,-0.939624339005999,-1.94685397595284,-2.58407931443705,-1.75477210623884,-0.939624175757666,-0.000160474990521453,1
2.516,-0.939925804645801,-1.94477496043874,-2.58481426664835,-1.75611561425384,-0.939925640440187,-0.00016141601038192,1
2.518,-0.940224279257817,-1.9426448391303,-2.58553289984348,-1.75752655305758,-0.940224114104837,-0.000162347283351121,1
2.52,-0.940519708492333,-1.94046467565638,-2.58623498499304,-1.75900408813616,-0.940519542402063,-0.000163268652614097,1
2.522,-0.940812043331403,-1.93823556494749,-2.58692031184779,-1.76054733488386,-0.940811876314059,-0.000164179978120017,1
2.524,-0.941101240034917,-1.93595862876605,-2.58758868880031,-1.76215536321144,-0.941101072100843,-0.000165081136371166,1
2.526,-0.941387260056913,-1.93363501135143,-2.58823994264326,-1.76382720214301,-0.941387091216561,-0.000165972020120804,1
2.528,-0.941670069935003,-1.93126587521216,-2.58887391823431,-1.76556184435916,-0.941669900198917,-0.000166852537989169,1
2.53,-0.941949641155947,-1.92885239709285,-2.58949047807784,-1.76735825064857,-0.941949470534751,-0.000167722614007291,1
2.532,-0.942225950000477,-1.92639576413851,-2.59008950183416,-1.76921535423487,-0.942225778504854,-0.00016858218709842,1
2.534,-0.942498977370447,-1.92389717027398,-2.59067088576673,-1.77113206495031,-0.94249880501113,-0.000169431210506857,1
2.536,-0.942768708601364,-1.92135781281183,-2.59123454213753,-1.77310727323283,-0.942768535389118,-0.00017026965118372,1
2.538,-0.943035133263201,-1.91877888929763,-2.59178039856088,-1.77513985392749,-0.943034959208813,-0.000171097489138813,1
2.54,-0.94329824495231,-1.91616159459752,-2.59230839732483,-1.77722866987773,-0.943298070066573,-0.000171914716767289,1
2.542,-0.943558041077005,-1.91350711822979,-2.59281849468923,-1.77937257529636,-0.943557865370709,-0.000172721338159211,1
2.544,-0.943814522639243,-1.91081664193828,-2.5933106601685,-1.78157041890961,-0.943814346123161,-0.000173517368399417,1
2.546,-0.94406769401458,-1.90809133750379,-2.59378487580668,-1.78382104687122,-0.944067516699461,-0.000174302832864491,1
2.548,-0.944317562732369,-1.9053323647864,-2.59424113545129,-1.78612330544664,-0.944317384628927,-0.000175077766522801,1
2.55,-0.944564139257938,-1.90254086999023,-2.59467944403209,-1.78847604346995,-0.94456396037684,-0.000175842213242954,1
2.552,-0.944807436778254,-1.89971798414082,-2.59509981684969,-1.79087811457825,-0.944807257130116,-0.000176596225115233,1
2.554,-0.945047470992378,-1.89686482176363,-2.59550227887862,-1.79332837923046,-0.945047290587753,-0.000177339861789937,1
2.556,-0.945284259907778,-1.89398247975192,-2.59588686408847,-1.79582570651875,-0.945284078757155,-0.000178073189835839,1
2.558,-0.945517823643421,-1.89107203641152,-2.59625361478616,-1.7983689757818,-0.945517641757211,-0.000178796282121443,1
2.56,-0.945748184240321,-1.88813455066958,-2.5966025809819,-1.80095707803051,-0.945748001628857,-0.00017950921722108,1
2.562,-0.945975365480113,-1.88517106143469,-2.59693381978053,-1.80358891719681,-0.945975182153643,-0.000180212078847424,1
2.564,-0.946199392712042,-1.88218258709559,-2.59724739479986,-1.80626341121696,-0.946199208680724,-0.00018090495531152,1
2.566,-0.94642029268862,-1.8791701251462,-2.59754337561679,-1.8089794929607,-0.946420107962517,-0.000181587939011018,1
2.568,-0.946638093410114,-1.87613465192497,-2.59782183724185,-1.81173611101764,-0.946637907999192,-0.000182261125946918,1
2.57,-0.94685282397789,-1.87307712245706,-2.59808285962233,-1.81453223035224,-0.946852637892014,-0.000182924615268886,1
2.572,-0.947064514456588,-1.86999847038851,-2.5983265271739,-1.81736683283823,-0.947064327705521,-0.000183578508848846,1
2.574,-0.947273195744995,-1.86689960800222,-2.59855292834041,-1.82023891768309,-0.947273008338391,-0.000184222910882418,1
2.576,-0.947478899455435,-1.86378142630588,-2.59876215518134,-1.82314750175285,-0.947478711402843,-0.000184857927517498,1
2.578,-0.947681657801465,-1.8606447951833,-2.59895430298614,-1.82609161980669,-0.947681469112323,-0.00018548366650921,1
2.58,-0.947881503493583,-1.85749056360037,-2.59912946991463,-1.82907032465073,-0.947881314177216,-0.000186100236900294,1
2.582,-0.948078469642657,-1.85431955985854,-2.59928775666246,-1.83208268721919,-0.948078279708282,-0.000186707748725905,1
2.584,-0.948272589670757,-1.8511325918884,-2.59942926615079,-1.83512779659143,-0.948272399127476,-0.000187306312741751,1
2.586,-0.948463897229037,-1.84793044757739,-2.59955410323875,-1.83820475995181,-0.948463706085839,-0.000187896040174447,1
2.588,-0.948652426122793,-1.84471388240761,-2.59966236864405,-1.84131273075371,-0.94865223439706,-0.000188468585706466,1
2.59,-0.948838210241818,-1.84148367076431,-2.59975418189869,-1.84445079556503,-0.948838017933802,-0.000189040976640062,1
2.592,-0.949021283494976,-1.83824052981914,-2.59982964643446,-1.84761814343721,-0.949021090613326,-0.000189604865271428,1
2.594,-0.949201679758653,-1.83498517108572,-2.59988887237837,-1.85081395266114,-0.949201486311905,-0.00019016036262279,1
2.596,-0.94937943281992,-1.83171828796615,-2.59993197069291,-1.85403741880419,-0.949379238816498,-0.000190707579228038,1
2.598,-0.949554576330652,-1.82844055621313,-2.59995905297295,-1.85728775445124,-0.94955438177887,-0.000191246624996349,1
2.6,-0.949727143764976,-1.82515263436344,-2.59997023128754,-1.86056418892944,-0.949726948673033,-0.000191777609086165,1
2.602,-0.949897168381026,-1.82185516417301,-2.59996561803589,-1.86386596801725,-0.949896972757014,-0.000192300639792557,1
2.604,-0.950064683186717,-1.81854877105148,-2.59994532581643,-1.86719235364087,-0.950064487038616,-0.000192815824446969,1
2.606,-0.950229720909227,-1.81523406449455,-2.59990946730812,-1.87054262356061,-0.950229524244911,-0.000193323269328455,1
2.608,-0.950392313967931,-1.81191163851232,-2.59985815516309,-1.87391607105002,-0.950392116795168,-0.00019382307958552,1
2.61,-0.950552494450513,-1.80858207205212,-2.59979150190975,-1.87731200456989,-0.950552296776963,-0.000194315359167737,1
2.612,-0.95071029409201,-1.80524592941506,-2.59970961986555,-1.88072974743903,-0.95071009592523,-0.00019480021076638,1
2.614,-0.950865744256564,-1.80190376066486,-2.59961262105875,-1.8841686375037,-0.950865545604005,-0.000195277735763323,1
2.616,-0.951018875921653,-1.79855610202844,-2.59950061715834,-1.88762802680712,-0.951018676790669,-0.000195748034187525,1
2.618,-0.951169719664611,-1.79520347628755,-2.59937371941152,-1.8911072812603,-0.951169520062451,-0.00019621120467847,1
2.62,-0.951318305651219,-1.79184639316088,-2.59923203858822,-1.89460578031559,-0.951318105585037,-0.000196667344455931,1
2.622,-0.951464663626221,-1.78848534967635,-2.59907568493182,-1.89812291664351,-0.951464463103071,-0.000197116549295545,1
2.624,-0.951608822905574,-1.7851208305332,-2.59890476811579,-1.90165809581413,-0.951608621932416,-0.000197558913509636,1
2.626,-0.951750812370284,-1.78175330845372,-2.59871939720568,-1.90521073598334,-0.951750610953981,-0.00019799452993282,1
2.628,-0.95189066046169,-1.77838324452455,-2.59851968062585,-1.90878026758478,-0.951890458609014,-0.000198423489911966,1
2.63,-0.952028395178049,-1.77501108852752,-2.59830572613073,-1.91236613302781,-0.95202819289568,-0.000198845883300053,1
2.632,-0.952164044072321,-1.77163727925985,-2.59807764078001,-1.91596778640205,-0.95216384136685,-0.000199261798453581,1
2.634,-0.952297634251011,-1.76826224484412,-2.59783553091754,-1.91958469318855,-0.952297431128938,-0.000199671322233165,1
2.636,-0.952429192373984,-1.7648864030278,-2.59757950215356,-1.92321632997803,-0.952428988841725,-0.000200074540006983,1
2.638,-0.952558744655151,-1.7615101614727,-2.59730965934981,-1.92686218419628,-0.952558540719036,-0.000200471535656791,1
2.64,-0.952686316863932,-1.75813391803443,-2.59702610660749,-1.93052175383676,-0.952686112530207,-0.000200862391586223,1
2.642,-0.952811934327414,-1.75475806103207,-2.59672894725756,-1.93419454720061,-0.952811729602242,-0.000201247188731118,1
2.644,-0.952935621933137,-1.75138296950838,-2.59641828385326,-1.93788008264394,-0.9529354168226,-0.000201626006571652,1
2.646,-0.953057404132423,-1.74800901348062,-2.59609421816462,-1.94157788833242,-0.953057198642525,-0.000201998923146046,1
2.648,-0.953177304944205,-1.74463655418241,-2.5957568511747,-1.94528750200326,-0.953177099080872,-0.000202366015065699,1
2.65,-0.953295347959279,-1.74126594429683,-2.59540628307744,-1.94900847073418,-0.953295141728358,-0.000202727357531495,1
2.652,-0.953411556344928,-1.73789752818093,-2.59504261327686,-1.9527403507197,-0.953411349752194,-0.000203083024351196,1
2.654,-0.953525952849891,-1.73453164208215,-2.59466594038759,-1.95648270705423,-0.953525745901044,-0.000203433087957734,1
2.656,-0.953638559809599,-1.73116861434672,-2.59427636223641,-1.96023511352204,-0.953638352510267,-0.000203777619428269,1
2.658,-0.953749399151664,-1.7278087656204,-2.5938739758648,-1.96399715239399,-0.953749191507403,-0.000204116688503903,1
2.66,-0.953858492401574,-1.72445240904197,-2.59345887753237,-1.96776841423064,-0.953858284417871,-0.000204450363609939,1
2.662,-0.953965860688555,-1.72109985042937,-2.59303116272101,-1.97154849769187,-0.95396565237083,-0.000204778711876566,1
2.664,-0.95407152475159,-1.71775138845931,-2.59259092613964,-1.97533700935256,-0.954071316105194,-0.000205101799159911,1
2.666,-0.954175504945533,-1.71440731484007,-2.59213826172959,-1.97913356352437,-0.954175295975753,-0.000205419690063337,1
2.668,-0.954277821247337,-1.71106791447815,-2.59167326267043,-1.98293778208325,-0.954277611959394,-0.000205732447958958,1
2.67,-0.954378493262328,-1.70773346563886,-2.59119602138616,-1.98674929430268,-0.95437828366138,-0.000206040135009253,1
2.672,-0.954477540230545,-1.70440424010104,-2.59070662955182,-1.99056773669228,-0.954477330321689,-0.000206342812188774,1
2.674,-0.954574981033095,-1.70108050330634,-2.59020517810028,-1.99439275284171,-0.954574770821368,-0.000206640539305836,1
2.676,-0.954670834198533,-1.69776251450313,-2.58969175722937,-1.99822399326973,-0.954670623688909,-0.000206933375024195,1
2.678,-0.954765117909232,-1.69445052688537,-2.58916645640903,-2.00206111527801,-0.954764907106629,-0.000207221376884649,1
2.68,-0.95485785000774,-1.69114478772655,-2.58862936438877,-2.00590378280982,-0.954857638917018,-0.000207504601326502,1
2.682,-0.954949048003212,-1.68784553595469,-2.5880805675584,-2.00975167279372,-0.954948836631171,-0.000207781130007735,1
2.684,-0.955038729077656,-1.68455301252194,-2.58752015653016,-2.01360444907386,-0.955038517427048,-0.000208054964882254,1
2.686,-0.955126910091392,-1.6812674451032,-2.58694821630942,-2.01746180121775,-0.955126698166911,-0.000208324185254186,1
2.688,-0.955213607590916,-1.67798905855473,-2.58636483283227,-2.0213234184019,-0.955213395397202,-0.000208588843369295,1
2.69,-0.955298837813755,-1.67471807240227,-2.58577009135876,-2.02518899580994,-0.955298625355399,-0.000208848990475372,1
2.692,-0.955382616694879,-1.67145470096458,-2.58516407647362,-2.02905823450843,-0.955382403976418,-0.000209104676843501,1
2.694,-0.955464959872683,-1.6681991534589,-2.58454687209378,-2.03293084133378,-0.955464746898604,-0.000209355951787939,1
2.696,-0.955545882694904,-1.66495163410325,-2.58391856147572,-2.0368065287827,-0.955545669469646,-0.000209602863685773,1
2.698,-0.955625400224451,-1.6617123422154,-2.58327922722275,-2.04068501490586,-0.955625186752404,-0.000209845459996195,1
2.7,-0.955703527245143,-1.65848147230883,-2.5826289512922,-2.04456602320471,-0.955703313530651,-0.000210083787279526,1
2.702,-0.955780278267374,-1.65525921418583,-2.58196781500254,-2.04844928253132,-0.955780064314732,-0.000210317891215893,1
2.704,-0.955855667533668,-1.65204575302772,-2.58129589904031,-2.05233452699119,-0.955855453347126,-0.000210547816623573,1
2.706,-0.955929709024151,-1.64884126948251,-2.58061328346696,-2.0562214958487,-0.955929494607916,-0.000210773607477022,1
2.708,-0.956002416461933,-1.64564593975003,-2.5799200477256,-2.06010993343526,-0.956002201820167,-0.000210995306924563,1
2.71,-0.956073803318385,-1.64245993566463,-2.57921627064755,-2.06399958906007,-0.956073588455207,-0.000211212957305746,1
2.712,-0.956143882818321,-1.63928342477562,-2.57850203045878,-2.06789021692317,-0.956143667737809,-0.000211426600168356,1
2.714,-0.956212667945091,-1.63611657042545,-2.57777740478624,-2.07178157603095,-0.956212452651279,-0.000211636276285108,1
2.716,-0.956280171445567,-1.63295953182595,-2.57704247066402,-2.07567343011375,-0.95627995594245,-0.000211842025669978,1
2.718,-0.956346405835035,-1.62981246413244,-2.57629730453935,-2.07956554754572,-0.956346190126567,-0.000212043887594232,1
2.72,-0.956411383401995,-1.62667551851601,-2.57554198227851,-2.08345770126665,-0.956411167492092,-0.000212241900602085,1
2.722,-0.956475116212855,-1.62354884223403,-2.57477657917256,-2.08734966870567,-0.956474900105394,-0.000212436102526071,1
2.724,-0.956537616116539,-1.62043257869881,-2.57400116994296,-2.09124123170701,-0.95653739981536,-0.000212626530502049,1
2.726,-0.956598894748991,-1.6173268675448,-2.573215828747,-2.09513217645734,-0.956598678257895,-0.000212813220983917,1
2.728,-0.956658963537588,-1.61423184469403,-2.57242062918317,-2.09902229341497,-0.95665874686034,-0.000212996209757972,1
2.73,-0.956717833705464,-1.61114764242017,-2.57161564429629,-2.10291137724058,-0.956717616845795,-0.000213175531956996,1
2.732,-0.956775516275732,-1.60807438941111,-2.57080094658269,-2.10679922672959,-0.956775299237336,-0.000213351222073986,1
2.734,-0.956832022075621,-1.60501221083019,-2.56997660799501,-2.11068564474595,-0.956831804862159,-0.000213523313975611,1
2.736,-0.956887361740524,-1.60196122837609,-2.56914269994709,-2.1145704381575,-0.956887144355624,-0.000213691840915359,1
2.738,-0.956941545717956,-1.5989215603415,-2.56829929331864,-2.11845341777255,-0.956941328165209,-0.000213856835546372,1
2.74,-0.956994584271419,-1.59589332167056,-2.56744645845979,-2.12233439827786,-0.956994366554386,-0.000214018329934008,1
2.742,-0.957046487484188,-1.59287662401519,-2.56658426519557,-2.12621319817791,-0.957046269606399,-0.000214176355568108,1
2.744,-0.957097265263014,-1.58987157579027,-2.5657127828302,-2.13008963973534,-0.957097047227965,-0.000214330943374974,1
2.746,-0.957146927341732,-1.58687828222778,-2.56483208015138,-2.13396354891255,-0.95714670915289,-0.000214482123729088,1
2.748,-0.957195483284804,-1.58389684542998,-2.56394222543435,-2.13783475531443,-0.957195264945605,-0.000214629926464549,1
2.75,-0.957242942490768,-1.58092736442154,-2.56304328644596,-2.14170309213219,-0.957242724004619,-0.000214774380886241,1
2.752,-0.957289314195617,-1.57796993520078,-2.56213533044857,-2.14556839608818,-0.957289095565894,-0.000214915515780753,1
2.754,-0.957334607476096,-1.57502465079,-2.56121842420388,-2.14943050738173,-0.957334388706147,-0.000215053359427024,1
2.756,-0.957378831252927,-1.57209160128498,-2.56029263397667,-2.15328926963593,-0.957378612346072,-0.000215187939606779,1
2.758,-0.957421994293958,-1.56917087390357,-2.55935802553847,-2.15714452984534,-0.957421775253489,-0.00021531928361466,1
2.76,-0.957464105217241,-1.56626255303356,-2.55841466417109,-2.16099613832456,-0.957463886046423,-0.000215447418268188,1
2.762,-0.957505172494037,-1.56336672027978,-2.55746261467011,-2.16484394865769,-0.957504953196108,-0.000215572369917426,1
2.764,-0.957545204451755,-1.56048345451033,-2.55650194134835,-2.16868781764857,-0.957544985029927,-0.000215694164454464,1
2.766,-0.957584209276821,-1.55761283190229,-2.55553270803913,-2.17252760527187,-0.957583989734279,-0.000215812827322655,1
2.768,-0.957622195017481,-1.55475492598653,-2.55455497809956,-2.17636317462489,-0.957621975357386,-0.000215928383525641,1
2.77,-0.957659169586557,-1.55190980730073,-2.55356881403856,-2.18019439310468,-0.957658949812446,-0.000216040461704643,1
2.772,-0.957695140764117,-1.54907754500425,-2.55257427901884,-2.18402112745885,-0.957694920878699,-0.000216149877893514,1
2.774,-0.957730116199921,-1.54625820455159,-2.55157143461573,-2.18784325110171,-0.957729896206281,-0.000216256259876148,1
2.776,-0.957764103416318,-1.54345184932813,-2.55056034231179,-2.19166063915164,-0.957763883317521,-0.000216359630983628,1
2.778,-0.957797109810481,-1.54065854028467,-2.5495410631299,-2.19547316962149,-0.957796889609566,-0.000216460014149144,1
2.78,-0.957829142656907,-1.53787833598182,-2.54851365763506,-2.19928072337247,-0.95782892235689,-0.000216557431916026,1
2.782,-0.957860209109799,-1.53511129263064,-2.54747818593717,-2.20308318407061,-0.957859988713675,-0.000216651906445379,1
2.784,-0.957890316205389,-1.53235746413261,-2.54643470769398,-2.20688043814393,-0.95789009571613,-0.00021674345952354,1
2.786,-0.957919470864212,-1.52961690211921,-2.54538328211373,-2.21067237474017,-0.957919250284768,-0.000216832112569373,1
2.788,-0.957947679893318,-1.52688965599084,-2.54432396795797,-2.21445888568505,-0.957947459226618,-0.000216917886641358,1
2.79,-0.957974949988442,-1.52417577293447,-2.5432568235221,-2.2182398655105,-0.957974729237416,-0.000217000779638675,1
2.792,-0.95800128773612,-1.52147529804546,-2.54218190672638,-2.22201521113619,-0.958001066903632,-0.000217080857532344,1
2.794,-0.958026699615748,-1.51878827423851,-2.54109927498624,-2.22578482224671,-0.958026478704666,-0.000217158117533965,1
2.796,-0.958051192001621,-1.51611474236979,-2.54000898530284,-2.2295486009732,-0.958050971014789,-0.000217232579328366,1
2.798,-0.958074771164889,-1.51345474125173,-2.53891109424379,-2.23330645192434,-0.958074550105136,-0.000217304262273127,1
2.8,-0.958097443275494,-1.51080830768924,-2.53780565794561,-2.23705828214758,-0.958097222145626,-0.000217373185404741,1
2.802,-0.958119214404048,-1.50817547651535,-2.53669273211623,-2.24080400109103,-0.958118993206855,-0.000217439367444659,1
2.804,-0.958140090523681,-1.50555628062637,-2.53557237203751,-2.2445435205658,-0.958139869261931,-0.000217502826805161,1
2.806,-0.958160077511828,-1.50295075101665,-2.53444463256762,-2.2482767547088,-0.958159856188274,-0.000217563581595107,1
2.808,-0.958179181152002,-1.50035891681287,-2.53330956814354,-2.252003619946,-0.958178959769376,-0.000217621649625555,1
2.81,-0.958197407135494,-1.49778080530793,-2.53216723278344,-2.25572403495614,-0.958197185696513,-0.000217677048415245,1
2.812,-0.958214761063067,-1.49521644199441,-2.53101768008906,-2.25943792063486,-0.958214539570427,-0.00021772979519595,1
2.814,-0.958231248446584,-1.49266585059764,-2.52986096324814,-2.26314520005923,-0.958231026902966,-0.000217779906917718,1
2.816,-0.958246874710616,-1.49012905310833,-2.52869713503671,-2.26684579845281,-0.958246653118684,-0.000217827400253985,1
2.818,-0.958261645194009,-1.48760606981481,-2.52752624782148,-2.27053964315104,-0.95826142355641,-0.000217872291606566,1
2.82,-0.958275565151413,-1.48509691933491,-2.52634835356217,-2.27422666356697,-0.958275343470777,-0.000217914597110545,1
2.822,-0.958288639754778,-1.48260161864738,-2.52516350381383,-2.27790679115763,-0.95828841803372,-0.000217954332639035,1
2.824,-0.95830087409482,-1.48012018312297,-2.52397174972911,-2.2815799593905,-0.958300652335939,-0.000217991513807852,1
2.826,-0.958312273182445,-1.47765262655514,-2.52277314206063,-2.28524610371064,-0.958312051388323,-0.000218026155980049,1
2.828,-0.958322841950154,-1.47519896119033,-2.5215677311632,-2.28890516150801,-0.958322620123358,-0.000218058274270398,1
2.83,-0.958332585253403,-1.4727591977455,-2.52035556697989,-2.29255707213265,-0.958332363396502,-0.000218087867420677,1
2.832,-0.958341507871942,-1.47033334548752,-2.51913669910921,-2.29620177667335,-0.958341285987458,-0.000218114982320281,1
2.834,-0.958349614511117,-1.46792141218717,-2.51791117671013,-2.29983921821071,-0.958349392601572,-0.000218139617235515,1
2.836,-0.958356909803154,-1.46552340419855,-2.51667904856905,-2.30346934159603,-0.958356687871057,-0.000218161786330491,1
2.838,-0.958363398308404,-1.46313932647463,-2.51544036308591,-2.30709209346834,-0.958363176356249,-0.000218181503541796,1
2.84,-0.958369084516563,-1.46076918259542,-2.5141951682765,-2.31070742222394,-0.95836886254683,-0.000218198782582392,1
2.842,-0.958373972847864,-1.45841297479573,-2.5129435117746,-2.31431527798641,-0.958373750863021,-0.000218213636945406,1
2.844,-0.958378067654252,-1.45607070399256,-2.5116854408343,-2.31791561257703,-0.95837784565675,-0.000218226079907845,1
2.846,-0.958381373220517,-1.45374236981212,-2.51042100233221,-2.32150837948542,-0.958381151212797,-0.000218236124534217,1
2.848,-0.958383893765417,-1.45142797061659,-2.50915024276966,-2.32509353384068,-0.958383671749906,-0.000218243783680081,1
2.85,-0.958385633442767,-1.44912750353039,-2.507873208275,-2.32867103238274,-0.958385411421878,-0.000218249069995509,1
2.852,-0.958386596342508,-1.4468409644662,-2.50658994460577,-2.33224083343421,-0.958386374318642,-0.00021825199592848,1
2.854,-0.958386786491753,-1.44456834815068,-2.50530049715094,-2.33580289687241,-0.9583865644673,-0.000218252573728192,1
2.856,-0.95838620785581,-1.44230964814974,-2.50400491093317,-2.33935718410186,-0.958385985833145,-0.000218250815448311,1
2.858,-0.958384864339178,-1.44006485689354,-2.50270323061097,-2.34290365802704,-0.958384642320666,-0.000218246732950137,1
2.86,-0.958382759786531,-1.43783396570118,-2.50139550048099,-2.34644228302553,-0.958382537774525,-0.000218240337905702,1
2.862,-0.95837989798367,-1.43561696480499,-2.50008176448018,-2.34997302492144,-0.958379675980511,-0.000218231641800807,1
2.864,-0.958376282658465,-1.43341384337454,-2.49876206618808,-2.35349585095918,-0.958376060666481,-0.000218220655937991,1
2.866,-0.958371917481763,-1.43122458954034,-2.49743644882896,-2.35701072977758,-0.958371695503273,-0.000218207391439425,1
2.868,-0.958366806068296,-1.42904919041716,-2.49610495527412,-2.36051763138433,-0.958366584105606,-0.000218191859249759,1
2.87,-0.958360951977547,-1.42688763212708,-2.49476762804403,-2.3640165271307,-0.958360730032954,-0.000218174070138892,1
2.872,-0.958354358714618,-1.42473989982218,-2.49342450931062,-2.36750738968663,-0.958354136790407,-0.000218154034704696,1
2.874,-0.958347029731063,-1.42260597770693,-2.49207564089946,-2.37099019301609,-0.958346807829508,-0.000218131763375663,1
2.876,-0.958338968425714,-1.42048584906031,-2.49072106429199,-2.37446491235283,-0.958338746549079,-0.000218107266413513,1
2.878,-0.958330178145487,-1.41837949625755,-2.48936082062774,-2.37793152417633,-0.958329956296026,-0.000218080553915738,1
2.88,-0.958320662186167,-1.41628690079158,-2.48799495070652,-2.38139000618817,-0.958320440366124,-0.000218051635818092,1
2.882,-0.958310423793178,-1.41420804329417,-2.48662349499071,-2.38484033728863,-0.958310202004787,-0.000218020521897014,1
2.884,-0.958299466162343,-1.41214290355681,-2.48524649360739,-2.38828249755366,-0.958299244407827,-0.000217987221772034,1
2.886,-0.958287792440617,-1.41009146055125,-2.48386398635063,-2.39171646821207,-0.958287570722192,-0.000217951744908086,1
2.888,-0.958275405726816,-1.40805369244972,-2.48247601268365,-2.39514223162311,-0.958275184046685,-0.000217914100617799,1
2.89,-0.958262309072318,-1.40602957664485,-2.48108261174109,-2.39855977125431,-0.958262087432677,-0.000217874298063725,1
2.892,-0.958248505481761,-1.40401908976939,-2.47968382233119,-2.40196907165956,-0.958248283884798,-0.000217832346260537,1
2.894,-0.958233997913722,-1.40202220771548,-2.47827968293803,-2.40537011845761,-0.958233776361613,-0.000217788254077155,1
2.896,-0.958218789281378,-1.4000389056538,-2.47687023172371,-2.40876289831074,-0.958218567776292,-0.000217742030238849,1
2.898,-0.958202882453159,-1.39806915805225,-2.47545550653065,-2.41214739890379,-0.958202660997255,-0.000217693683329281,1
2.9,-0.958186280253386,-1.39611293869452,-2.47403554488368,-2.41552360892344,-0.958186058848815,-0.000217643221792522,1
2.902,-0.95816898546289,-1.39417022069825,-2.47261038399235,-2.41889151803781,-0.958168764111796,-0.000217590653935006,1
2.904,-0.958151000819626,-1.39224097653296,-2.47118006075312,-2.42225111687633,-0.958150779524143,-0.000217535987927456,1
2.906,-0.958132329019275,-1.3903251780377,-2.46974461175157,-2.42560239700984,-0.958132107781529,-0.000217479231806769,1
2.908,-0.958112972715821,-1.3884227964384,-2.46830407326457,-2.42894535093106,-0.95811275153793,-0.00021742039347785,1
2.91,-0.95809293452213,-1.386533802365,-2.46685848126257,-2.43227997203526,-0.958092713406205,-0.000217359480715423,1
2.912,-0.958072217010512,-1.3846581658635,-2.46540787140155,-2.43560625462717,-0.958071995958663,-0.000217296491634777,1
2.914,-0.958050822713269,-1.38279585643155,-2.46395227906598,-2.43892419379842,-0.958050601727583,-0.000217231452817277,1
2.916,-0.958028754123231,-1.38094684300596,-2.46249173930999,-2.44223378556491,-0.958028533205796,-0.00021716436212679,1
2.918,-0.958006013694293,-1.37911109399821,-2.4610262869002,-2.4455350267445,-0.958005792847187,-0.000217095226834597,1
2.92,-0.957982603841921,-1.37728857730511,-2.45955595630779,-2.44882791496519,-0.957982383067218,-0.000217024054090254,1
2.922,-0.957958526943666,-1.37547926032439,-2.45808078171071,-2.45211244864737,-0.957958306243431,-0.000216950850923184,1
2.924,-0.957933785339655,-1.37368310996997,-2.45660079699585,-2.45538862698638,-0.957933564715948,-0.000216875624244233,1
2.926,-0.957908381333081,-1.37190009268692,-2.45511603576124,-2.45865644993534,-0.957908160787952,-0.000216798380847194,1
2.928,-0.957882317190672,-1.37013017446619,-2.45362653131824,-2.46191591818821,-0.957882096726166,-0.000216719127410294,1
2.93,-0.957855595143164,-1.36837332085914,-2.45213231669374,-2.4651670331631,-0.957855374761319,-0.000216637870497653,1
2.932,-0.957828217385752,-1.36662949699174,-2.45063342463232,-2.46840979698587,-0.9578279970886,-0.000216554616560717,1
2.934,-0.957800186078542,-1.36489866757861,-2.44912988759845,-2.47164421247392,-0.957799965868108,-0.000216469371939652,1
2.936,-0.957771503346984,-1.36318079693676,-2.44762173777867,-2.47487028312026,-0.957771283225286,-0.00021638214286472,1
2.938,-0.957742171282304,-1.36147584899908,-2.44610900708373,-2.47808801307785,-0.957741951251356,-0.000216292935457612,1
2.94,-0.957712191941924,-1.35978378732769,-2.44459172715081,-2.48129740714408,-0.957711972003731,-0.00021620175573277,1
2.942,-0.957681567349872,-1.35810457512695,-2.44306992934566,-2.48449847074559,-0.957681347506435,-0.000216108609598662,1
2.944,-0.957650299497187,-1.35643817525627,-2.44154364476475,-2.48769120992329,-0.9576500797505,-0.000216013502859053,1
2.946,-0.957618390342313,-1.35478455024277,-2.44001290423745,-2.49087563131759,-0.957618170694365,-0.000215916441214227,1
2.948,-0.957585841811485,-1.35314366229355,-2.43847773832817,-2.49405174215387,-0.957585622264259,-0.000215817430262201,1
2.95,-0.957552655799111,-1.35151547330793,-2.43693817733853,-2.49721955022821,-0.957552436354585,-0.000215716475499904,1
2.952,-0.957518834168141,-1.3498999448893,-2.43539425130948,-2.5003790638933,-0.957518614828286,-0.000215613582324333,1
2.954,-0.95748437875043,-1.34829703835689,-2.43384599002346,-2.50353029204461,-0.957484159517213,-0.000215508756033685,1
2.956,-0.957449291347098,-1.34670671475724,-2.4322934230065,-2.5066732441067,-0.95744907222248,-0.000215402001828475,1
2.958,-0.957413573728873,-1.34512893487546,-2.43073657953042,-2.50980793001991,-0.95741335471481,-0.000215293324812601,1
2.96,-0.957377227636439,-1.34356365924633,-2.42917548861487,-2.51293436022706,-0.957377008734882,-0.000215182729994432,1
2.962,-0.957340254780766,-1.34201084816515,-2.42761017902953,-2.51605254566052,-0.957340035993662,-0.000215070222287826,1
2.964,-0.957302656843443,-1.34047046169843,-2.42604067929616,-2.51916249772943,-0.957302438172732,-0.000214955806513166,1
2.966,-0.957264435476994,-1.33894245969431,-2.42446701769074,-2.52226422830712,-0.957264216924612,-0.000214839487398347,1
2.968,-0.957225592305196,-1.33742680179284,-2.42288922224557,-2.52535774971872,-0.957225373873074,-0.000214721269579752,1
2.97,-0.957186128923385,-1.33592344743604,-2.4213073207514,-2.52844307472905,-0.957185910613451,-0.00021460115760321,1
2.972,-0.957146046898761,-1.33443235587778,-2.41972134075944,-2.53152021653064,-0.957145828712937,-0.000214479155924933,1
2.974,-0.957105347770681,-1.33295348619346,-2.41813130958354,-2.53458918873192,-0.957105129710886,-0.000214355268912427,1
2.976,-0.95706403305095,-1.33148679728947,-2.41653725430219,-2.53765000534571,-0.957063815119096,-0.000214229500845388,1
2.978,-0.9570221042241,-1.33003224791252,-2.41493920176067,-2.54070268077779,-0.957021886422097,-0.000214101855916578,1
2.98,-0.956979562747677,-1.32858979665877,-2.41333717857306,-2.54374722981578,-0.95697934507743,-0.000213972338232685,1
2.982,-0.956936410052504,-1.32715940198274,-2.41173121112433,-2.54678366761806,-0.956936192515914,-0.000213840951815158,1
2.984,-0.956892647542951,-1.32574102220609,-2.41012132557237,-2.54981200970298,-0.956892430141915,-0.000213707700601033,1
2.986,-0.956848276597194,-1.32433461552618,-2.40850754785008,-2.55283227193828,-0.956848059333605,-0.000213572588443727,1
2.988,-0.956803298567474,-1.32294014002453,-2.40688990366739,-2.55584447053054,-0.956803081443221,-0.000213435619113839,1
2.99,-0.956757714780342,-1.321557553675,-2.40526841851328,-2.55884862201499,-0.956757497797311,-0.0002132967962999,1
2.992,-0.956711526536906,-1.32018681435189,-2.40364311765785,-2.56184474324536,-0.956711309696979,-0.00021315612360914,1
2.994,-0.956664735113072,-1.31882787983787,-2.40201402615429,-2.56483285138397,-0.956664518418128,-0.000213013604568214,1
2.996,-0.956617341759774,-1.31748070783165,-2.40038116884097,-2.56781296389197,-0.956617125211686,-0.000212869242623918,1
2.998,-0.956569347703207,-1.31614525595564,-2.39874457034335,-2.57078509851975,-0.956569131303847,-0.000212723041143904,1
3,-0.956520754145049,-1.31482148176328,-2.39710425507609,-2.57374927329752,-0.956520537896286,-0.000212575003417355,1
3.002,-0.956471562262684,-1.31350934274641,-2.39546024724498,-2.57670550652605,-0.956471346166382,-0.000212425132655667,1
3.004,-0.956421773209414,-1.31220879634228,-2.39381257084894,-2.57965381676755,-0.956421557267433,-0.000212273431993094,1
3.006,-0.956371388114668,-1.31091979994057,-2.392161249682,-2.58259422283679,-0.956371172328868,-0.000212119904487397,1
3.008,-0.956320408084211,-1.30964231089016,-2.3905063073353,-2.58552674379223,-0.956320192456448,-0.000211964553120467,1
3.01,-0.956268834200344,-1.30837628650582,-2.38884776719903,-2.5884513989275,-0.956268618732469,-0.000211807380798943,1
3.012,-0.956216667522101,-1.3071216840747,-2.38718565246441,-2.59136820776279,-0.956216452215965,-0.000211648390354802,1
3.014,-0.956163909085439,-1.3058784608627,-2.38551998612564,-2.59427719003665,-0.956163693942888,-0.000211487584545949,1
3.016,-0.956110559903431,-1.30464657412073,-2.38385079098184,-2.59717836569773,-0.956110344926308,-0.000211324966056788,1
3.018,-0.956056620966443,-1.30342598109079,-2.382178089639,-2.6000717548968,-0.95605640615659,-0.000211160537498771,1
3.02,-0.956002093242321,-1.3022166390119,-2.38050190451191,-2.60295737797878,-0.956001878601577,-0.000210994301410958,1
3.022,-0.955946977676561,-1.30101850512595,-2.3788222578261,-2.60583525547511,-0.955946763206763,-0.000210826260260521,1
3.024,-0.955891275192487,-1.29983153668339,-2.37713917161973,-2.60870540809601,-0.955891060895467,-0.000210656416443292,1
3.026,-0.95583498669141,-1.29865569094879,-2.37545266774552,-2.61156785672309,-0.955834772569001,-0.000210484772284245,1
3.028,-0.95577811305281,-1.29749092516967,-2.37376276764449,-2.61442262290069,-0.955777899107047,-0.000210311127548071,1
3.03,-0.955720655134487,-1.29633719673018,-2.3720694932601,-2.61726972683235,-0.955720441366991,-0.00021013588938302,1
3.032,-0.955662613772637,-1.2951944629297,-2.37037286567276,-2.62010919037124,-0.955662400185232,-0.000209958857430566,1
3.034,-0.955603989782179,-1.29406268113986,-2.36867290598807,-2.62294103506385,-0.95560377637671,-0.00020978001237813,1
3.036,-0.955544783956769,-1.29294180878215,-2.36696963520812,-2.62576528243639,-0.955544570735036,-0.000209599398919937,1
3.038,-0.955484997068976,-1.29183180331175,-2.36526307408879,-2.62858195430161,-0.955484784032796,-0.00020941699760846,1
3.04,-0.955424629870439,-1.29073262223743,-2.36355324323772,-2.6313910725423,-0.955424417021629,-0.000209232810285847,1
3.042,-0.955363683091992,-1.28964422312204,-2.36184016309218,-2.6341926591576,-0.955363470432367,-0.000209046838726989,1
3.044,-0.955302157443802,-1.2885665635871,-2.3601238539209,-2.63698673625651,-0.955301944975177,-0.000208859084639929,1
3.046,-0.955240053615504,-1.28749960131718,-2.35840433582596,-2.6397733260517,-0.955239841339689,-0.000208669549666252,1
3.048,-0.955177372276325,-1.28644329406421,-2.35668162874457,-2.64255245085342,-0.955177160195131,-0.000208478235381458,1
3.05,-0.95511411407521,-1.28539759965157,-2.35495575245095,-2.64532413306343,-0.955113902190445,-0.000208285143295333,1
3.052,-0.955050279640945,-1.28436247597823,-2.35322672655813,-2.64808839516919,-0.955050067954416,-0.000208090274852299,1
3.054,-0.954985869582273,-1.28333788102267,-2.35149457051977,-2.65084525973802,-0.954985658095786,-0.000207893631431764,1
3.056,-0.954920884488012,-1.28232377284674,-2.34975930363201,-2.65359474941148,-0.954920673203371,-0.000207695214348457,1
3.058,-0.954855324927165,-1.28132010959943,-2.34802094503523,-2.65633688689975,-0.954855113846173,-0.000207495024852747,1
3.06,-0.954789191449028,-1.28032684952051,-2.34627951371588,-2.65907169497618,-0.954788980573487,-0.000207293064130962,1
3.062,-0.954722484583298,-1.27934395094417,-2.34453502850826,-2.66179919647195,-0.954722273915009,-0.000207089333305694,1
3.064,-0.954655204840179,-1.27837137230242,-2.34278750809632,-2.66451941427075,-0.954654994380941,-0.000206883833436096,1
3.066,-0.954587352710473,-1.27740907212849,-2.34103697101546,-2.66723237130367,-0.954587142462085,-0.000206676565518161,1
3.068,-0.954518928665687,-1.27645700906018,-2.33928343565429,-2.66993809054405,-0.954518718629946,-0.000206467530485006,1
3.07,-0.954449933158117,-1.27551514184301,-2.33752692025639,-2.67263659500259,-0.954449723336821,-0.000206256729207124,1
3.072,-0.95438036662095,-1.27458342933337,-2.33576744292212,-2.67532790772236,-0.954380157015895,-0.000206044162492658,1
3.074,-0.954310229468346,-1.27366183050155,-2.33400502161034,-2.67801205177408,-0.954310020081325,-0.00020582983108764,1
3.076,-0.954239522095522,-1.2727503044347,-2.3322396741402,-2.68068905025136,-0.954239312928332,-0.000205613735676233,1
3.078,-0.954168244878841,-1.27184881033969,-2.33047141819286,-2.6833589262661,-0.954168035933275,-0.000205395876880952,1
3.08,-0.954096398175888,-1.27095730754591,-2.32870027131329,-2.68602170294393,-0.954096189453739,-0.000205176255262895,1
3.082,-0.954023982325547,-1.27007575550801,-2.32692625091194,-2.68867740341977,-0.954023773828607,-0.000204954871321951,1
3.084,-0.953950997648078,-1.26920411380849,-2.32514937426655,-2.69132605083342,-0.953950789378141,-0.000204731725496999,1
3.086,-0.953877444445189,-1.26834234216029,-2.32336965852385,-2.69396766832533,-0.953877236404046,-0.000204506818166109,1
3.088,-0.953803323000103,-1.26749040040929,-2.32158712070126,-2.6966022790323,-0.953803115189546,-0.000204280149646718,1
3.09,-0.953728633577641,-1.26664824852344,-2.31980177738025,-2.69922990671497,-0.953728425999735,-0.000204051451562393,1
3.092,-0.953653376424279,-1.26581584665036,-2.31801364594121,-2.7018505732258,-0.953653169080542,-0.000203821261348243,1
3.094,-0.953577551768103,-1.26499315503224,-2.31622274271657,-2.70446430230028,-0.953577344660324,-0.000203589310535518,1
3.096,-0.953501159819092,-1.26418013407129,-2.31442908422351,-2.70707111701928,-0.953500952949064,-0.00020335559920098,1
3.098,-0.953424200769009,-1.26337674431285,-2.31263268685889,-2.70967104044094,-0.953423994138522,-0.00020312012736142,1
3.1,-0.953346674791491,-1.2625829464486,-2.31083356690059,-2.71226409559601,-0.953346468402337,-0.000202882894973935,1
3.102,-0.953268582042114,-1.26179870131868,-2.30903174050921,-2.7148503054842,-0.953268375896082,-0.000202643901936067,1
3.104,-0.953189922658429,-1.26102396991349,-2.30722722372976,-2.71742969307048,-0.953189716757312,-0.000202403148085905,1
3.106,-0.953110696760021,-1.26025871337572,-2.30542003249338,-2.7200022812815,-0.95311049110561,-0.000202160633202211,1
3.108,-0.953030904448546,-1.25950289300205,-2.30361018261903,-2.72256809300211,-0.953030699042633,-0.000201916357004517,1
3.11,-0.952950545807774,-1.25875647024502,-2.30179768981516,-2.72512715107188,-0.952950340652152,-0.000201670319153217,1
3.112,-0.952869620903634,-1.25801940671464,-2.29998256968142,-2.7276794782817,-0.952869416000094,-0.000201422519249661,1
3.114,-0.952788129784247,-1.25729166418015,-2.29816483771035,-2.73022509737042,-0.952787925134582,-0.000201172956836235,1
3.116,-0.952706072479961,-1.25657320457149,-2.29634450928904,-2.73276403102163,-0.952705868085965,-0.000200921631396426,1
3.118,-0.952623449003388,-1.25586398998096,-2.29452159970087,-2.73529630186037,-0.952623244866854,-0.000200668542354891,1
3.12,-0.95254025934943,-1.25516398266463,-2.2926961241271,-2.73782193245,-0.952540055472155,-0.000200413689077518,1
3.122,-0.952456503495312,-1.25447314504378,-2.29086809764866,-2.74034094528907,-0.95245629987909,-0.000200157070871468,1
3.124,-0.952372181400607,-1.25379143970635,-2.28903753524775,-2.74285336280826,-0.952371978047234,-0.000199898686985222,1
3.126,-0.952287293007256,-1.25311882940817,-2.28720445180953,-2.74535920736735,-0.952287089918529,-0.000199638536608613,1
3.128,-0.952201838239596,-1.25245527707435,-2.28536886212386,-2.74785850125231,-0.952201635417313,-0.000199376618872847,1
3.13,-0.952115817004375,-1.25180074580044,-2.28353078088689,-2.75035126667231,-0.952115614450335,-0.000199112932850536,1
3.132,-0.952029229190773,-1.25115519885365,-2.28169022270278,-2.75283752575689,-0.952029026906776,-0.000198847477555699,1
3.134,-0.951942074670414,-1.25051859967401,-2.27984720208542,-2.75531730055316,-0.951941872658261,-0.000198580251943768,1
3.136,-0.951854353297381,-1.24989091187545,-2.27800173346001,-2.75779061302297,-0.951854151558874,-0.00019831125491159,1
3.138,-0.951766064908227,-1.24927209924684,-2.27615383116483,-2.76025748504022,-0.951765863445169,-0.000198040485297413,1
3.14,-0.951677209321983,-1.24866212575305,-2.27430350945287,-2.76271793838814,-0.951677008136178,-0.00019776794188087,1
3.142,-0.951587786340166,-1.24806095553588,-2.27245078249352,-2.76517199475666,-0.95158758543342,-0.000197493623382954,1
3.144,-0.951497795746782,-1.24746855291503,-2.27059566437427,-2.76761967573978,-0.951497595120902,-0.000197217528465985,1
3.146,-0.951407237308328,-1.24688488238891,-2.26873816910236,-2.77006100283299,-0.951407036965124,-0.000196939655733572,1
3.148,-0.951316110773796,-1.24630990863562,-2.2668783106065,-2.77249599743076,-0.951315910715077,-0.000196660003730571,1
3.15,-0.951224415874668,-1.24574359651363,-2.26501610273853,-2.77492468082403,-0.951224216102245,-0.000196378570943024,1
3.152,-0.951132152324912,-1.24518591106265,-2.26315155927511,-2.77734707419774,-0.951131952840599,-0.000196095355798106,1
3.154,-0.951039319820979,-1.24463681750434,-2.26128469391944,-2.77976319862838,-0.95103912062659,-0.000195810356664052,1
3.156,-0.950945918041793,-1.24409628124297,-2.25941552030294,-2.78217307508164,-0.950945719139144,-0.000195523571850084,1
3.158,-0.950851946648739,-1.24356426786618,-2.25754405198691,-2.78457672440998,-0.95085174803965,-0.000195234999606331,1
3.16,-0.950757405285657,-1.24304074314552,-2.25567030246432,-2.78697416735037,-0.950757206971947,-0.000194944638123737,1
3.162,-0.950662293578822,-1.24252567303712,-2.2537942851614,-2.78936542452192,-0.950662095562314,-0.000194652485533968,1
3.164,-0.95056661113693,-1.24201902368223,-2.25191601343946,-2.7917505164236,-0.950566413419448,-0.000194358539909307,1
3.166,-0.950470357551083,-1.24152076140774,-2.25003550059655,-2.79412946343205,-0.950470160134452,-0.000194062799262547,1
3.168,-0.950373532394762,-1.24103085272673,-2.24815275986916,-2.7965022857993,-0.950373335280811,-0.000193765261546871,1
3.17,-0.950276135223811,-1.24054926433892,-2.24626780443399,-2.79886900365057,-0.95027593841437,-0.000193465924655726,1
3.172,-0.95017816557641,-1.24007596313111,-2.24438064740967,-2.80122963698213,-0.950177969073312,-0.000193164786422698,1
3.174,-0.95007962297305,-1.23961091617761,-2.24249130185845,-2.80358420565911,-0.950079426778129,-0.000192861844621369,1
3.176,-0.949980506916504,-1.23915409074063,-2.24059978078801,-2.8059327294134,-0.949980311031597,-0.000192557096965175,1
3.178,-0.949880816891795,-1.23870545427063,-2.23870609715316,-2.80827522784152,-0.949880621318742,-0.000192250541107247,1
3.18,-0.94978055236617,-1.23826497440668,-2.23681026385761,-2.81061172040252,-0.949780357106812,-0.000191942174640265,1
3.182,-0.949679712789055,-1.23783261897674,-2.23491229375574,-2.81294222641594,-0.949679517845237,-0.000191631995096271,1
3.184,-0.949578297592032,-1.23740835599797,-2.23301219965435,-2.81526676505972,-0.949578102965602,-0.000191319999946523,1
3.186,-0.949476306188791,-1.23699215367697,-2.23110999431447,-2.8175853553682,-0.949476111881597,-0.00019100618660129,1
3.188,-0.949373737975094,-1.23658398041001,-2.22920569045312,-2.81989801623006,-0.949373543988989,-0.000190690552409678,1
3.19,-0.949270592328729,-1.23618380478327,-2.2272993007451,-2.82220476638635,-0.949270398665568,-0.000190373094659429,1
3.192,-0.949166868609473,-1.23579159557302,-2.22539083782483,-2.82450562442847,-0.949166675271114,-0.000190053810576726,1
3.194,-0.949062566159039,-1.23540732174573,-2.22348031428812,-2.8268006087962,-0.949062373147342,-0.000189732697325979,1
3.196,-0.94895768430103,-1.23503095245832,-2.22156774269404,-2.82908973777574,-0.94895749161786,-0.000189409752009614,1
3.198,-0.948852222340892,-1.23466245705818,-2.21965313556671,-2.83137302949775,-0.948852029988114,-0.000189084971667843,1
3.2,-0.948746179565856,-1.23430180508335,-2.21773650539718,-2.83365050193537,-0.948745987545342,-0.000188758353278443,1
3.202,-0.94863955524489,-1.23394896626252,-2.21581786464528,-2.83592217290234,-0.948639363558511,-0.000188429893756513,1
3.204,-0.948532348628639,-1.23360391051519,-2.21389722574145,-2.83818806005103,-0.948532157278272,-0.000188099589954235,1
3.206,-0.948424558949369,-1.23326660795162,-2.2119746010887,-2.84044818087051,-0.948424367936893,-0.000187767438660616,1
3.208,-0.948316185420905,-1.23293702887291,-2.21005000306444,-2.84270255268466,-0.948315994748204,-0.000187433436601235,1
3.21,-0.948207227238572,-1.23261514377098,-2.2081234440224,-2.84495119265025,-0.948207036907531,-0.000187097580437977,1
3.212,-0.948097683579129,-1.23230092332859,-2.20619493629457,-2.84719411775502,-0.948097493591638,-0.000186759866768759,1
3.214,-0.947987553600703,-1.23199433841926,-2.20426449219311,-2.84943134481578,-0.947987363958655,-0.000186420292127253,1
3.216,-0.947876836442723,-1.23169536010726,-2.20233212401233,-2.8516628904765,-0.947876647148015,-0.000186078852982595,1
3.218,-0.947765531225847,-1.23140395964754,-2.20039784403063,-2.85388877120644,-0.947765342280379,-0.000185735545739094,1
3.22,-0.947653637051894,-1.23112010848565,-2.1984616645125,-2.85610900329819,-0.94765344845757,-0.000185390366735928,1
3.222,-0.947541153003768,-1.23084377825763,-2.19652359771049,-2.85832360286582,-0.947540964762496,-0.000185043312246839,1
3.224,-0.947428078145381,-1.23057494078992,-2.19458365586727,-2.86053258584295,-0.947427890259073,-0.000184694378479813,1
3.226,-0.947314411521578,-1.23031356809922,-2.19264185121763,-2.86273596798084,-0.94731422399215,-0.000184343561576759,1
3.228,-0.947200152158058,-1.23005963239239,-2.19069819599052,-2.86493376484652,-0.947199964987428,-0.000183990857613184,1
3.23,-0.947085299061286,-1.22981310606622,-2.18875270241115,-2.86712599182079,-0.947085112251379,-0.00018363626259784,1
3.232,-0.946969851218418,-1.22957396170734,-2.18680538270308,-2.86931266409639,-0.946969664771163,-0.000183279772472399,1
3.234,-0.946853807597209,-1.22934217209199,-2.18485624909029,-2.871493796676,-0.946853621514537,-0.000182921383111082,1
3.236,-0.946737167145929,-1.22911771018585,-2.18290531379934,-2.87366940437037,-0.946736981429776,-0.00018256109032031,1
3.238,-0.94661992879327,-1.22890054914383,-2.18095258906152,-2.87583950179633,-0.946619743445576,-0.000182198889838333,1
3.24,-0.946502091448257,-1.22869066230985,-2.17899808711502,-2.87800410337484,-0.946501906470969,-0.000181834777334861,1
3.242,-0.946383654000155,-1.22848802321659,-2.17704182020711,-2.88016322332903,-0.946383469395221,-0.000181468748410671,1
3.244,-0.946264615318372,-1.2282926055853,-2.17508380059637,-2.88231687568226,-0.946264431087746,-0.000181100798597231,1
3.246,-0.94614497425236,-1.22810438332548,-2.17312404055494,-2.88446507425606,-0.946144790398001,-0.000180730923356285,1
3.248,-0.94602472963152,-1.22792333053467,-2.17116255237077,-2.88660783266821,-0.946024546155391,-0.000180359118079471,1
3.25,-0.945903880265095,-1.22774942149815,-2.16919934834993,-2.88874516433066,-0.945903697169166,-0.000179985378087891,1
3.252,-0.945782424942073,-1.22758263068862,-2.1672344408189,-2.89087708244753,-0.945782242228315,-0.000179609698631699,1
3.254,-0.945660362431074,-1.22742293276598,-2.16526784212694,-2.89300360001306,-0.945660180101466,-0.000179232074889672,1
3.256,-0.945537691480251,-1.22727030257698,-2.16329956464847,-2.89512472980952,-0.945537509536775,-0.000178852501968779,1
3.258,-0.945414410817173,-1.22712471515488,-2.16132962078544,-2.89724048440516,-0.945414229261817,-0.000178470974903733,1
3.26,-0.945290519148719,-1.22698614571916,-2.15935802296979,-2.89935087615211,-0.945290337983477,-0.000178087488656548,1
3.262,-0.945166015160962,-1.22685456967517,-2.15738478366589,-2.9014559171842,-0.945165834387831,-0.000177702038116074,1
3.264,-0.945040897519055,-1.22672996261378,-2.15540991537303,-2.90355561941488,-0.94504071714004,-0.000177314618097539,1
3.266,-0.944915164867115,-1.22661230031106,-2.15343343062799,-2.905649994535,-0.944914984884223,-0.000176925223342075,1
3.268,-0.944788815828099,-1.22650155872785,-2.15145534200752,-2.90773905401066,-0.944788636243345,-0.000176533848516232,1
3.27,-0.944661849003688,-1.22639771400945,-2.14947566213099,-2.90982280908098,-0.944661669819093,-0.000176140488211498,1
3.272,-0.944534262974165,-1.22630074248521,-2.14749440366298,-2.91190127075581,-0.944534084191753,-0.0001757451369438,1
3.274,-0.944406056298283,-1.22621062066815,-2.14551157931598,-2.91397444981353,-0.944405877920085,-0.000175347789153001,1
3.276,-0.944277227513146,-1.22612732525455,-2.14352720185304,-2.91604235679872,-0.9442770495412,-0.000174948439202387,1
3.278,-0.944147775134076,-1.22605083312357,-2.14154128409052,-2.91810500201982,-0.944147597570423,-0.000174547081378158,1
3.28,-0.94401769765448,-1.22598112133681,-2.13955383890089,-2.92016239554678,-0.944017520501169,-0.000174143709888886,1
3.282,-0.943886993545725,-1.2259181671379,-2.1375648792155,-2.92221454720868,-0.943886816804811,-0.000173738318864997,1
3.284,-0.943755661256998,-1.22586194795208,-2.13557441802747,-2.92426146659129,-0.943755484930542,-0.000173330902358221,1
3.286,-0.94362369921517,-1.22581244138574,-2.13358246839454,-2.92630316303463,-0.943623523305236,-0.000172921454341045,1
3.288,-0.943491105824657,-1.22576962522601,-2.13158904344206,-2.92833964563046,-0.94349093033332,-0.000172509968706157,1
3.29,-0.943357879467285,-1.22573347744026,-2.12959415636595,-2.93037092321976,-0.943357704396624,-0.000172096439265881,1
3.292,-0.943224018502141,-1.2257039761757,-2.12759782043568,-2.93239700439017,-0.943223843854241,-0.000171680859751605,1
3.294,-0.943089521265435,-1.22568109975884,-2.12560004899744,-2.93441789747336,-0.943089347042389,-0.000171263223813204,1
3.296,-0.942954386070353,-1.22566482669511,-2.12360085547717,-2.93643361054243,-0.942954212274258,-0.000170843525018449,1
3.298,-0.942818611206906,-1.22565513566829,-2.12160025338378,-2.93844415140917,-0.942818437839867,-0.000170421756852417,1
3.3,-0.942682194941786,-1.22565200554005,-2.11959825631234,-2.94044952762136,-0.942682022005916,-0.000169997912716885,1
3.302,-0.942545135518213,-1.2256554153495,-2.11759487794738,-2.94244974645998,-0.94254496301563,-0.000169571985929725,1
3.304,-0.942407431155782,-1.22566534431261,-2.11559013206618,-2.94444481493642,-0.942407259088612,-0.000169143969724284,1
3.306,-0.942269080050309,-1.22568177182175,-2.11358403254219,-2.94643473978959,-0.942268908420684,-0.000168713857248759,1
3.308,-0.942130080373675,-1.22570467744515,-2.11157659334841,-2.94841952748301,-0.942129909183735,-0.000168281641565568,1
3.31,-0.941990430273669,-1.22573404092639,-2.10956782856094,-2.95039918420182,-0.94199025952556,-0.000167847315650712,1
3.312,-0.941850127873828,-1.22576984218386,-2.10755775236248,-2.95237371584984,-0.941849957569705,-0.000167410872393126,1
3.314,-0.941709171273279,-1.22581206131021,-2.10554637904595,-2.95434312804642,-0.941709001415302,-0.000166972304594026,1
3.316,-0.941567558546568,-1.22586067857181,-2.10353372301817,-2.95630742612337,-0.941567389136907,-0.000166531604966251,1
3.318,-0.941425287743509,-1.22591567440819,-2.10151979880359,-2.95826661512176,-0.941425118784339,-0.000166088766133594,1
3.32,-0.941282356889009,-1.22597702943147,-2.09950462104809,-2.96022069978871,-0.941282188382514,-0.000165643780630133,1
3.322,-0.941138763982902,-1.22604472442581,-2.09748820452284,-2.96216968457407,-0.941138595931273,-0.000165196640899539,1
3.324,-0.940994506999787,-1.22611874034682,-2.09547056412822,-2.96411357362709,-0.940994339405224,-0.000164747339294403,1
3.326,-0.94084958388885,-1.22619905832094,-2.09345171489785,-2.96605237079302,-0.940849416753561,-0.000164295868075527,1
3.328,-0.940703992573702,-1.22628565964488,-2.09143167200262,-2.96798607960958,-0.9407038258999,-0.000163842219411234,1
3.33,-0.940557730952197,-1.226378525785,-2.08941045075489,-2.96991470330349,-0.940557564742106,-0.000163386385376656,1
3.332,-0.940410796896268,-1.2264776383767,-2.08738806661267,-2.97183824478681,-0.94041063115212,-0.000162928357953023,1
3.334,-0.940263188251747,-1.2265829792238,-2.08536453518395,-2.9737567066533,-0.940263022975781,-0.000162468129026944,1
3.336,-0.94011490283819,-1.2266945302979,-2.08333987223103,-2.97567009117467,-0.940114738032654,-0.000162005690389675,1
3.338,-0.939965938448702,-1.22681227373771,-2.08131409367504,-2.97757840029672,-0.939965774115852,-0.000161541033736398,1
3.34,-0.93981629284976,-1.22693619184845,-2.07928721560043,-2.97948163563553,-0.939816128991861,-0.000161074150665479,1
3.342,-0.939665963781031,-1.22706626710117,-2.07725925425965,-2.98137979847342,-0.939665800400356,-0.000160605032677727,1
3.344,-0.939514948955196,-1.22720248213204,-2.0752302260778,-2.98327288975496,-0.939514786054028,-0.000160133671175643,1
3.346,-0.93936324605777,-1.22734481974172,-2.07320014765749,-2.98516091008284,-0.9393630836384,-0.000159660057462676,1
3.348,-0.939210852746919,-1.22749326289463,-2.0711690357837,-2.98704385971365,-0.939210690811648,-0.000159184182742457,1
3.35,-0.939057766653283,-1.22764779471824,-2.06913690742879,-2.9889217385536,-0.939057605204418,-0.000158706038118046,1
3.352,-0.938903985379789,-1.22780839850239,-2.06710377975759,-2.99079454615419,-0.93890382441965,-0.000158225614591162,1
3.354,-0.938749506501475,-1.22797505769852,-2.06506967013256,-2.99266228170771,-0.938749346032389,-0.000157742903061411,1
3.356,-0.938594327565303,-1.22814775591894,-2.06303459611911,-2.9945249440427,-0.938594167589606,-0.000157257894325519,1
3.358,-0.938438446089979,-1.22832647693609,-2.06099857549096,-2.99638253161937,-0.938438286610018,-0.000156770579076549,1
3.36,-0.938281859565771,-1.22851120468173,-2.05896162623565,-2.99823504252479,-0.938281700583902,-0.000156280947903129,1
3.362,-0.938124565454325,-1.22870192324621,-2.05692376656017,-3.00008247446814,-0.938124406972915,-0.000155788991288663,1
3.364,-0.937966561188487,-1.22889861687762,-2.05488501489662,-3.00192482477576,-0.93796640320991,-0.000155294699610551,1
3.366,-0.937807844172115,-1.22910126998101,-2.05284538990811,-3.00376209038612,-0.937807686698756,-0.000154798063139395,1
3.368,-0.937648411779905,-1.22930986711755,-2.05080491049465,-3.00559426784473,-0.93764825481416,-0.000154299072038224,1
3.37,-0.937488261357205,-1.22952439300367,-2.04876359579928,-3.0074213532989,-0.937488104901479,-0.000153797716361692,1
3.372,-0.937327390219838,-1.22974483251023,-2.0467214652142,-3.0092433424924,-0.937327234276547,-0.000153293986055301,1
3.374,-0.937165795653924,-1.22997117066161,-2.04467853838716,-3.01106023076002,-0.937165640225494,-0.000152787870954597,1
3.376,-0.937003474915702,-1.23020339263483,-2.04263483522784,-3.01287201302205,-0.937003320004569,-0.000152279360784398,1
3.378,-0.936840425231352,-1.23044148375861,-2.0405903759145,-3.0146786837786,-0.936840270839963,-0.000151768445157985,1
3.38,-0.936676643796823,-1.23068542951245,-2.03854518090064,-3.01648023710377,-0.936676489927636,-0.000151255113576337,1
3.382,-0.936512127777659,-1.23093521552567,-2.0364992709219,-3.01827666663984,-0.936511974433143,-0.00015073935542733,1
3.384,-0.936346874308831,-1.23119082757644,-2.03445266700303,-3.02006796559119,-0.936346721491464,-0.000150221159984963,1
3.386,-0.936180880494563,-1.23145225159074,-2.0324053904651,-3.02185412671813,-0.936180728206837,-0.000149700516408581,1
3.388,-0.93601414340817,-1.23171947364139,-2.03035746293268,-3.02363514233073,-0.936013991652585,-0.000149177413742096,1
3.39,-0.935846660091893,-1.23199247994695,-2.02830890634144,-3.0254110042823,-0.935846508870963,-0.000148651840913218,1
3.392,-0.935678427556738,-1.23227125687067,-2.02625974294562,-3.02718170396292,-0.935678276872987,-0.000148123786732697,1
3.394,-0.935509442782323,-1.2325557909194,-2.02420999532592,-3.02894723229278,-0.935509292638286,-0.000147593239893561,1
3.396,-0.935339702716715,-1.23284606874243,-2.02215968639734,-3.03070757971532,-0.93533955311494,-0.000147060188970369,1
3.398,-0.935169204276287,-1.23314207713036,-2.02010883941734,-3.03246273619033,-0.935169055219333,-0.000146524622418463,1
3.4,-0.934997944345571,-1.23344380301393,-2.0180574779941,-3.03421269118684,-0.93499779583601,-0.000145986528573247,1
3.402,-0.934825919777116,-1.23375123346274,-2.01600562609499,-3.03595743367589,-0.93482577181753,-0.000145445895649461,1
3.404,-0.934653127391479,-1.23406435754808,-2.01395330142263,-3.03769696316388,-0.934652979990131,-0.000144897203319932,1
3.406,-0.934479563977406,-1.23438315890471,-2.01190054194429,-3.03943124551333,-0.934479417131238,-0.000144351455046284,1
3.408,-0.934305226289158,-1.23470762684529,-2.00984736614168,-3.04116027920955,-0.93430508000079,-0.000143803131598235,1
3.41,-0.934130111050866,-1.23503774899311,-2.00779379950003,-3.04288405115237,-0.934129965322929,-0.00014325222070347,1
3.412,-0.933954214953213,-1.2353735130929,-2.00573986791595,-3.04460254770889,-0.933954069788352,-0.000142698709962979,1
3.414,-0.933777534654163,-1.23571490702026,-2.00368559769996,-3.04631575470149,-0.933777390055037,-0.000142142586853036,1
3.416,-0.933600066778856,-1.23606191878024,-2.0016310155863,-3.04802365739951,-0.933599922748134,-0.000141583838724565,1
3.418,-0.933421807919522,-1.23641453650576,-1.99957614874295,-3.04972624051071,-0.933421664459888,-0.000141022452802568,1
3.42,-0.933242754635389,-1.23677274845615,-1.99752102478194,-3.05142348817255,-0.933242611749539,-0.000140458416185536,1
3.422,-0.933062903452613,-1.23713654301545,-1.99546567176977,-3.05311538394331,-0.933062761143257,-0.000139891715844898,1
3.424,-0.932882250864209,-1.23750590869082,-1.99341011823818,-3.05480191079306,-0.932882109134071,-0.0001393223386245,1
3.426,-0.932700793329994,-1.23788083411085,-1.99135439319508,-3.05648305109436,-0.932700652181809,-0.000138750271240101,1
3.428,-0.93251852727654,-1.23826130802377,-1.98929852613573,-3.05815878661283,-0.932518386713059,-0.0001381755002789,1
3.43,-0.932335449097139,-1.23864731929568,-1.9872425470542,-3.05982909849753,-0.932335309121126,-0.000137598012199102,1
3.432,-0.93215155515178,-1.23903885690869,-1.98518648645506,-3.06149396727108,-0.932151415766013,-0.00013701779332951,1
3.434,-0.931966841767133,-1.23943590995901,-1.98313037536531,-3.06315337281969,-0.931966702974405,-0.00013643482986915,1
3.436,-0.931781305236557,-1.23983846765494,-1.98107424534662,-3.06480729438285,-0.931781167039672,-0.000135849107886934,1
3.438,-0.931594941820108,-1.24024651931489,-1.97901812850779,-3.06645571054296,-0.931594804221888,-0.000135260613321381,1
3.44,-0.931407747744573,-1.24066005436522,-1.97696205751756,-3.06809859921459,-0.931407610747853,-0.000134669331980338,1
3.442,-0.931219719203513,-1.24107906233812,-1.97490606561757,-3.06973593763364,-0.931219582811141,-0.000134075249540794,1
3.444,-0.931030852357322,-1.24150353286933,-1.97285018663579,-3.0713677023463,-0.931030716572163,-0.000133478351548712,1
3.446,-0.930841143333306,-1.24193345569587,-1.97079445500007,-3.07299386919762,-0.93084100815824,-0.00013287862341891,1
3.448,-0.930650588225781,-1.2423688206536,-1.96873890575214,-3.07461441332007,-0.930650453663702,-0.000132276050435021,1
3.45,-0.930459183096185,-1.2428096176748,-1.96668357456177,-3.07622930912171,-0.930459049150001,-0.000131670617749475,1
3.452,-0.93026692397321,-1.24325583678559,-1.96462849774142,-3.07783853027421,-0.930266790645845,-0.000131062310383563,1
3.454,-0.930073806852962,-1.24370746810331,-1.96257371226103,-3.07944204970058,-0.930073674147357,-0.000130451113227567,1
3.456,-0.929879827699134,-1.2441645018338,-1.96051925576329,-3.08103983956272,-0.929879695618243,-0.000129837011040933,1
3.458,-0.929684982443208,-1.24462692826857,-1.95846516657913,-3.08263187124868,-0.929684850990003,-0.000129219988452536,1
3.46,-0.929489266984679,-1.24509473778191,-1.95641148374367,-3.08421811535965,-0.929489136162146,-0.000128600029961014,1
3.462,-0.929292677191306,-1.24556792082788,-1.9543582470124,-3.08579854169679,-0.929292547002448,-0.000127977119935169,1
3.464,-0.929095208899387,-1.24604646793717,-1.95230549687779,-3.08737311924768,-0.929095079347222,-0.000127351242614469,1
3.466,-0.928896857914063,-1.2465303697139,-1.95025327458628,-3.08894181617266,-0.928896729001626,-0.000126722382109616,1
3.468,-0.928697620009653,-1.24701961683232,-1.94820162215557,-3.09050459979075,-0.928697491739995,-0.000126090522403218,1
3.47,-0.928497490930022,-1.24751420003331,-1.94615058239233,-3.09206143656544,-0.92849736330621,-0.000125455647350558,1
3.472,-0.928296466388974,-1.24801411012086,-1.94410019891034,-3.09361229209012,-0.928296339414092,-0.000124817740680461,1
3.474,-0.928094542070683,-1.24851933795835,-1.94205051614893,-3.09515713107331,-0.928094415747833,-0.000124176785996247,1
3.476,-0.927891713630169,-1.24902987446478,-1.94000157939191,-3.09669591732355,-0.927891587962467,-0.000123532766776846,1
3.478,-0.927687976693789,-1.24954571061074,-1.93795343478685,-3.09822861373409,-0.92768785168437,-0.000122885666377966,1
3.48,-0.927483326859792,-1.25006683741442,-1.93590612936479,-3.09975518226722,-0.927483202511807,-0.000122235468033436,1
3.482,-0.927277759698896,-1.25059324593728,-1.93385971106043,-3.10127558393838,-0.927277636015513,-0.00012158215485665,1
3.484,-0.92707127075492,-1.25112492727974,-1.93181422873261,-3.10278977879997,-0.927071147739327,-0.00012092570984216,1
3.486,-0.926863855545455,-1.25166187257662,-1.92976973218542,-3.10429772592489,-0.926863733200853,-0.000120266115867397,1
3.488,-0.92665550956258,-1.25220407299243,-1.92772627218959,-3.10579938338975,-0.926655387892192,-0.000119603355694557,1
3.49,-0.926446228273636,-1.25275151971652,-1.92568390050443,-3.10729470825786,-0.926446107280699,-0.000118937411972631,1
3.492,-0.92623600712204,-1.25330420395803,-1.92364266990015,-3.10878365656186,-0.926235886809811,-0.000118268267239611,1
3.494,-0.926024841528162,-1.25386211694071,-1.92160263418076,-3.11026618328613,-0.926024721899915,-0.000117595903924846,1
3.496,-0.925812726890252,-1.25442524989748,-1.91956384820732,-3.1117422423489,-0.925812607949279,-0.000116920304351609,1
3.498,-0.925599658585428,-1.25499359406487,-1.91752636792174,-3.11321178658398,-0.92559954033504,-0.000116241450739819,1
3.5,-0.925385631970727,-1.2555671406772,-1.91549025037107,-3.11467476772239,-0.925385514414252,-0.000115559325208986,1
3.502,-0.925170642384217,-1.25614588096064,-1.91345555373221,-3.11613113637348,-0.925170525525001,-0.000114873909781354,1
3.504,-0.924954685146173,-1.25672980612692,-1.91142233733721,-3.11758084200595,-0.924954568987582,-0.000114185186385239,1
3.506,-0.924737755560332,-1.25731890736698,-1.90939066169903,-3.11902383292853,-0.924737640105749,-0.000113493136858634,1
3.508,-0.924519848915211,-1.25791317584427,-1.90736058853778,-3.12046005627028,-0.924519734168038,-0.000112797742953013,1
3.51,-0.924300960485507,-1.25851260268789,-1.90533218080748,-3.12188945796082,-0.924300846449165,-0.000112098986337403,1
3.512,-0.92408108553357,-1.2591171789854,-1.90330550272343,-3.12331198271008,-0.924080972211499,-0.000111396848602689,1
3.514,-0.923860219310964,-1.25972689577552,-1.90128061978992,-3.12472757398791,-0.923860106706621,-0.000110691311266215,1
3.516,-0.923638357060113,-1.26034174404038,-1.89925759882864,-3.12613617400337,-0.923638245176977,-0.000109982355776658,1
3.518,-0.923415494016032,-1.2609617146977,-1.8972365080075,-3.12753772368385,-0.923415382857599,-0.000109269963519185,1
3.52,-0.923191625408157,-1.2615867985925,-1.89521741687003,-3.12893216265378,-0.923191514977941,-0.000108554115820913,1
3.522,-0.922966746462267,-1.26221698648871,-1.89320039636528,-3.13031942921331,-0.922966636763802,-0.000107834793956708,1
3.524,-0.922740852402507,-1.26285226906033,-1.89118551887826,-3.13169946031654,-0.922740743439346,-0.000107111979155294,1
3.526,-0.922513938453521,-1.26349263688234,-1.88917285826089,-3.13307219154973,-0.922513830229238,-0.000106385652605725,1
3.528,-0.922285999842693,-1.26413808042135,-1.88716248986353,-3.13443755710913,-0.922285892360879,-0.000105655795464209,1
3.53,-0.922057031802491,-1.26478859002582,-1.88515449056694,-3.13579548977877,-0.922056925066757,-0.000104922388861296,1
3.532,-0.921827029572946,-1.26544415591602,-1.88314893881486,-3.13714592090794,-0.921826923586921,-0.000104185413909488,1
3.534,-0.921595988404239,-1.26610476817363,-1.881145914647,-3.13848878038854,-0.921595883171572,-0.000103444851711226,1
3.536,-0.921363903559424,-1.26677041673092,-1.87914549973264,-3.13982399663235,-0.921363799083784,-0.000102700683367317,1
3.538,-0.921130770317278,-1.26744109135971,-1.87714777740464,-3.14115149654807,-0.921130666602353,-0.000101952889985792,1
3.54,-0.920896583975293,-1.26811678165977,-1.87515283269399,-3.14247120551826,-0.92089648102479,-0.000101201452691232,1
3.542,-0.920661339852806,-1.26879747704695,-1.87316075236487,-3.14378304737628,-0.92066123767045,-0.000100446352634554,1
3.544,-0.920425033294276,-1.26948316674092,-1.87117162495006,-3.14508694438304,-0.920424931883813,-9.96875710033073e-05,1
3.546,-0.920187659672719,-1.27017383975239,-1.86918554078695,-3.14638281720382,-0.920187559037912,-9.89250890324752e-05,1
3.548,-0.919949214393296,-1.27086948487002,-1.86720259205387,-3.14767058488494,-0.91994911453793,-9.8158888015809e-05,1
3.55,-0.919709692897066,-1.27157009064687,-1.86522287280691,-3.1489501648306,-0.919709593824942,-9.73889493177033e-05,1
3.552,-0.919469090664913,-1.27227564538636,-1.86324647901709,-3.15022147277966,-0.919468992379853,-9.66152543856731e-05,1
3.554,-0.919227403221642,-1.27298613712782,-1.86127350860793,-3.15148442278252,-0.919227305727485,-9.58377847633831e-05,1
3.556,-0.918984626140257,-1.27370155363155,-1.85930406149339,-3.15273892717814,-0.918984529440862,-9.50565221043233e-05,1
3.558,-0.918740755046437,-1.27442188236346,-1.85733823961603,-3.15398489657121,-0.91874065914568,-9.4271448186109e-05,1
3.56,-0.918495785623184,-1.27514711047913,-1.85537614698563,-3.1552222398095,-0.918495690524962,-9.34825449254248e-05,1
3.562,-0.918249713615698,-1.27587722480744,-1.85341788971786,-3.15645086396145,-0.918249619323924,-9.26897943936713e-05,1
3.564,-0.918002534836431,-1.27661221183371,-1.85146357607334,-3.15767067429409,-0.918002441355037,-9.18931788332907e-05,1
3.566,-0.917754245170373,-1.27735205768221,-1.84951331649679,-3.15888157425129,-0.917754152503309,-9.10926806748325e-05,1
3.568,-0.917504840580547,-1.2780967480983,-1.84756722365631,-3.16008346543235,-0.917504748731779,-9.02882825547622e-05,1
3.57,-0.917254317113727,-1.2788462684299,-1.84562541248273,-3.16127624757114,-0.917254226087241,-8.94799673340264e-05,1
3.572,-0.917002670906399,-1.27960060360852,-1.84368800020907,-3.16245981851567,-0.917002580706196,-8.86677181174409e-05,1
3.574,-0.916749898190938,-1.28035973812962,-1.84175510640986,-3.1636340742083,-0.916749808821037,-8.78515182738543e-05,1
3.576,-0.916495995302054,-1.28112365603254,-1.83982685304047,-3.16479890866657,-0.916495906766491,-8.70313514571907e-05,1
3.578,-0.916240958683469,-1.28189234087978,-1.83790336447616,-3.16595421396477,-0.916240870986296,-8.62072016283335e-05,1
3.58,-0.915984784894855,-1.2826657757357,-1.83598476755103,-3.16709988021631,-0.915984698040139,-8.53790530778947e-05,1
3.582,-0.915727470619038,-1.28344394314471,-1.8340711915966,-3.16823579555697,-0.915727384610862,-8.45468904499014e-05,1
3.584,-0.915469012669462,-1.28422682510884,-1.83216276847995,-3.16936184612909,-0.915468927511925,-8.37106987664069e-05,1
3.586,-0.915209407997935,-1.28501440306468,-1.83025963264153,-3.17047791606692,-0.915209323695151,-8.28704634530511e-05,1
3.588,-0.914948653702646,-1.28580665785981,-1.82836192113222,-3.17158388748298,-0.914948570258742,-8.2026170365601e-05,1
3.59,-0.914686747036468,-1.28660356972863,-1.82646977364985,-3.17267964045581,-0.914686664455587,-8.11778058174792e-05,1
3.592,-0.914423685415759,-1.28740512289837,-1.82458331962692,-3.17376507336673,-0.914423603713084,-8.03146550765138e-05,1
3.594,-0.914159466429553,-1.28821128705954,-1.82270273004036,-3.17484002149979,-0.914159385598231,-7.9458104512949e-05,1
3.596,-0.913894087845437,-1.28902204505648,-1.82082813982209,-3.17590437911673,-0.913894007889649,-7.85974444425777e-05,1
3.598,-0.913627547625031,-1.28983737442857,-1.8189596995912,-3.17695801806864,-0.913627468548969,-7.77326633089148e-05,1
3.6,-0.913359843929426,-1.29065725196112,-1.81709756279586,-3.17800080813119,-0.913359765737294,-7.68637501626275e-05,1
3.602,-0.913090975130416,-1.2914816536691,-1.81524188572942,-3.1790326170049,-0.913090897826428,-7.59906946990911e-05,1
3.604,-0.912820939820892,-1.29231055476892,-1.81339282755875,-3.18005331031487,-0.91282086340927,-7.51134872933339e-05,1
3.606,-0.912549736825554,-1.29314392964983,-1.81155055035094,-3.18106275161276,-0.912549661310532,-7.42321190361155e-05,1
3.608,-0.912277365211927,-1.29398175184475,-1.80971521909797,-3.18206080238122,-0.912277290597746,-7.3346581771094e-05,1
3.61,-0.912003824301682,-1.29482399400065,-1.80788700173944,-3.18304732204076,-0.91200375059259,-7.24568681331244e-05,1
3.612,-0.911729113682271,-1.29567062784848,-1.80606606918295,-3.18402216795941,-0.911729040882524,-7.15629715876764e-05,1
3.614,-0.911453233218863,-1.29652162417267,-1.80425259532208,-3.18498519546523,-0.91145316133272,-7.06648864713539e-05,1
3.616,-0.911176183066572,-1.29737695278026,-1.8024467570517,-3.18593625786183,-0.911176112098301,-6.97626080335249e-05,1
3.618,-0.910897963683001,-1.29823658246969,-1.80064873428039,-3.18687520644713,-0.91089789363687,-6.88561324790567e-05,1
3.62,-0.910618575841051,-1.29910048099923,-1.79885870993989,-3.18780189053549,-0.910618506721333,-6.79454570121168e-05,1
3.622,-0.910338020642031,-1.29996861505525,-1.79707686999108,-3.18871615748338,-0.910337952453,-6.70305798810382e-05,1
3.624,-0.910056299529028,-1.30084095022016,-1.79530340342657,-3.18961785271883,-0.910056232274959,-6.61115004242253e-05,1
3.626,-0.909773414300545,-1.30171745094026,-1.79353850226943,-3.19050681977486,-0.909773347985713,-6.51882191170453e-05,1
3.628,-0.909489367124388,-1.30259808049354,-1.79178236156791,-3.19138290032689,-0.909489301753064,-6.42607376197235e-05,1
3.63,-0.909204160551782,-1.30348280095733,-1.79003517938585,-3.19224593423463,-0.909204096128237,-6.33290588261199e-05,1
3.632,-0.908917797531717,-1.30437157317613,-1.7882971567886,-3.19309575958838,-0.908917734060217,-6.23931869134299e-05,1
3.634,-0.908630281425481,-1.30526435672942,-1.78656849782402,-3.1939322127601,-0.908630218910284,-6.14531273926683e-05,1
3.636,-0.908341616021383,-1.30616110989983,-1.78484940949846,-3.19475512845928,-0.908341554466744,-6.0508887159946e-05,1
3.638,-0.908051805549634,-1.30706178964143,-1.78314010174735,-3.195564339794,-0.908051744959796,-5.95604745484238e-05,1
3.64,-0.90776085469735,-1.30796635154855,-1.78144078740007,-3.19635967833722,-0.907760795076548,-5.86078993808701e-05,1
3.642,-0.907468768623676,-1.30887474982501,-1.77975168213891,-3.19714097419854,-0.907468709976132,-5.76511730227778e-05,1
3.644,-0.907175552974969,-1.30978693725397,-1.77807300445181,-3.19790805610161,-0.907175495304894,-5.6690308435879e-05,1
3.646,-0.906881213900042,-1.31070286516844,-1.77640497557848,-3.19866075146739,-0.90688115721163,-5.57253202320217e-05,1
3.648,-0.906585758065401,-1.31162248342272,-1.77474781944983,-3.19939888650334,-0.90658570236283,-5.47562247272452e-05,1
3.65,-0.90628919267046,-1.3125457403647,-1.77310176262013,-3.20012228629889,-0.90628913795789,-5.37830399959652e-05,1
3.652,-0.905991525462687,-1.31347258280927,-1.77146703419189,-3.20083077492706,-0.905991471744258,-5.28057859251139e-05,1
3.654,-0.905692764752634,-1.31440295601298,-1.76984386573304,-3.20152417555264,-0.905692712032463,-5.18244842681196e-05,1
3.656,-0.905392919428808,-1.31533680365008,-1.76823249118611,-3.20220231054696,-0.905392867710988,-5.08391586985476e-05,1
3.658,-0.905091998972335,-1.31627406779001,-1.76663314676925,-3.20286500160923,-0.905091948260934,-4.98498348632727e-05,1
3.66,-0.904790013471364,-1.31721468887668,-1.76504607086881,-3.20351206989483,-0.904789963770421,-4.88565404349701e-05,1
3.662,-0.904486973635159,-1.31815860570945,-1.76347150392314,-3.20414333615028,-0.904486924948682,-4.78593051638e-05,1
3.664,-0.904182890807812,-1.31910575542626,-1.76190968829757,-3.20475862085527,-0.904182843139778,-4.68581609280448e-05,1
3.666,-0.903877776981538,-1.32005607348886,-1.76036086815015,-3.20535774437158,-0.903877730335889,-4.58531417835306e-05,1
3.668,-0.903571644809463,-1.32100949367033,-1.75882528928824,-3.20594052709892,-0.903571599190104,-4.48442840116066e-05,1
3.67,-0.903264507617864,-1.32196594804527,-1.75730319901549,-3.20650678963779,-0.90326446302866,-4.38316261654844e-05,1
3.672,-0.902956379417784,-1.32292536698257,-1.75579484596934,-3.20705635295912,-0.902956335862559,-4.28152091147023e-05,1
3.674,-0.902647274915945,-1.32388767914111,-1.75430047994879,-3.20758903858083,-0.902647232398479,-4.17950760874516e-05,1
3.676,-0.902337209524911,-1.32485281146849,-1.75282035173237,-3.20810466875101,-0.902337168048939,-4.07712727106022e-05,1
3.678,-0.902026199372408,-1.32582068920309,-1.75135471288644,-3.20860306663766,-0.902026158941613,-3.97438470470952e-05,1
3.68,-0.901714261309733,-1.32679123587941,-1.74990381556358,-3.20908405652481,-0.90171422192775,-3.8712849630501e-05,1
3.682,-0.901401412919194,-1.32776437333712,-1.74846791229134,-3.2095474640148,-0.901401374589601,-3.76783334964909e-05,1
3.684,-0.90108767252048,-1.32874002173379,-1.74704725575131,-3.20999311623637,-0.901087635246801,-3.66403542109373e-05,1
3.686,-0.900773059175914,-1.32971809956159,-1.74564209854868,-3.21042084205845,-0.900773022961611,-3.55989698944125e-05,1
3.688,-0.900457592694492,-1.33069852366809,-1.74425269297254,-3.21083047230904,-0.900457557542969,-3.45542412428138e-05,1
3.69,-0.900141293634657,-1.33168120928117,-1.74287929074702,-3.21122183999905,-0.900141259549251,-3.3506231543849e-05,1
3.692,-0.899824183305719,-1.33266607003846,-1.74152214277379,-3.21159478055052,-0.8998241502897,-3.24550066891671e-05,1
3.694,-0.899506283767863,-1.33365301802113,-1.740181498866,-3.21194913202871,-0.899506251824432,-3.14006351818485e-05,1
3.696,-0.899187617830676,-1.33464196379239,-1.73885760747423,-3.21228473537774,-0.899187586962962,-3.03431881390413e-05,1
3.698,-0.89886820905013,-1.3356328164406,-1.73755071540499,-3.21260143465898,-0.898868179261186,-2.92827392894916e-05,1
3.7,-0.898548081723954,-1.33662548362721,-1.73626106753206,-3.21289907729172,-0.898548053016756,-2.82193649657736e-05,1
3.702,-0.898227260885359,-1.33761987163956,-1.73498890650148,-3.21317751429545,-0.898227233262803,-2.71531440910005e-05,1
3.704,-0.897905772295046,-1.33861588544847,-1.73373447243068,-3.21343660053306,-0.897905745759944,-2.60841581598373e-05,1
3.706,-0.897583642431462,-1.33961342877089,-1.73249800260254,-3.21367619495423,-0.897583616986542,-2.50124912136231e-05,1
3.708,-0.897260898479272,-1.3406124041373,-1.73127973115517,-3.21389616083821,-0.897260874127173,-2.39382298094792e-05,1
3.71,-0.896937568316001,-1.3416127129641,-1.73007988876808,-3.21409636603533,-0.896937545059271,-2.28614629832643e-05,1
3.712,-0.896613680496839,-1.34261425563075,-1.72889870234576,-3.21427668320623,-0.896613658337934,-2.17822822062595e-05,1
3.714,-0.896289264237582,-1.34361693156174,-1.72773639469953,-3.21443699005813,-0.896289243178863,-2.07007813355258e-05,1
3.716,-0.895964349395709,-1.34462063931317,-1.72659318422865,-3.21457716957717,-0.895964329439436,-1.96170565578639e-05,1
3.718,-0.895638966449588,-1.34562527666379,-1.72546928460162,-3.21469711025604,-0.895638947597925,-1.85312063273765e-05,1
3.72,-0.895313146475844,-1.34663074071056,-1.72436490443888,-3.21479670631585,-0.895313128730849,-1.74433312966239e-05,1
3.722,-0.894986921124873,-1.34763692796824,-1.72328024699781,-3.21487585792153,-0.894986904488502,-1.63535342414186e-05,1
3.724,-0.894660322594577,-1.34864373447298,-1.72221550986128,-3.21493447138973,-0.894660307068679,-1.52619199793576e-05,1
3.726,-0.894333383602325,-1.34965105588968,-1.72117088463082,-3.21497245938839,-0.894333369188639,-1.41685952821625e-05,1
3.728,-0.894006137355216,-1.35065878762271,-1.72014655662554,-3.21498974112711,-0.894006124055372,-1.30736687820132e-05,1
3.73,-0.893678617518689,-1.35166682492991,-1.71914270458794,-3.21498624253739,-0.893678605334203,-1.19772508720335e-05,1
3.732,-0.893350858183561,-1.3526750630393,-1.71815950039792,-3.21496189644207,-0.893350847115837,-1.08794536011376e-05,1
3.734,-0.893022893831579,-1.35368339726833,-1.71719710879578,-3.21491664271299,-0.893022883881904,-9.78039056351095e-06,1
3.736,-0.892694759299563,-1.3546917231453,-1.71625568711578,-3.21485042841624,-0.892694750469108,-8.68017678299074e-06,1
3.738,-0.892366489743349,-1.35569994438072,-1.71533536426956,-3.21476324035389,-0.892366482051301,-7.56136240863346e-06,1
3.74,-0.892038120595278,-1.35670794159598,-1.71443632354273,-3.21465497555783,-0.892038114024451,-6.45918910375529e-06,1
3.742,-0.891709687530534,-1.35771561954744,-1.71355867782832,-3.21452563579611,-0.89170968208174,-5.35621747296848e-06,1
3.744,-0.891381226423637,-1.35872287584786,-1.712702552403,-3.21437519810462,-0.891381222097567,-4.25256701390135e-06,1
3.746,-0.89105277330754,-1.35972960894675,-1.71186806400829,-3.21420364721704,-0.891052770104762,-3.14835801072717e-06,1
3.748,-0.890724364331998,-1.36073571825463,-1.7110553206557,-3.21401097563554,-0.890724362252956,-2.04371139633889e-06,1
3.75,-0.890396035721185,-1.36174110426762,-1.71026442146069,-3.21379718367228,-0.890396034766201,-9.38748611519204e-07,1
3.752,-0.890067823731,-1.36274592619786,-1.70949122588755,-3.21356625485469,-0.890067823902379,-7.70280858665113e-07,1
3.754,-0.889739845230936,-1.36374942091866,-1.70875001947608,-3.21330466261361,-0.889739846526969,1.77772695555575e-06,1
3.756,-0.889411894528139,-1.36475194783326,-1.70802363952968,-3.21302921165402,-0.889411896948729,2.37946758011354e-06,1
3.758,-0.889084249613983,-1.36575347131634,-1.70732092631172,-3.21273109739981,-0.88908425315868,3.48447670839668e-06,1
3.76,-0.888756865792406,-1.36675379481398,-1.70664041393222,-3.21241198238873,-0.88875687046091,4.58919223859618e-06,1
3.762,-0.88842977884134,-1.36775282754883,-1.70598214658789,-3.21207191312441,-0.888429784633229,5.69349267904645e-06,1
3.764,-0.888103024306359,-1.36875048094004,-1.70534615802565,-3.21171094436394,-0.888103031221086,6.79725706499117e-06,1
3.766,-0.887776637467465,-1.36974666840524,-1.70473247244503,-3.21132913841362,-0.887776645504364,7.90036507273919e-06,1
3.768,-0.887450653298703,-1.37074130545817,-1.7041411045058,-3.21092656502379,-0.887450662456985,9.0026971585293e-06,1
3.77,-0.887125106428753,-1.3717343098013,-1.70357205935513,-3.21050330126907,-0.887125116707506,1.0104134694569e-05,1
3.772,-0.886800031102603,-1.37272560141314,-1.70302533267449,-3.21005943141433,-0.886800042500798,1.12045601019039e-05,1
3.774,-0.886475461144443,-1.37371510263024,-1.70250091074543,-3.20959504676692,-0.886475473660933,1.23038569796717e-05,1
3.776,-0.88615142992187,-1.37470273822337,-1.70199877053432,-3.20911024551589,-0.886151443555388,1.34019102303367e-05,1
3.778,-0.885827970311531,-1.37568843546793,-1.70151887979504,-3.2086051325589,-0.885827985060697,1.4498606180513e-05,1
3.78,-0.885505114666299,-1.37667212420816,-1.70106119718946,-3.20807981931765,-0.885505130529617,1.55938326970313e-05,1
3.782,-0.88518289478405,-1.37765373691537,-1.70062567242465,-3.20753442354254,-0.885182911759914,1.66874792979456e-05,1
3.784,-0.884861341878155,-1.37863320873966,-1.7002122464062,-3.20696906910762,-0.884861359964847,1.77794372581483e-05,1
3.786,-0.88454048654972,-1.37961047755551,-1.69982085140697,-3.2063838857964,-0.884540505745413,1.88695997093883e-05,1
3.788,-0.884220358761646,-1.38058548400077,-1.69945141125014,-3.20577900907981,-0.884220379064406,1.99578617344406e-05,1
3.79,-0.883900987814561,-1.38155817150944,-1.69910384150584,-3.20515457988687,-0.88390100922235,2.10441204552407e-05,1
3.792,-0.883582402324647,-1.38252848633806,-1.69877804970032,-3.20451074436923,-0.883582424835326,2.21282751148678e-05,1
3.794,-0.883264630203398,-1.38349637758569,-1.69847393553666,-3.20384765366043,-0.883264653814724,2.32102271532161e-05,1
3.796,-0.882947698639312,-1.38446179720787,-1.69819139112607,-3.20316546363077,-0.882947723348948,2.42898802763179e-05,1
3.798,-0.882631634081542,-1.38542470002441,-1.69793030122867,-3.2024643346388,-0.882631659887053,2.53671405192219e-05,1
3.8,-0.882316462225478,-1.38638504372118,-1.69769054350275,-3.20174443128021,-0.882316489124337,2.6441916302479e-05,1
3.802,-0.88200220800087,-1.38734279173283,-1.69747198104213,-3.20100593433197,-0.882002235997275,2.75207863949616e-05,1
3.804,-0.881688895558545,-1.3882979016795,-1.69727449352011,-3.2002489917172,-0.881688924642979,2.85903312960025e-05,1
3.806,-0.881376548266457,-1.38925034269807,-1.6970979311325,-3.19947379140973,-0.881376578436128,2.96571317721664e-05,1
3.808,-0.881065188698728,-1.39020008384058,-1.69694214575529,-3.19868051242747,-0.881065219950761,3.0721106223986e-05,1
3.81,-0.880754838632294,-1.39114709695619,-1.69680698350085,-3.19786933675636,-0.880754870963733,3.17821756240663e-05,1
3.812,-0.880445519043291,-1.3920913566573,-1.69669228499563,-3.19704044910659,-0.880445552451104,3.2840263537282e-05,1
3.814,-0.880137250105416,-1.39303284028552,-1.69659788566026,-3.1961940366666,-0.880137284586495,3.38952961342778e-05,1
3.816,-0.879830051189896,-1.39397152787352,-1.69652361599021,-3.19533028886049,-0.879830086741059,3.49472021994394e-05,1
3.818,-0.879523940867019,-1.39490740210304,-1.69646930183623,-3.19444939710965,-0.879523977485016,3.59959131334998e-05,1
3.82,-0.879218936909151,-1.39584044825931,-1.69643476468369,-3.19355155459896,-0.879218974590665,3.70413629510284e-05,1
3.822,-0.878915056295162,-1.39677065418219,-1.69641982193006,-3.19263695604817,-0.87891509503681,3.80834882730225e-05,1
3.824,-0.878612315216188,-1.3976980102143,-1.69642428715989,-3.19170579748882,-0.878612355014527,3.91222283148393e-05,1
3.826,-0.878310729082654,-1.39862250914638,-1.6964479704165,-3.19075827604714,-0.87831076993418,4.0157524869715e-05,1
3.828,-0.878010312532474,-1.39954414616029,-1.69649067846987,-3.18979458973319,-0.878010354433628,4.11893222881384e-05,1
3.83,-0.877711079440353,-1.40046291876973,-1.69655221508004,-3.18881493723667,-0.877711122387521,4.22175674533145e-05,1
3.832,-0.877413042928107,-1.40137882675912,-1.69663238125568,-3.18781951772955,-0.877413086917624,4.32422097529968e-05,1
3.834,-0.877116215375927,-1.40229187212081,-1.6967309755071,-3.18680853067571,-0.877116260404078,4.42632010479261e-05,1
3.836,-0.876820608434498,-1.40320205899091,-1.69684779409352,-3.18578217564796,-0.876820654497523,4.52804956371701e-05,1
3.838,-0.876526233037912,-1.40410939358393,-1.69698263126409,-3.18474065215223,-0.876526280132006,4.62940502205728e-05,1
3.84,-0.876233099417283,-1.40501388412657,-1.69713527949235,-3.18368415945936,-0.876233147538599,4.73038238586096e-05,1
3.842,-0.875941217114992,-1.40591554079076,-1.69730552970389,-3.18261289644441,-0.875941266259646,4.83097779298729e-05,1
3.844,-0.875650594999501,-1.40681437562627,-1.6974931714969,-3.1815270614334,-0.875650645163569,4.93118760864288e-05,1
3.846,-0.875361241280656,-1.40771040249303,-1.69769799335546,-3.18042685205771,-0.875361292460181,5.03100842072845e-05,1
3.848,-0.875073163525406,-1.40860363699334,-1.69791978285544,-3.17931246511595,-0.875073215716399,5.13043703502066e-05,1
3.85,-0.874786368673889,-1.40949409640426,-1.69815832686278,-3.17818409644325,-0.874786421872329,5.22947047020895e-05,1
3.852,-0.874500863055814,-1.41038179961014,-1.6984134117242,-3.17704194078797,-0.874500917257652,5.32810595280877e-05,1
3.854,-0.874216652407075,-1.41126676703573,-1.69868482345017,-3.17588619169563,-0.874216707608237,5.42634091197262e-05,1
3.856,-0.87393374188655,-1.41214902057973,-1.69897234789021,-3.17471704140003,-0.873933798082937,5.52417297421651e-05,1
3.858,-0.873652136093032,-1.41302858354906,-1.69927577090045,-3.1735346807213,-0.873652193280523,5.6215999580821e-05,1
3.86,-0.873371839082229,-1.41390548059406,-1.69959487850359,-3.17233929897085,-0.873371897256684,5.71861986874871e-05,1
3.862,-0.873092854383809,-1.41477973764445,-1.69992945704115,-3.17113108386299,-0.873092913541068,5.81523089261341e-05,1
3.864,-0.872815185018421,-1.4156513818465,-1.7002792933183,-3.16991022143301,-0.872815245154308,5.91143139185518e-05,1
3.866,-0.872538833514674,-1.41652044150117,-1.7006441747412,-3.16867689596156,-0.872538894624996,6.00721989899523e-05,1
3.868,-0.872263801926015,-1.41738694600358,-1.70102388944704,-3.16743128990522,-0.872263864006569,6.10259511146799e-05,1
3.87,-0.871990091847497,-1.41825092578367,-1.70141822642695,-3.16617358383279,-0.871990154894067,6.19755588621396e-05,1
3.872,-0.871717704432381,-1.41911241224823,-1.70182697564183,-3.16490395636749,-0.871717768440741,6.29210123430712e-05,1
3.874,-0.871446640408553,-1.4199714377243,-1.70224992813139,-3.16362258413441,-0.871446705374467,6.3862303156274e-05,1
3.876,-0.871176900094734,-1.42082803540405,-1.70268687611643,-3.16232964171338,-0.871176966013962,6.47994243358518e-05,1
3.878,-0.870908483416459,-1.42168223929104,-1.70313761309466,-3.1610253015968,-0.870908550284752,6.57323702990913e-05,1
3.88,-0.870641389921783,-1.42253408414805,-1.70360193393022,-3.15970973415231,-0.870641457734891,6.66611367950441e-05,1
3.882,-0.870375618796739,-1.42338360544643,-1.70407963493703,-3.15838310759003,-0.870375687550406,6.75857208538739e-05,1
3.884,-0.870111168880477,-1.42423083931691,-1.70457051395626,-3.15704558793426,-0.870111238570446,6.85061207370411e-05,1
3.886,-0.869848038680121,-1.42507582250209,-1.70507437042802,-3.15569733899927,-0.869848109302135,6.9422335888372e-05,1
3.888,-0.869586226385286,-1.42591859231031,-1.70559100545766,-3.15433852236909,-0.86958629793509,7.03343668860851e-05,1
3.89,-0.869325729882289,-1.42675918657123,-1.70612022187659,-3.15296929738108,-0.869325802355627,7.12422153957592e-05,1
3.892,-0.869066546768002,-1.42759764359284,-1.70666182429816,-3.15158982111302,-0.869066620160622,7.21458841243573e-05,1
3.894,-0.868808674363376,-1.42843400212012,-1.70721561916855,-3.15020024837354,-0.86880874867103,7.30453767752656e-05,1
3.896,-0.868552109726605,-1.42926830129506,-1.70778141481302,-3.14880073169581,-0.868552184945049,7.39406980044243e-05,1
3.898,-0.868296849665939,-1.43010058061836,-1.70835902147764,-3.14739142133409,-0.868296925790936,7.48318533775299e-05,1
3.9,-0.868042890752147,-1.43093087991255,-1.70894825136675,-3.14597246526312,-0.868042967779465,7.57188493283457e-05,1
3.902,-0.867790229330608,-1.43175923928648,-1.70954891867634,-3.14454400918018,-0.867790307256022,7.66016931181488e-05,1
3.904,-0.867538861533053,-1.43258569910148,-1.71016083962354,-3.14310619650954,-0.867538940352348,7.74803927962738e-05,1
3.906,-0.867288783288949,-1.43341029993865,-1.71078383247239,-3.14165916840923,-0.867288862997918,7.83549571617893e-05,1
3.908,-0.867039990336518,-1.43423308256781,-1.7114177175561,-3.14020306377992,-0.867040070930965,7.92253957263116e-05,1
3.91,-0.866792478233416,-1.4350540879176,-1.71206231729597,-3.13873801927578,-0.866792559709153,8.00917186779219e-05,1
3.912,-0.866546242367043,-1.435873357047,-1.71271745621718,-3.13726416931724,-0.866546324719895,8.09539368462184e-05,1
3.914,-0.866301277966021,-1.43669093613787,-1.71338294671845,-3.13578166960791,-0.866301361205243,8.18251010449456e-05,1
3.916,-0.866057580102492,-1.43750685636153,-1.71405864607385,-3.13429060315231,-0.866057664210522,8.26791491050006e-05,1
3.918,-0.865815143715712,-1.43832116407502,-1.71474437091569,-3.1327911212431,-0.865815228688411,8.35291283602437e-05,1
3.92,-0.865573963607073,-1.43913390058225,-1.71543995429226,-3.13128334953418,-0.865574049440315,8.437505188345e-05,1
3.922,-0.865334034455517,-1.43994510721062,-1.71614523138561,-3.12976741152256,-0.865334121145189,8.52169332258956e-05,1
3.924,-0.865095350824529,-1.44075482527289,-1.71686003951904,-3.12824342857894,-0.865095438366535,8.60547863934658e-05,1
3.926,-0.864857907170142,-1.44156309604704,-1.71758421815523,-3.12671151996973,-0.864857995560397,8.6888625819169e-05,1
3.928,-0.86462169784862,-1.44236996075708,-1.7183176088925,-3.12517180287996,-0.864621787083057,8.77184663366525e-05,1
3.93,-0.864386717123861,-1.44317546055504,-1.7190600554591,-3.12362439243695,-0.864386807198427,8.8544323154681e-05,1
3.932,-0.864152959174486,-1.44397963650377,-1.71981140370596,-3.1220694017348,-0.864153050085145,8.93662118325931e-05,1
3.934,-0.863920418100667,-1.44478252956083,-1.72057150159772,-3.12050694185941,-0.863920509843397,9.01841482566664e-05,1
3.936,-0.863689087930655,-1.44558418056322,-1.7213401992024,-3.11893712191411,-0.863689180501453,9.09981486174141e-05,1
3.938,-0.863458962627053,-1.44638463021295,-1.72211734867966,-3.11736004904572,-0.863459056021931,9.18082293877602e-05,1
3.94,-0.863230036093074,-1.44718391988229,-1.72290280189498,-3.11577583243516,-0.863230130310313,9.26166114601508e-05,1
3.942,-0.863002302177032,-1.44798208832098,-1.72369641990045,-3.11418456747018,-0.86300239721043,9.34189042171829e-05,1
3.944,-0.862775754680342,-1.4487791765751,-1.72449805867031,-3.11258635954893,-0.862775850525962,9.42173282873265e-05,1
3.946,-0.862550387360315,-1.44957522467641,-1.72530757859128,-3.11098130826221,-0.862550484014239,9.5011901072736e-05,1
3.948,-0.86232619393641,-1.4503702724649,-1.72612484206458,-3.10936951137816,-0.862326291394739,9.5802640160514e-05,1
3.95,-0.862103168094798,-1.45116435957592,-1.72694971348955,-3.1077510648716,-0.86210326635365,9.65895633066029e-05,1
3.952,-0.861881303492956,-1.45195752543113,-1.72778205924495,-3.10612606295178,-0.861881402548468,9.73726884194893e-05,1
3.954,-0.861660593764046,-1.4527498092299,-1.72862174766964,-3.10449459809018,-0.861660693612371,9.81520335446761e-05,1
3.956,-0.861441032521088,-1.45354124994152,-1.72946864904264,-3.10285676104837,-0.8614411331584,9.89276168497879e-05,1
3.958,-0.861222613360944,-1.45433188629783,-1.73032263556263,-3.10121264090575,-0.861222714783435,9.96994566103668e-05,1
3.96,-0.861005329868112,-1.45512175678651,-1.73118358132701,-3.0995623250873,-0.861005432071992,0.000100467571196267,1
3.962,-0.86078917561833,-1.4559108996448,-1.73205136231046,-3.0979058993912,-0.860789278599828,0.000101231979058705,1
3.964,-0.860574144182015,-1.4566993528538,-1.7329258563432,-3.09624344801629,-0.860574247937379,0.000101992698717863,1
3.966,-0.860360229127525,-1.45748715413324,-1.73380694308886,-3.09457505358945,-0.860360333653022,0.000102749748751083,1
3.968,-0.860147424024261,-1.45827434093667,-1.73469450402212,-3.09290079719275,-0.860147529316177,0.000103503147781623,1
3.97,-0.859935722445613,-1.45906095044714,-1.73558842240606,-3.09122075839039,-0.859935828500252,0.000104252914467917,1
3.972,-0.859725117971752,-1.45984701957319,-1.73648858326939,-3.08953501525549,-0.859725224785439,0.000104999067493371,1
3.974,-0.859515604192283,-1.4606325849454,-1.73739487338344,-3.08784364439654,-0.859515711761361,0.000105741625556632,1
3.976,-0.859307174708751,-1.46141768291318,-1.73830718123908,-3.08614672098369,-0.859307283029581,0.000106480607362349,1
3.978,-0.859099823137019,-1.46220234954195,-1.73922539702358,-3.08444431877472,-0.859099932205982,0.000107216031612383,1
3.98,-0.858893543109516,-1.46298662061069,-1.74014941259732,-3.08273651014072,-0.858893652923012,0.000107947916997456,1
3.982,-0.858688328277358,-1.46377053160976,-1.74107912147056,-3.08102336609155,-0.858688438831806,0.000108676282189221,1
3.984,-0.858484172312361,-1.46455411773911,-1.74201441878019,-3.07930495630085,-0.858484283604199,0.000109401145832739,1
3.986,-0.858281068908927,-1.46533741390665,-1.74295520126648,-3.07758134913091,-0.858281180934612,0.00011012252653934,1
3.988,-0.858079011785831,-1.46612045472702,-1.74390136724993,-3.07585261165707,-0.858079124541839,0.000110840442879883,1
3.99,-0.857877994687901,-1.46690327452052,-1.74485281660812,-3.07411880969192,-0.857878108170726,0.000111554913378336,1
3.992,-0.857678011387598,-1.46768590731238,-1.74580945075272,-3.07238000780899,-0.857678125593753,0.000112265956505726,1
3.994,-0.8574790556865,-1.46846838683215,-1.74677117260657,-3.07063626936633,-0.857479170612518,0.000112973590674419,1
3.996,-0.857281121416697,-1.4692507465134,-1.74773788658095,-3.06888765652951,-0.857281237059129,0.00011367783423271,1
3.998,-0.857084202442095,-1.47003301949358,-1.74870949855285,-3.06713423029445,-0.85708431879751,0.000114378705459718,1
4,-0.856888292659639,-1.47081523861409,-1.74968591584258,-3.06537605050982,-0.856888409724624,0.000115076222560575,1
4.002,-0.856693386000458,-1.4715974364205,-1.75066704719143,-3.06361317589907,-0.856693503771619,0.000115770403661888,1
4.004,-0.856499476430925,-1.472379645163,-1.75165280273955,-3.06184566408215,-0.856499594904889,0.000116461266807475,1
4.006,-0.856306557953658,-1.47316189679695,-1.75264309400402,-3.06007357159687,-0.856306677127066,0.000117148829954357,1
4.008,-0.856114624608436,-1.47394422298364,-1.75363783385712,-3.05829695391988,-0.85611474447795,0.000117833110968986,1
4.01,-0.855923670473059,-1.47472665509112,-1.75463693650484,-3.0565158654873,-0.855923791035358,0.000118514127623718,1
4.012,-0.855733689664145,-1.47550922419521,-1.75564031746557,-3.05473035971503,-0.855733810915926,0.000119191897593495,1
4.014,-0.855544676337856,-1.47629196108066,-1.75664789354906,-3.05294048901867,-0.855544798275834,0.000119866438452759,1
4.016,-0.855356624690577,-1.47707489624235,-1.75765958283558,-3.05114630483309,-0.855356747311485,0.00012053776767256,1
4.018,-0.855169528959537,-1.47785805988665,-1.75867530465531,-3.04934785763169,-0.855169652260125,0.000121205902617861,1
4.02,-0.854983383423374,-1.47864148193289,-1.75969497956806,-3.04754519694526,-0.854983507400411,0.00012187086054502,1
4.022,-0.854798182402655,-1.47942519201487,-1.76071852934315,-3.04573837138056,-0.854798307052926,0.000122532658599475,1
4.024,-0.854613920260344,-1.48020921948253,-1.76174587693955,-3.04392742863848,-0.854614045580652,0.00012319131381358,1
4.026,-0.854430591402228,-1.48099359340359,-1.76277694648635,-3.04211241553195,-0.854430717389393,0.000123846843104603,1
4.028,-0.854248190277301,-1.48177834256543,-1.7638116632634,-3.04029337800344,-0.85424831692816,0.000124499263272881,1
4.03,-0.8540667113781,-1.48256349547685,-1.76484995368228,-3.03847036114219,-0.854066838689507,0.000125148591000131,1
4.032,-0.853886149241012,-1.48334908037005,-1.7658917452675,-3.03664340920107,-0.853886277209838,0.000125794842847893,1
4.034,-0.853706498446536,-1.48413512520255,-1.76693696663795,-3.03481256561314,-0.853706627069668,0.000126438035256113,1
4.036,-0.853527753619513,-1.48492165765928,-1.76798554748868,-3.03297787300789,-0.853527882893856,0.000127078184541842,1
4.038,-0.853349909429323,-1.48570870515457,-1.76903741857286,-3.03113937322717,-0.853350039351799,0.000127715306898071,1
4.04,-0.853172960590054,-1.48649629483435,-1.77009251168407,-3.02929710734079,-0.853173091157598,0.000128349418392677,1
4.042,-0.852996901860627,-1.48728445357825,-1.77115075963884,-3.02745111566182,-0.852997033070193,0.000128980534967472,1
4.044,-0.852821728044915,-1.48807320800181,-1.77221209625943,-3.02560143776164,-0.852821859893472,0.000129608672437368,1
4.046,-0.85264743399181,-1.4888625844587,-1.77327645635689,-3.02374811248461,-0.852647566476345,0.000130233846489636,1
4.048,-0.85247401459529,-1.48965260904296,-1.77434377571445,-3.02189117796251,-0.852474147712802,0.000130856072683256,1
4.05,-0.852301464794436,-1.49044330759131,-1.775413991071,-3.02003067162867,-0.852301598541944,0.000131475366448364,1
4.052,-0.85212977957345,-1.49123470568541,-1.77648704010505,-3.01816663023184,-0.852129913947985,0.00013209174308578,1
4.054,-0.851958953961634,-1.49202682865418,-1.77756286141876,-3.01629908984972,-0.851959088960244,0.00013270521776662,1
4.056,-0.851788983033356,-1.49281970157615,-1.77864139452237,-3.01442808590233,-0.851789118653105,0.000133315805531983,1
4.058,-0.851619861908003,-1.49361334928178,-1.77972257981877,-3.01255365316497,-0.851619998145968,0.0001339235212927,1
4.06,-0.851451585749896,-1.49440779635581,-1.78080635858841,-3.01067582578105,-0.851451722603171,0.00013452837982919,1
4.062,-0.851284149768211,-1.49520306713968,-1.78189267297441,-3.00879463727457,-0.851284287233905,0.000135130395791325,1
4.064,-0.851117549216873,-1.49599918573379,-1.78298146596792,-3.00691012056241,-0.851117687292109,0.000135729583698402,1
4.066,-0.850951779394431,-1.49679617599996,-1.78407268139379,-3.0050223079663,-0.850951918076345,0.000136325957939157,1
4.068,-0.850786835643924,-1.49759406156376,-1.78516626389638,-3.00313123122461,-0.85078697492967,0.000136919532771834,1
4.07,-0.85062271335274,-1.49839286581689,-1.7862621589257,-3.00123692150389,-0.850622853239484,0.000137510322324304,1
4.072,-0.850459407952446,-1.49919261191955,-1.78736031272374,-2.99933940941011,-0.850459548437369,0.000138098340594242,1
4.074,-0.850296914918623,-1.49999332280278,-1.78846067231102,-2.9974387249998,-0.850297055998919,0.000138683601449345,1
4.076,-0.850135229770678,-1.50079502117086,-1.78956318547346,-2.99553489779078,-0.850135371443556,0.000139266118627595,1
4.078,-0.849974348071654,-1.50159772950363,-1.79066780074936,-2.99362795677286,-0.849974490334338,0.000139845905737558,1
4.08,-0.849814265428027,-1.50240147005883,-1.79177446741669,-2.99171793041821,-0.849814408277753,0.000140422976258729,1
4.082,-0.849654977489491,-1.50320626487445,-1.79288313548059,-2.98980484669149,-0.849655120923509,0.00014099734354192,1
4.084,-0.849496479948744,-1.50401213577104,-1.79399375566104,-2.98788873305991,-0.849496623964317,0.000141569020809658,1
4.086,-0.849338768541251,-1.50481910435403,-1.79510627938081,-2.98596961650292,-0.849338913135656,0.00014213802115665,1
4.088,-0.849181839045019,-1.50562719201602,-1.79622065875362,-2.9840475235218,-0.849181984215546,0.000142704357550238,1
4.09,-0.849025687280348,-1.50643641993904,-1.79733684657242,-2.98212248014906,-0.849025833024301,0.000143268042830927,1
4.092,-0.84887030910959,-1.50724680909687,-1.79845479629802,-2.98019451195756,-0.848870455424284,0.000143829089712894,1
4.094,-0.848715700436891,-1.50805838025724,-1.79957446204779,-2.97826364406955,-0.848715847319655,0.000144387510784553,1
4.096,-0.848561857207934,-1.50887115398409,-1.80069579858468,-2.97632990116546,-0.848562004656109,0.000144943318509136,1
4.098,-0.848408775410636,-1.50968515312439,-1.80181875251292,-2.97439332346401,-0.84840892343073,0.000145505423403076,1
4.1,-0.848256451069849,-1.51050039284596,-1.80294329745827,-2.97245390285466,-0.848256599650079,0.000146056043291684,1
4.102,-0.848104880257621,-1.51131689564048,-1.80406938123651,-2.97051167869842,-0.848105029395365,0.000146604086464417,1
4.104,-0.847954059081925,-1.51213468126336,-1.80519696109518,-2.96856667399936,-0.847954208774575,0.000147149564894309,1
4.106,-0.847803983692113,-1.51295376929246,-1.80632599486624,-2.96661891135462,-0.847804133937071,0.000147692490428079,1
4.108,-0.847654650277438,-1.51377417911487,-1.80745644096499,-2.96466841296865,-0.84765480107212,0.00014823287479114,1
4.11,-0.847506055066779,-1.514595929929,-1.80858825838039,-2.96271520066089,-0.847506206408611,0.000148770729588276,1
4.112,-0.847358194328349,-1.51541904074669,-1.80972140666552,-2.96075929587315,-0.84735834621477,0.000149306066304369,1
4.114,-0.847211064369416,-1.51624353039525,-1.81085584592821,-2.95880071967697,-0.847211216797875,0.000149838896305112,1
4.116,-0.847064661536009,-1.51706941751946,-1.81199153682183,-2.95683949278076,-0.847064814503968,0.000150369230837736,1
4.118,-0.84691898221263,-1.51789672058367,-1.8131284405363,-2.95487563553679,-0.846919135717561,0.000150897081031766,1
4.12,-0.846774022821965,-1.51872545787372,-1.8142665187892,-2.95290916794811,-0.846774176861353,0.000151422457899748,1
4.122,-0.846629779824594,-1.51955564749893,-1.81540573381706,-2.95094010967523,-0.846629934395934,0.000151945372338016,1
4.124,-0.846486249718696,-1.52038730739409,-1.81654604836684,-2.94896848004276,-0.846486404819493,0.000152465835127455,1
4.126,-0.846343429039759,-1.52122045532129,-1.81768742568756,-2.94699429804581,-0.84634358466753,0.000152983856934256,1
4.128,-0.846201314360287,-1.52205510887194,-1.818829829522,-2.94501758235637,-0.84620147051256,0.000153499448310697,1
4.13,-0.84605990228951,-1.52289128546858,-1.81997322409872,-2.94303835132951,-0.846060058963823,0.000154012619695916,1
4.132,-0.845919189473089,-1.52372900236672,-1.82111757412403,-2.94105662300942,-0.84591934666699,0.000154523381416686,1
4.134,-0.845779172592825,-1.52456827665673,-1.82226284477429,-2.93907241513538,-0.845779330303874,0.000155031743688202,1
4.136,-0.845639848366374,-1.52540912526563,-1.82340900168819,-2.9370857451476,-0.84564000659214,0.000155537716614849,1
4.138,-0.845501213546945,-1.52625156495884,-1.8245560109593,-2.93509663019294,-0.845501372285008,0.000156041310191007,1
4.14,-0.845363264923023,-1.527095612342,-1.8257038391287,-2.9331050871305,-0.845363424170972,0.000156542534301815,1
4.142,-0.845225999318073,-1.52794128386269,-1.8268524531777,-2.9311111325371,-0.845226159073508,0.000157041398723968,1
4.144,-0.845089413590256,-1.52878859581212,-1.82800182052083,-2.92911478271269,-0.845089573850786,0.000157537913126501,1
4.146,-0.844953504632142,-1.52963756432686,-1.82915190899878,-2.92711605368559,-0.844953665395386,0.000158032087071567,1
4.148,-0.844818269370423,-1.5304882053905,-1.83030268687164,-2.92511496121768,-0.84481843063401,0.000158523930015221,1
4.15,-0.844683704765638,-1.5313405348353,-1.83145412281213,-2.92311152080946,-0.844683866527206,0.000159013451308203,1
4.152,-0.844549807811879,-1.53219456834379,-1.83260618589907,-2.921105747705,-0.844549970069076,0.000159500660196717,1
4.154,-0.844416575536522,-1.53305032145042,-1.83375884561083,-2.91909765689684,-0.844416738287004,0.000159985565823208,1
4.156,-0.844284004999944,-1.53390780954311,-1.83491207181907,-2.91708726313069,-0.844284168241378,0.000160468177227126,1
4.158,-0.844152093295246,-1.53476704786479,-1.83606583478243,-2.91507458091021,-0.844152257025307,0.000160948503345701,1
4.16,-0.844020837547982,-1.53562805151497,-1.8372201051405,-2.9130596245015,-0.844021001764354,0.000161426553014726,1
4.162,-0.84389023491588,-1.53649083545123,-1.8383748539077,-2.91104240793764,-0.843890399616257,0.000161902334969304,1
4.164,-0.843760282588582,-1.53735541449073,-1.8395300524675,-2.90902294502309,-0.843760447770664,0.0001623758578446,1
4.166,-0.843630977787364,-1.53822180331163,-1.84068567256657,-2.90700124933801,-0.843631143448863,0.000162847130176607,1
4.168,-0.843502317764877,-1.5390900164546,-1.8418416863091,-2.90497733424248,-0.843502483903512,0.0001633161604029,1
4.17,-0.843374299804883,-1.53996006832419,-1.84299806615124,-2.90295121288067,-0.843374466418381,0.00016378295686337,1
4.172,-0.843246921221989,-1.54083197319025,-1.84415478489563,-2.90092289818493,-0.843247088308086,0.000164247527800966,1
4.174,-0.843120179361391,-1.54170574518932,-1.84531181568602,-2.89889240287972,-0.843120346917833,0.000164709881362437,1
4.176,-0.842994071598618,-1.54258139832596,-1.846469132002,-2.89685973948562,-0.842994239623156,0.000165170025599053,1
4.178,-0.842868595339273,-1.54345894647413,-1.8476267076538,-2.89482492032308,-0.842868763829667,0.000165627968467336,1
4.18,-0.842743748018784,-1.54433840337844,-1.84878451677726,-2.89278795751624,-0.842743916972803,0.000166083717829771,1
4.182,-0.842619527102152,-1.54521978265553,-1.84994253382876,-2.89074886299663,-0.842619696517574,0.000166537281455525,1
4.184,-0.842495930083709,-1.54610309779526,-1.85110073358043,-2.88870764850675,-0.842496099958317,0.00016698866702114,1
4.186,-0.842372954486866,-1.54698836216201,-1.85225909111523,-2.88666432560368,-0.842373124818452,0.000167437882111249,1
4.188,-0.842250597863875,-1.54787558899591,-1.85341758182231,-2.88461890566252,-0.842250768650238,0.000167884934219258,1
4.19,-0.842128857795588,-1.54876479141405,-1.85457618139233,-2.88257139987985,-0.842129029034537,0.000168329830748035,1
4.192,-0.842007731891223,-1.54965598241163,-1.85573486581295,-2.88052181927707,-0.842007903580571,0.000168772579010587,1
4.194,-0.841887217788124,-1.55054917486321,-1.85689361136434,-2.87847017470367,-0.841887389925694,0.000169213186230741,1
4.196,-0.841767313151533,-1.5514443815238,-1.85805239461479,-2.8764164768405,-0.841767485735153,0.000169651659543801,1
4.198,-0.841648015674361,-1.55234161503,-1.85921119241643,-2.87436073620294,-0.841648188701869,0.00017008800599721,1
4.2,-0.84152932307696,-1.55324088790116,-1.86036998190101,-2.87230296314396,-0.841529496546198,0.000170522232551201,1
4.202,-0.841411233106898,-1.55414221254041,-1.86152874047571,-2.87024316785724,-0.841411407015716,0.000170954346079453,1
4.204,-0.841293743538741,-1.55504560123578,-1.86268744581912,-2.86818136038012,-0.841293917884998,0.000171384353369707,1
4.206,-0.841176852173831,-1.55595106616124,-1.8638460758772,-2.86611755059657,-0.84117702695539,0.000171812261124417,1
4.208,-0.841060556840074,-1.55685861937773,-1.86500460885941,-2.86405174824004,-0.841060732054807,0.000172238075961361,1
4.21,-0.840944855391722,-1.5577682728342,-1.86616302323479,-2.86198396289633,-0.840945031037506,0.000172661804414265,1
4.212,-0.840829745709167,-1.55868003836859,-1.86732129772825,-2.85991420400635,-0.840829921783886,0.000173083452933405,1
4.214,-0.840715225698731,-1.55959392770882,-1.86847941131681,-2.85784248086884,-0.840715402200275,0.00017350302788621,1
4.216,-0.840601293292458,-1.56050995247378,-1.86963734322597,-2.85576880264309,-0.840601470218725,0.000173920535557858,1
4.218,-0.840487946447919,-1.56142812417423,-1.87079507292613,-2.85369317835152,-0.840488123796812,0.000174335982151855,1
4.22,-0.840375183148006,-1.56234845421376,-1.87195258012909,-2.85161561688229,-0.840375360917434,0.000174749373790617,1
4.222,-0.840263001400733,-1.56327095388969,-1.87310984478461,-2.84953612699183,-0.840263179588613,0.000175160716516057,1
4.224,-0.840151399239051,-1.56419563439399,-1.87426684707698,-2.84745471730732,-0.840151577843303,0.000175570016290117,1
4.226,-0.840040374720647,-1.56512250681412,-1.87542356742175,-2.84537139632916,-0.8400405537392,0.000175977278995342,1
4.228,-0.839929925927758,-1.56605158213393,-1.87657998646246,-2.84328617243333,-0.839930105358546,0.000176382510435434,1
4.23,-0.839820050966988,-1.56698287123447,-1.8777360850674,-2.84119905387378,-0.839820230807949,0.000176785716335776,1
4.232,-0.839710747969117,-1.56791638489483,-1.87889184432652,-2.83911004878475,-0.839710928218197,0.000177186902343982,1
4.234,-0.839602015088926,-1.56885213379298,-1.88004724554831,-2.83701916518298,-0.839602195744076,0.000177586074030404,1
4.236,-0.839493850505018,-1.56979012850653,-1.88120227025678,-2.83492641097003,-0.839494031564193,0.000177983236888664,1
4.238,-0.839386252419637,-1.57073037951352,-1.88235690018851,-2.8328317939344,-0.839386433880801,0.000178378396336156,1
4.24,-0.839279219058502,-1.57167289719318,-1.88351111728969,-2.83073532175375,-0.839279400919621,0.000178771557714551,1
4.242,-0.83917274867063,-1.57261769182669,-1.8846649037133,-2.82863700199694,-0.839172930929678,0.000179162726290293,1
4.244,-0.839066839528172,-1.57356477359793,-1.88581824181625,-2.82653684212617,-0.839067022183127,0.00017955190725508,1
4.246,-0.838961489926248,-1.57451415259415,-1.88697111415669,-2.82443484949899,-0.838961672975092,0.000179939105726349,1
4.248,-0.838856698182781,-1.5754658388067,-1.88812350349123,-2.82233103137031,-0.838856881623502,0.000180324326747741,1
4.25,-0.838752462638337,-1.57641984213174,-1.88927539277232,-2.82022539489439,-0.83875264646893,0.000180707575289577,1
4.252,-0.83864878165597,-1.57737617237087,-1.89042676514565,-2.81811794712676,-0.838648965874433,0.000181088856249301,1
4.254,-0.838545653621068,-1.57833483923181,-1.89157760394755,-2.81600869502609,-0.838545838225404,0.000181468174451932,1
4.256,-0.838443076941194,-1.57929585232905,-1.89272789270251,-2.81389764545614,-0.838443261929411,0.00018184553465051,1
4.258,-0.838341050045942,-1.58025922118449,-1.89387761512071,-2.81178480518751,-0.838341235416054,0.000182220941526526,1
4.26,-0.838239571386789,-1.581224955228,-1.8950267550956,-2.80967018089951,-0.838239757136812,0.000182594399690345,1
4.262,-0.838138639436945,-1.58219306379808,-1.89617529670149,-2.80755377918189,-0.838138825564902,0.000182965913681638,1
4.264,-0.838038252691217,-1.58316355614244,-1.89732322419128,-2.8054356065366,-0.838038439195135,0.000183335487969764,1
4.266,-0.837938409665864,-1.58413644141854,-1.89847052199414,-2.80331566937953,-0.837938596543774,0.000183703126954209,1
4.268,-0.837839108898464,-1.5851117286942,-1.89961717471323,-2.80119397404213,-0.837839296148402,0.000184068834964952,1
4.27,-0.837740348947775,-1.58608942694807,-1.90076316712357,-2.79907052677315,-0.83774053656778,0.000184432616262873,1
4.272,-0.837642128393603,-1.58706954507026,-1.90190848416984,-2.79694533374018,-0.83764231638172,0.000184794475040122,1
4.274,-0.837544445836674,-1.5880520918628,-1.90305311096425,-2.7948184010313,-0.837544634190952,0.000185154415420498,1
4.276,-0.837447299898506,-1.58903707604015,-1.90419703278449,-2.79268973465667,-0.837447488616997,0.000185512441459812,1
4.278,-0.837350689221281,-1.59002450622971,-1.90534023507166,-2.79055934055002,-0.837350878302041,0.000185868557146248,1
4.28,-0.837254612467723,-1.59101439097229,-1.9064827034283,-2.78842722457022,-0.837254801908814,0.000186222766400714,1
4.282,-0.837159068320982,-1.59200673872259,-1.90762442361638,-2.78629339250273,-0.837159258120467,0.000186575073077178,1
4.284,-0.837064055484509,-1.59300155784966,-1.90876538155545,-2.78415785006112,-0.837064245640458,0.00018692548096302,1
4.286,-0.836969572681946,-1.59399885663732,-1.90990556332066,-2.78202060288848,-0.83696976319243,0.000187273993779346,1
4.288,-0.836875618657008,-1.59499864328462,-1.91104495514099,-2.77988165655882,-0.836875809520103,0.000187620615181319,1
4.29,-0.836782192173375,-1.59600092590622,-1.91218354339738,-2.77774101657854,-0.836782383387161,0.000187965348758467,1
4.292,-0.836689292014585,-1.59700571253286,-1.91332131462096,-2.77559868838774,-0.836689483577145,0.000188308198034991,1
4.294,-0.836596916983923,-1.59801301111169,-1.91445825549134,-2.77345467736157,-0.836597108893343,0.000188649166470073,1
4.296,-0.836505065904318,-1.59902282950671,-1.91559435283484,-2.77130898881162,-0.836505258158689,0.000188988257458153,1
4.298,-0.836413737618247,-1.60003517549907,-1.91672959362285,-2.76916162798714,-0.836413930215662,0.000189325474329234,1
4.3,-0.836322930987627,-1.60105005678751,-1.91786396497019,-2.76701260007642,-0.836323123926183,0.000189660820349143,1
4.302,-0.836232644893726,-1.60206748098867,-1.91899745413345,-2.76486191020795,-0.836232838171522,0.000189994298719808,1
4.304,-0.836142878237061,-1.60308745563742,-1.92013004850948,-2.76270956345176,-0.836143071852202,0.000190325912579527,1
4.306,-0.836053629937313,-1.60410998818719,-1.92126173563379,-2.76055556482059,-0.836053823887904,0.000190655665003215,1
4.308,-0.835964898933229,-1.6051350860103,-1.92239250317903,-2.7583999192711,-0.835965093217381,0.000190983559002659,1
4.31,-0.835876684182541,-1.60616275639825,-1.92352233895355,-2.75624263170506,-0.835876878798366,0.000191309597526759,1
4.312,-0.835788984661876,-1.60719300656201,-1.9246512308999,-2.7540837069705,-0.835789179607489,0.000191633783461766,1
4.314,-0.835701799366675,-1.60822584363232,-1.9257791670934,-2.75192314986289,-0.835701994640194,0.000191956119631503,1
4.316,-0.835615127311107,-1.60926127465993,-1.92690613574081,-2.74976096512622,-0.835615322910653,0.000192276608797595,1
4.318,-0.835528967527998,-1.61029930661589,-1.92803212517886,-2.74759715745415,-0.835529163451695,0.000192595253659669,1
4.32,-0.835443319068747,-1.61133994639177,-1.92915712387299,-2.74543173149106,-0.835443515314722,0.000192912056855578,1
4.322,-0.835358181003257,-1.61238320079993,-1.93028112041602,-2.74326469183318,-0.835358377569639,0.000193227020961589,1
4.324,-0.835273552419857,-1.61342907657372,-1.93140410352684,-2.74109604302959,-0.835273749304778,0.000193540148492577,1
4.326,-0.835189432425238,-1.61447758036771,-1.93252606204918,-2.73892578958327,-0.835189629626832,0.000193851441902212,1
4.328,-0.835105820144381,-1.61552871875789,-1.93364698495039,-2.73675393595214,-0.835106017660783,0.000194160903583136,1
4.33,-0.83502271472049,-1.61658249824188,-1.93476686132021,-2.73458048655007,-0.835022912549841,0.000194468535867137,1
4.332,-0.834940115314934,-1.6176389252391,-1.93588568036962,-2.73240544574785,-0.834940313455375,0.000194774341025313,1
4.334,-0.834858021107182,-1.61869800609095,-1.93700343142966,-2.73022881787416,-0.834858219556855,0.000195078321268224,1
4.336,-0.834776431294743,-1.61975974706099,-1.93812010395035,-2.72805060721655,-0.834776630051795,0.000195380478746046,1
4.338,-0.834695345093112,-1.62082415433506,-1.93923568749954,-2.72587081802237,-0.834695544155691,0.000195680815548716,1
4.34,-0.834614761735713,-1.62189123402147,-1.94035017176189,-2.7236894544997,-0.834614961101969,0.00019597933370606,1
4.342,-0.834534680473847,-1.6229609921511,-1.94146354653779,-2.72150652081826,-0.834534880141931,0.000196276035187937,1
4.344,-0.834455100576642,-1.62403343467755,-1.94257580174231,-2.71932202111032,-0.834455300544709,0.00019657092190434,1
4.346,-0.834376021331003,-1.62510856747724,-1.94368692740428,-2.71713595947156,-0.834376221597208,0.000196863995705534,1
4.348,-0.83429744204157,-1.62618639634951,-1.94479691366525,-2.71494833996198,-0.834297642604071,0.000197155258382143,1
4.35,-0.834219362030669,-1.62726692701674,-1.94590575077853,-2.71275916660671,-0.834219562887625,0.000197444711665262,1
4.352,-0.834141780638274,-1.62835016512442,-1.94701342910831,-2.71056844339689,-0.834141981787845,0.000197732357226549,1
4.354,-0.834064697221964,-1.62943611624121,-1.94811993912873,-2.70837617429047,-0.834064898662314,0.000198018196678311,1
4.356,-0.833988111156889,-1.63052478585905,-1.94922527142298,-2.70618236321307,-0.833988312886182,0.000198302231573581,1
4.358,-0.833912021835733,-1.63161617939319,-1.95032941668246,-2.70398701405872,-0.833912223852136,0.000198584463406191,1
4.36,-0.833836428668682,-1.63271030218221,-1.95143236570595,-2.70179013069073,-0.83383663097036,0.000198864893610844,1
4.362,-0.83376133108339,-1.63380715948811,-1.95253410939876,-2.69959171694238,-0.833761533668513,0.000199143523563161,1
4.364,-0.833686728524955,-1.63490675649632,-1.95363463877199,-2.69739177661775,-0.833686931391692,0.000199420354579737,1
4.366,-0.833612620455886,-1.63600909831571,-1.95473394494167,-2.69519031349247,-0.83361282360241,0.000199695387918189,1
4.368,-0.833539006356087,-1.63711418997858,-1.95583201912812,-2.69298733131443,-0.83353920978057,0.000199968624777184,1
4.37,-0.833465885722828,-1.63822203644071,-1.95692885265513,-2.69078283380452,-0.833466089423442,0.000200240066296472,1
4.372,-0.833393258070724,-1.63933264258131,-1.95802443694929,-2.68857682465738,-0.833393462045645,0.000200509713556914,1
4.374,-0.833321122931725,-1.64044601320302,-1.9591187635393,-2.68636930754207,-0.833321327179129,0.00020077756758048,1
4.376,-0.833249479855094,-1.64156215303186,-1.96021182405529,-2.68416028610278,-0.833249684373157,0.000201043629330278,1
4.378,-0.833178328407392,-1.64268106671723,-1.96130361022819,-2.68194976395951,-0.833178533194292,0.000201307899710539,1
4.38,-0.833107668172474,-1.64380275883181,-1.9623941138891,-2.67973774470877,-0.833107873226389,0.000201570379566611,1
4.382,-0.83303749875147,-1.64492723387155,-1.96348332696865,-2.6775242319242,-0.833037704070581,0.000201831069684955,1
4.384,-0.832967819762789,-1.64605449625558,-1.96457124149648,-2.67530922915726,-0.832968025345275,0.000202089970793108,1
4.386,-0.832898630842107,-1.64718455032613,-1.9656578496006,-2.67309273993787,-0.832898836686148,0.000202347083559662,1
4.388,-0.832829931642364,-1.64831740034848,-1.96674314350689,-2.67087476777501,-0.832830137746142,0.00020260240859423,1
4.39,-0.832761721833768,-1.64945305051079,-1.96782711553857,-2.66865531615738,-0.832761928195465,0.000202855946447397,1
4.392,-0.832694001103796,-1.65059150492411,-1.96890975811566,-2.666434388554,-0.832694207721595,0.000203107697610661,1
4.394,-0.832626769157197,-1.65173276762213,-1.96999106375451,-2.6642119884148,-0.83262697602928,0.000203357662516388,1
4.396,-0.832560025715998,-1.65287684256117,-1.97107102506736,-2.66198811917124,-0.832560232840549,0.000203605841537733,1
4.398,-0.832493770519515,-1.65402373362,-1.97214963476182,-2.65976278423687,-0.832493977894717,0.000203852234988567,1
4.4,-0.832428003324361,-1.65517344459968,-1.9732268856405,-2.65753598700792,-0.832428210948398,0.000204096843123405,1
4.402,-0.832362723904464,-1.65632597922346,-1.97430277060057,-2.65530773086385,-0.83236293177552,0.000204339666137299,1
4.404,-0.832297932051593,-1.65748134150549,-1.97537727761561,-2.65307803029166,-0.832298140174043,0.000204586710624025,1
4.406,-0.832233627572439,-1.65863953425262,-1.97645040981953,-2.65084686640094,-0.832233835938277,0.000204825964309192,1
4.408,-0.832169810295242,-1.65980056135756,-1.9775221553521,-2.64861425363352,-0.832170018902653,0.00020506343309335,1
4.41,-0.832106480062479,-1.66096442621772,-1.97859250749272,-2.64638019531227,-0.832106688909647,0.00020529911693594,1
4.412,-0.83204363673492,-1.6621311321645,-1.97966145960585,-2.64414469474102,-0.832043845820029,0.000205533015733103,1
4.414,-0.831981280190783,-1.66330068245431,-1.98072900509102,-2.64190775533833,-0.831981489512089,0.000205765198902368,1
4.416,-0.831919410325728,-1.66447308025227,-1.98179513761218,-2.63966938012502,-0.831919619881343,0.000205995527062599,1
4.418,-0.831858027052968,-1.66564832865661,-1.98285985075272,-2.63742957249387,-0.831858236841075,0.000206224069504156,1
4.42,-0.831797130303218,-1.6668264306814,-1.9839231382454,-2.63518833569757,-0.831797340322,0.000206450825881641,1
4.422,-0.831736720024779,-1.66800738926099,-1.98498499391431,-2.63294567297719,-0.831736930272419,0.000206675795788819,1
4.424,-0.831676796183564,-1.66919120724953,-1.98604541167477,-2.63070158756267,-0.831677006658245,0.000206898978758474,1
4.426,-0.831617358763147,-1.67037788742077,-1.98710438553315,-2.62845608267332,-0.83161756946305,0.000207120374262219,1
4.428,-0.831558407764803,-1.67156743246777,-1.98816190958663,-2.62620916151826,-0.831558618688108,0.000207339981710292,1
4.43,-0.831499943207553,-1.67275984500255,-1.9892179780231,-2.62396082729689,-0.831500154352441,0.000207557800451366,1
4.432,-0.831441965128218,-1.67395512755586,-1.99027258512101,-2.62171108319931,-0.831442176492869,0.000207773829772322,1
4.434,-0.831384473581471,-1.67515328257685,-1.9913257252492,-2.61945993240678,-0.831384685164064,0.000207988068898022,1
4.436,-0.83132746863989,-1.67635431243269,-1.99237739286686,-2.61720737809212,-0.831327680438602,0.000208200516991087,1
4.438,-0.831270950394014,-1.67755821940834,-1.99342758252339,-2.61495342342016,-0.831271162407024,0.000208411173151656,1
4.44,-0.831214918952408,-1.67876500570612,-1.99447628885835,-2.61269807154815,-0.83121513117789,0.000208620036417122,1
4.442,-0.831159374441721,-1.67997467344538,-1.9955235066014,-2.61044132562614,-0.831159586877851,0.000208827105761876,1
4.444,-0.831104317006754,-1.68118722466216,-1.99656923057226,-2.60818318879743,-0.831104529651706,0.000209032380097052,1
4.446,-0.831049746810527,-1.68240266130879,-1.99761345568071,-2.6059236641989,-0.831049959662474,0.00020923585827023,1
4.448,-0.830995664034351,-1.68362098525349,-1.99865617692658,-2.60366275496148,-0.830995877091464,0.000209437539065153,1
4.45,-0.830942068877901,-1.68484219828,-1.99969738939975,-2.60140046421044,-0.830942282138351,0.000209637421201431,1
4.452,-0.830888961559293,-1.68606630208716,-2.00073708828021,-2.59913679506586,-0.830889175021248,0.000209835503334233,1
4.454,-0.830836342315163,-1.68729329828848,-2.0017752688381,-2.59687175064291,-0.830836555976791,0.000210031784053964,1
4.456,-0.83078421140075,-1.68852318841169,-2.00281192643378,-2.59460533405229,-0.830784425260217,0.000210226261885946,1
4.458,-0.830732569089979,-1.68975597389834,-2.00384705651792,-2.59233754840055,-0.830732783145449,0.00021041893529007,1
4.46,-0.830681415675552,-1.69099165610331,-2.00488065463162,-2.5900683967904,-0.830681629925189,0.00021060980266045,1
4.462,-0.830630751469039,-1.69223023629432,-2.0059127164065,-2.58779788232116,-0.830630965911002,0.00021079886232507,1
4.464,-0.830580576800969,-1.69347171565152,-2.00694323756488,-2.58552600808901,-0.830580791433419,0.000210986112545407,1
4.466,-0.830530892020932,-1.6947160952669,-2.00797221391993,-2.58325277718735,-0.830531106842025,0.000211171551516051,1
4.468,-0.830481697497672,-1.69596337614385,-2.00899964137583,-2.58097819270714,-0.830481912505565,0.000211355177364324,1
4.47,-0.830432993619199,-1.69721355919662,-2.01002551592799,-2.57870225773723,-0.830433208812044,0.000211536988149866,1
4.472,-0.830384780792889,-1.69846664524979,-2.01104983366325,-2.57642497536465,-0.83038499616884,0.000211716981864225,1
4.474,-0.830337059445601,-1.69972263503771,-2.01207259076012,-2.57414634867493,-0.830337275002805,0.000211895156430433,1
4.476,-0.830289830023779,-1.70098152920393,-2.01309378348903,-2.57186638075244,-0.830290045760385,0.000212071509702576,1
4.478,-0.83024309299358,-1.70224332830068,-2.01411340821263,-2.56958507468065,-0.830243308907731,0.000212246039465337,1
4.48,-0.830196848840985,-1.70350803278821,-2.015131461386,-2.56730243354246,-0.830197064930825,0.000212418743433541,1
4.482,-0.83015109807193,-1.70477564303424,-2.01614793955706,-2.56501846042047,-0.830151314335599,0.000212589619251681,1
4.484,-0.830105841212422,-1.70604615931331,-2.01716283936683,-2.56273315839728,-0.830106057648058,0.000212758664493447,1
4.486,-0.830061078808683,-1.70731958180619,-2.0181761575498,-2.56044653055579,-0.830061295414421,0.000212925876661204,1
4.488,-0.830016811427271,-1.70859591059918,-2.01918789093428,-2.55815857997943,-0.830017028201243,0.000213091253185513,1
4.49,-0.829973039655223,-1.70987514568349,-2.02019803644283,-2.55586930975253,-0.829973256595559,0.000213254791424594,1
4.492,-0.829929764100196,-1.71115728695453,-2.02120659109259,-2.55357872296046,-0.829929981205025,0.000213416488663788,1
4.494,-0.829886985390612,-1.71244233421127,-2.02221355199577,-2.55128682269001,-0.829887202658056,0.000213576342115025,1
4.496,-0.829844704175803,-1.71373028715547,-2.02321891636009,-2.54899361202961,-0.829844921603984,0.000213734348916253,1
4.498,-0.829802921126165,-1.71502114539098,-2.0242226814892,-2.54669909406958,-0.829803138713203,0.000213890506130864,1
4.5,-0.829761636933318,-1.71631490842301,-2.02522484478319,-2.54440327190241,-0.829761854677327,0.000214044810747113,1
4.502,-0.829720852310258,-1.71761157565737,-2.02622540373913,-2.54210614862298,-0.829721070209351,0.000214197259677515,1
4.504,-0.82968056799153,-1.71891114639968,-2.02722435595154,-2.53980772732885,-0.829680786043815,0.000214347849758218,1
4.506,-0.829640784733386,-1.72021361985458,-2.02822169911296,-2.53750801112048,-0.82964100293697,0.000214496577748395,1
4.508,-0.829601503313968,-1.72151899512491,-2.02921743101453,-2.53520700310148,-0.829601721666952,0.000214643440329576,1
4.51,-0.829562724533478,-1.72282727121092,-2.03021154954656,-2.53290470637883,-0.829562943033962,0.000214788434105003,1
4.512,-0.829524449214358,-1.72413844700938,-2.03120405269915,-2.53060112406315,-0.829524667860437,0.000214931555598954,1
4.514,-0.829486678201478,-1.72545252131273,-2.03219493856284,-2.52829625926891,-0.829486896991244,0.000215072801256047,1
4.516,-0.829449412362326,-1.72676949280818,-2.03318420532923,-2.52599011511468,-0.829449631293867,0.000215212167440539,1
4.518,-0.8294126525872,-1.72808936007684,-2.03417185129168,-2.52368269472335,-0.8294128716586,0.000215349650435597,1
4.52,-0.829376399789407,-1.72941212159273,-2.03515787484599,-2.52137400122233,-0.829376618998746,0.000215485246442576,1
4.522,-0.829340654905465,-1.73073777572191,-2.03614227449116,-2.51906403774383,-0.82934087425082,0.000215618951580247,1
4.524,-0.829305418895317,-1.73206632072145,-2.03712504883008,-2.51675280742504,-0.82930563837476,0.000215750761884031,1
4.526,-0.829270692742534,-1.73339775473846,-2.03810619657036,-2.51444031340837,-0.829270912354133,0.000215880673305217,1
4.528,-0.82923647745454,-1.73473207580908,-2.03908571652508,-2.51212655884165,-0.82923669719636,0.000216008681710154,1
4.53,-0.829202774062834,-1.73606928185745,-2.0400636076136,-2.50981154687838,-0.829202993932935,0.000216134782879415,1
4.532,-0.829169583623254,-1.73740937067043,-2.04103986848881,-2.50749528159448,-0.829169803620182,0.000216259453787162,1
4.534,-0.829136907215987,-1.7387523399914,-2.04201449903367,-2.50517776432309,-0.829137127337301,0.000216381727502777,1
4.536,-0.82910474594632,-1.74009818738088,-2.04298749811608,-2.50285899915133,-0.829104966190068,0.000216502080800721,1
4.538,-0.829073100944307,-1.74144691030306,-2.04395886508996,-2.50053898925786,-0.82907332130853,0.000216620509110173,1
4.54,-0.829041973365336,-1.74279850610568,-2.04492859941928,-2.49821773782767,-0.829042193848071,0.00021673700776988,1
4.542,-0.829011364390318,-1.74415297201777,-2.04589670067972,-2.49589524805271,-0.829011584989597,0.000216851572027492,1
4.544,-0.828981275225943,-1.74551030514842,-2.04686316855968,-2.49357152313209,-0.828981495939794,0.000216964197038601,1
4.546,-0.828951707104951,-1.74687050248556,-2.04782800286129,-2.4912465662723,-0.828951927931395,0.000217074877865765,1
4.548,-0.828922661286397,-1.74823356089467,-2.04879120350146,-2.48892038068741,-0.828922882223452,0.000217183609477508,1
4.55,-0.828894139055937,-1.74959947711751,-2.04975277051294,-2.4865929695993,-0.828894360101615,0.000217290386747298,1
4.552,-0.828866141726107,-1.75096824777081,-2.05071270404546,-2.4842643362379,-0.828866362878413,0.000217395204452511,1
4.554,-0.828838670636615,-1.75233986934488,-2.05167100436681,-2.48193448384135,-0.828838891893552,0.000217498057273354,1
4.556,-0.828811727154638,-1.75371433820224,-2.05262767186406,-2.47960341565629,-0.828811948514201,0.000217598939791794,1
4.558,-0.828785312675129,-1.75509165057624,-2.05358270704471,-2.47727113493804,-0.828785534135308,0.000217697846490432,1
4.56,-0.828759428621118,-1.75647180256957,-2.05453611053791,-2.47493764495083,-0.828759650179898,0.000217794771751381,1
4.562,-0.82873407644404,-1.75785479015278,-2.05548788309574,-2.47260294896806,-0.828734298099399,0.000217889709855099,1
4.564,-0.828709257624051,-1.7592406091628,-2.05643802559447,-2.47026705027249,-0.828709479373961,0.000217982654979212,1
4.566,-0.82868497367036,-1.76062925530135,-2.05738653903588,-2.46792995215648,-0.828685195512788,0.000218073601197309,1
4.568,-0.828661226121571,-1.7620207241334,-2.05833342454858,-2.46559165792229,-0.828661448054477,0.000218162542477694,1
4.57,-0.828638016546024,-1.76341501108549,-2.05927868338944,-2.46325217088223,-0.828638238567362,0.000218249472682145,1
4.572,-0.82861534654215,-1.76481211144414,-2.06022231694498,-2.46091149435897,-0.828615568649869,0.000218334385564615,1
4.574,-0.828593217738832,-1.76621202035406,-2.06116432673279,-2.45856963168579,-0.828593439930873,0.000218417274769923,1
4.576,-0.828571631795772,-1.76761473281651,-2.06210471440302,-2.4562265862068,-0.82857185407007,0.000218498133832414,1
4.578,-0.828550590403869,-1.76902024368744,-2.06304348173994,-2.45388236127725,-0.828550812758351,0.000218576956174586,1
4.58,-0.8285300952856,-1.77042854767573,-2.0639806306634,-2.45153696026379,-0.828530317718188,0.00021865373510569,1
4.582,-0.828510148195418,-1.77183963934126,-2.06491616323054,-2.44919038654471,-0.828510370704026,0.000218728463820314,1
4.584,-0.82849075092015,-1.77325351309306,-2.06585008163731,-2.44684264351027,-0.828490973502685,0.000218801135396906,1
4.586,-0.828471905279407,-1.7746701631873,-2.06678238822014,-2.44449373456298,-0.82847212793377,0.000218871742796295,1
4.588,-0.828453613126005,-1.77608958372536,-2.06771308545772,-2.44214366311789,-0.828453835850089,0.00021894027886017,1
4.59,-0.828435876346391,-1.77751176865168,-2.06864217597267,-2.43979243260291,-0.828436099138081,0.000219006736309529,1
4.592,-0.828418696861082,-1.77893671175175,-2.06956966253332,-2.43744004645914,-0.828418919718256,0.000219071107743083,1
4.594,-0.828402076625109,-1.7803644066499,-2.07049554805559,-2.43508650814117,-0.828402299545637,0.000219133385635648,1
4.596,-0.828386017628476,-1.78179484680713,-2.07141983560475,-2.43273182111747,-0.828386240610221,0.000219193562336477,1
4.598,-0.828370521896627,-1.78322802551882,-2.07234252839746,-2.43037598887067,-0.828370744937443,0.000219251630067587,1
4.6,-0.828355591490918,-1.78466393591245,-2.07326362980359,-2.42801901489801,-0.828355814588652,0.000219307580922019,1
4.602,-0.82834122850911,-1.7861025709452,-2.07418314334829,-2.42566090271164,-0.8283414516616,0.000219361406862087,1
4.604,-0.82832743508586,-1.78754392340152,-2.075101072714,-2.42330165583908,-0.828327658290937,0.000219413099717572,1
4.606,-0.828314213393235,-1.78898798589067,-2.07601742174255,-2.42094127782358,-0.828314436648719,0.000219462651183882,1
4.608,-0.828301565641226,-1.79043475084412,-2.07693219443725,-2.41857977222456,-0.828301788944931,0.000219510052820181,1
4.61,-0.828289494078282,-1.79188421051299,-2.07784539496512,-2.41621714261803,-0.828289717428012,0.000219555296047469,1
4.612,-0.828278000991851,-1.79333635696529,-2.07875702765911,-2.41385339259708,-0.828278224385401,0.000219598372146619,1
4.614,-0.828267088708934,-1.79479118208325,-2.07966709702033,-2.41148852577231,-0.828267312144092,0.000219639272256383,1
4.616,-0.828256759596651,-1.79624867756043,-2.08057560772045,-2.40912254577237,-0.828256983071193,0.000219677987371344,1
4.618,-0.828247016062819,-1.79770883489887,-2.081482564604,-2.40675545624443,-0.828247239574513,0.00021971450833983,1
4.62,-0.828237860556543,-1.79917164540609,-2.08238797269089,-2.40438726085474,-0.828238084103148,0.000219748825861785,1
4.622,-0.828229295568821,-1.80063710019207,-2.08329183717883,-2.40201796328916,-0.828229519148085,0.000219780930486582,1
4.624,-0.82822132363316,-1.80210519016609,-2.08419416344593,-2.39964756725376,-0.828221547242823,0.000219810812610806,1
4.626,-0.828213947326209,-1.80357590603359,-2.08509495705323,-2.39727607647544,-0.828214170963999,0.000219838462475972,1
4.628,-0.828207169268401,-1.80504923829278,-2.08599422374747,-2.39490349470251,-0.828207392932038,0.000219863870166211,1
4.63,-0.828200992124612,-1.80652517723135,-2.08689196946369,-2.39252982570537,-0.828201215811805,0.000219887025605891,1
4.632,-0.828195418604839,-1.80800371292296,-2.08778820032807,-2.39015507327723,-0.828195642313286,0.000219907918557189,1
4.634,-0.828190451464883,-1.8094848352237,-2.08868292266079,-2.38777924123477,-0.828190675192272,0.000219926538617623,1
4.636,-0.828186093507055,-1.81096853376841,-2.08957614297892,-2.3854023334189,-0.828186317251063,0.000219942875217508,1
4.638,-0.828182347580897,-1.81245479796696,-2.09046786799934,-2.38302435369558,-0.828182571339189,0.000219956917617376,1
4.64,-0.828179216583912,-1.81394361700038,-2.09135810464187,-2.38064530595657,-0.828179440354145,0.000219968654905333,1
4.642,-0.828176703462324,-1.81543497981689,-2.09224686003231,-2.37826519412033,-0.82817692724214,0.000219978075994348,1
4.644,-0.828174811211838,-1.81692887512787,-2.09313414150563,-2.37588402213288,-0.82817503499887,0.000219985169619502,1
4.646,-0.828173542878431,-1.81842529140364,-2.09401995660923,-2.37350179396875,-0.828173766670301,0.000219989924335157,1
4.648,-0.828172901559155,-1.8199242168692,-2.09490431310625,-2.37111851363194,-0.828173125353471,0.000219992328512076,1
4.65,-0.828172890402956,-1.82142563949981,-2.09578721897896,-2.36873418515689,-0.828173114197314,0.000219992370334472,1
4.652,-0.828173512611514,-1.82292954701648,-2.09666868243224,-2.36634881260963,-0.828173736403499,0.000219990037796992,1
4.654,-0.828174771440106,-1.82443592688125,-2.09754871189713,-2.36396240008881,-0.82817499522729,0.000219985318701642,1
4.656,-0.828176670198478,-1.82594476629248,-2.09842731603445,-2.36157495172689,-0.828176893978421,0.000219978200654628,1
4.658,-0.828179212251747,-1.82745605217986,-2.09930450373852,-2.35918647169134,-0.828179436021997,0.000219968671063143,1
4.66,-0.82818240102132,-1.8289697711994,-2.10018028414094,-2.35679696418591,-0.828182624779408,0.000219956717132077,1
4.662,-0.828186239985829,-1.83048590972819,-2.1010546666145,-2.35440643345196,-0.828186463729278,0.000219942325860637,1
4.664,-0.828190732682098,-1.83200445385905,-2.10192766077711,-2.35201488376984,-0.828190956408414,0.000219925484038921,1
4.666,-0.828195882706119,-1.83352538939504,-2.10279927649588,-2.3496223194603,-0.828196106412796,0.000219906178244393,1
4.668,-0.828201693714062,-1.83504870184377,-2.1036695238913,-2.34722874488609,-0.828201917398579,0.000219884394838282,1
4.67,-0.828208169423302,-1.83657437641159,-2.10453841334141,-2.34483416445346,-0.828208393083124,0.000219860119961905,1
4.672,-0.828215313613467,-1.83810239799756,-2.10540595548622,-2.34243858261383,-0.828215537246046,0.000219833339532906,1
4.674,-0.828223130127521,-1.83963275118731,-2.10627216123211,-2.34004200386558,-0.828223353730294,0.000219804039241399,1
4.676,-0.828231622872861,-1.84116542024667,-2.10713704175636,-2.33764443275581,-0.828231846443248,0.000219772204546038,1
4.678,-0.828240795822439,-1.8427003891151,-2.10800060851185,-2.33524587388222,-0.828241019357849,0.000219737820669995,1
4.68,-0.828250653015924,-1.84423764139899,-2.10886287323176,-2.33284633189513,-0.828250876513747,0.000219700872596833,1
4.682,-0.828261198560872,-1.84577716036469,-2.10972384793447,-2.33044581149958,-0.828261422018484,0.000219661345066301,1
4.684,-0.828272436633938,-1.84731892893139,-2.11058354492849,-2.32804431745741,-0.8282726600487,0.000219619222570017,1
4.686,-0.828284371482109,-1.84886292966372,-2.11144197681762,-2.3256418545896,-0.828284594851365,0.000219574489347069,1
4.688,-0.828297007423967,-1.85040914476422,-2.11229915650607,-2.32323842777865,-0.828297230745045,0.000219527129379504,1
4.69,-0.828310348850985,-1.85195755606547,-2.11315509720386,-2.32083404197103,-0.828310572121195,0.000219477126387702,1
4.692,-0.828324400228843,-1.85350814502207,-2.11400981243223,-2.31842870217977,-0.82832462344548,0.00021942446382568,1
4.694,-0.828339166098793,-1.85506089270234,-2.11486331602921,-2.31602241348724,-0.828339389259135,0.000219369124876232,1
4.696,-0.828354651079038,-1.85661577977973,-2.11571562215539,-2.31361518104793,-0.828354874180345,0.000219311092446014,1
4.698,-0.828370859866154,-1.85817278652405,-2.11656674529967,-2.31120701009147,-0.828371082905667,0.000219250349160471,1
4.7,-0.828387797236542,-1.85973189279234,-2.11741670028529,-2.30879790592574,-0.828388020211487,0.000219186877358665,1
4.702,-0.828405468047914,-1.86129307801952,-2.11826550227595,-2.30638787394008,-0.828405690955497,0.000219120659087989,1
4.704,-0.828423877240822,-1.86285632120869,-2.11911316678203,-2.3039769196088,-0.82842410007823,0.000219051676098726,1
4.706,-0.828443029840206,-1.86442160092114,-2.11995970966702,-2.30156504849464,-0.828443252604607,0.00021897990983853,1
4.708,-0.828462930956999,-1.86598889526613,-2.12080514715409,-2.29915226625259,-0.828463153645542,0.000218905341446725,1
4.71,-0.828483585789756,-1.86755818189019,-2.12164949583274,-2.29673857863373,-0.828483808399572,0.00021882795174851,1
4.712,-0.82850499962633,-1.86912943796618,-2.12249277266576,-2.29432399148941,-0.828505222154529,0.000218747721249004,1
4.714,-0.828527177845582,-1.87070264018201,-2.12333499499614,-2.29190851077542,-0.828527400289254,0.000218664630127163,1
4.716,-0.828550125919139,-1.87227776472892,-2.12417618055439,-2.28949214255655,-0.828550348275354,0.000218578658229543,1
4.718,-0.828573849413188,-1.87385478728947,-2.1250163474658,-2.28707489301124,-0.828574071678993,0.000218489785063932,1
4.72,-0.828598353990314,-1.87543368302501,-2.12585551425805,-2.28465676843652,-0.828598576162737,0.000218397989792807,1
4.722,-0.828623645411389,-1.87701442656295,-2.12669369986886,-2.2822377752531,-0.828623867487436,0.000218303251226657,1
4.724,-0.828649729537494,-1.87859699198334,-2.12753092365398,-2.27981792001077,-0.82864995151415,0.000218205547817145,1
4.726,-0.828676612331903,-1.88018135280526,-2.12836720539517,-2.27739720939405,-0.828676834206128,0.000218104857650091,1
4.728,-0.8287042998621,-1.8817674819726,-2.12920256530858,-2.27497565022803,-0.828704521630834,0.000218001158438308,1
4.73,-0.828732798301856,-1.88335535183941,-2.13003702405317,-2.27255324948455,-0.828733019962015,0.000217894427514253,1
4.732,-0.828762113933351,-1.88494493415477,-2.13087060273937,-2.2701300142887,-0.828762335481826,0.000217784641822518,1
4.734,-0.828792253149343,-1.88653620004718,-2.13170332293803,-2.26770595192549,-0.828792474583004,0.000217671777912122,1
4.736,-0.828823222455406,-1.88812912000832,-2.13253520668946,-2.26528106984701,-0.828823443771097,0.000217555811928639,1
4.738,-0.828855028472202,-1.88972366387637,-2.13336627651277,-2.26285537567978,-0.828855249666742,0.000217436719606126,1
4.74,-0.828887677937819,-1.89131980081874,-2.13419655541538,-2.26042887723252,-0.828887899008004,0.000217314476258864,1
4.742,-0.828921177710169,-1.89291749931409,-2.13502606690284,-2.25800158250428,-0.828921398652766,0.000217189056772899,1
4.744,-0.828955534769434,-1.89451672713393,-2.13585483498872,-2.25557349969292,-0.828955755581187,0.000217060435597387,1
4.746,-0.82899075622058,-1.89611745132343,-2.13668288420495,-2.25314463720403,-0.828990976898206,0.000216928586735719,1
4.748,-0.829026849295929,-1.89771963818161,-2.13751023961224,-2.25071500366027,-0.829027069836117,0.000216793483736452,1
4.75,-0.82906382135779,-1.89932325324085,-2.13833692681083,-2.24828460791109,-0.829064041757202,0.000216655099684023,1
4.752,-0.829101679901165,-1.90092826124569,-2.13916297195141,-2.24585345904301,-0.829101900156436,0.000216513407189216,1
4.754,-0.829140432556503,-1.90253462613084,-2.13998840174646,-2.24342156639031,-0.829140652664239,0.000216368378379441,1
4.756,-0.829180087092539,-1.90414231099843,-2.14081324348168,-2.24098893954627,-0.829180307049316,0.000216219984888757,1
4.758,-0.829220651419187,-1.90575127809453,-2.14163752502779,-2.23855558837489,-0.829220871221554,0.000216068197847664,1
4.76,-0.829262133590514,-1.90736148878468,-2.14246127485259,-2.23612152302328,-0.829262353234989,0.000215912987872659,1
4.762,-0.829304541807779,-1.90897290352867,-2.14328452203333,-2.23368675393453,-0.829304761290848,0.000215754325055546,1
4.764,-0.829347884422543,-1.91058548185439,-2.14410729626928,-2.23125129186121,-0.829348103740664,0.000215592178952488,1
4.766,-0.829392169939866,-1.91219918233068,-2.14492962789475,-2.22881514787961,-0.829392389089464,0.000215426518572805,1
4.768,-0.829437407021564,-1.91381396253925,-2.14575154789221,-2.22637833340457,-0.829437625999031,0.00021525731236752,1
4.77,-0.829483604489555,-1.91542977904554,-2.14657308790593,-2.22394086020504,-0.829483823291252,0.000215084528217623,1
4.772,-0.829530771329283,-1.91704658736857,-2.14739428025578,-2.22150274042042,-0.829530989951536,0.000214908133422078,1
4.774,-0.829578916693216,-1.9186643419496,-2.14821515795141,-2.21906398657768,-0.82957913513232,0.000214728094685547,1
4.776,-0.829628049904438,-1.92028299611971,-2.14903575470678,-2.21662461160929,-0.82962826815665,0.000214544378105831,1
4.778,-0.829678180460316,-1.92190250206615,-2.14985610495494,-2.21418462887203,-0.82967839852186,0.000214356949161029,1
4.78,-0.829729318036254,-1.92352281079741,-2.15067624386327,-2.21174405216672,-0.829729535903318,0.000214165772696401,1
4.782,-0.829781472489539,-1.92514387210702,-2.15149620734892,-2.20930289575892,-0.829781690158273,0.000213970812910954,1
4.784,-0.829834653863267,-1.92676563453602,-2.15231603209471,-2.20686117440059,-0.829834871329786,0.000213772033343701,1
4.786,-0.829888872390371,-1.92838804533396,-2.15313575556533,-2.20441890335289,-0.829889089650752,0.000213569396859636,1
4.788,-0.82994413849773,-1.93001105041844,-2.15395541602394,-2.20197609840999,-0.82994435554801,0.000213362865635398,1
4.79,-0.83000046281037,-1.93163459433315,-2.15477505254904,-2.19953277592415,-0.830000679646548,0.000213152401144625,1
4.792,-0.830057856155768,-1.93325862020427,-2.15559470505182,-2.19708895283202,-0.830058072773803,0.000212937964142997,1
4.794,-0.830116329568242,-1.93488306969528,-2.15641441429381,-2.19464464668211,-0.830116545964053,0.000212719514652945,1
4.796,-0.830175894293442,-1.93650788295992,-2.15723422190493,-2.19219987566382,-0.830176110462904,0.000212497011948077,1
4.798,-0.83023656179293,-1.93813299859344,-2.15805417040186,-2.18975465863771,-0.83023677773188,0.00021227041453725,1
4.8,-0.83029834374887,-1.93975835358196,-2.15887430320692,-2.18730901516741,-0.830298559453097,0.000212039680148339,1
4.802,-0.830361252068799,-1.94138388324981,-2.15969466466712,-2.18486296555305,-0.830361467534051,0.00021180476571168,1
4.804,-0.830425298890514,-1.94300952120492,-2.16051530007382,-2.18241653086637,-0.830425514112495,0.000211565627343185,1
4.806,-0.830490496587041,-1.94463519928194,-2.16133625568257,-2.17996973298754,-0.830490711561409,0.000211322220327158,1
4.808,-0.830556857771714,-1.94626084748334,-2.16215757873348,-2.1775225946439,-0.830557072494079,0.000211074499098769,1
4.81,-0.830624395303341,-1.94788639391799,-2.16297931747184,-2.1750751394506,-0.830624609769267,0.00021082241722623,1
4.812,-0.830693122291478,-1.94951176473751,-2.1638015211692,-2.17262739195321,-0.830693336496482,0.000210565927392645,1
4.814,-0.830763052101793,-1.95113688406998,-2.16462424014475,-2.17017937767259,-0.830763266041341,0.000210304981377569,1
4.816,-0.830834198361521,-1.95276167395113,-2.16544752578714,-2.16773112315195,-0.83083441203103,0.000210039530038267,1
4.818,-0.83090657496502,-1.95438605425273,-2.16627143057652,-2.16528265600627,-0.830906788359856,0.000209769523290679,1
4.82,-0.830980196079413,-1.95600994260823,-2.16709600810707,-2.16283400497426,-0.830980409194891,0.000209494910090101,1
4.822,-0.831055076150318,-1.95763325433533,-2.16792131310975,-2.16038519997293,-0.831055288981697,0.000209215638411613,1
4.824,-0.83113122990766,-1.95925590235562,-2.16874740147537,-2.15793627215491,-0.831131442450148,0.000208931655230246,1
4.826,-0.831208672371572,-1.96087779711086,-2.16957433027803,-2.15548725396871,-0.831208884620321,0.000208642906500907,1
4.828,-0.831287418858364,-1.96249884647603,-2.17040215779875,-2.15303817922199,-0.83128763080847,0.000208349337138101,1
4.83,-0.831367484986566,-1.96411895566889,-2.17123094354941,-2.15058908314815,-0.831367696633069,0.000208050890995444,1
4.832,-0.831448886683037,-1.96573802715588,-2.17206074829685,-2.14814000247619,-0.831449098020916,0.00020774751084501,1
4.834,-0.831531640189126,-1.96735596055429,-2.17289163408728,-2.14569097550421,-0.831531851213304,0.000207439138356551,1
4.836,-0.831615762066895,-1.96897265253052,-2.17372366427068,-2.14324204217667,-0.831615972772231,0.000207125714076578,1
4.838,-0.831701269205366,-1.97058799669425,-2.17455690352552,-2.14079324416555,-0.831701479586661,0.000206807177407398,1
4.84,-0.831788178826814,-1.97220188348838,-2.17539141788341,-2.13834462495571,-0.831788388878804,0.000206483466586097,1
4.842,-0.83187650849307,-1.9738142000746,-2.17622727475381,-2.13589622993458,-0.831876718210426,0.000206154518663544,1
4.844,-0.83196627611183,-1.9754248302143,-2.1770645429488,-2.13344810648651,-0.831966485489161,0.000205820269483462,1
4.846,-0.832057499942962,-1.97703365414489,-2.17790329270765,-2.13100030409185,-0.832057708974807,0.000205480653661612,1
4.848,-0.832150198604782,-1.97864054845099,-2.17874359572136,-2.12855287443121,-0.832150407285616,0.000205135604565151,1
4.85,-0.83224439108029,-1.98024538593069,-2.17958552515681,-2.12610587149499,-0.832244599404514,0.000204785054292274,1
4.852,-0.832340096723339,-1.9818480354564,-2.18042915568079,-2.12365935169858,-0.832340304685288,0.000204428933652142,1
4.854,-0.832437335264726,-1.98344836183024,-2.18127456348351,-2.12121337400338,-0.832437542858663,0.000204067172145255,1
4.856,-0.832536126818171,-1.98504622563372,-2.1821218263016,-2.11876800004411,-0.832536334038282,0.000203699697944327,1
4.858,-0.832636491886151,-1.98664148307157,-2.18297102344057,-2.11632329426253,-0.832636698726551,0.000203326437875761,1
4.86,-0.832738451365577,-1.98823398580949,-2.18382223579647,-2.11387932404804,-0.832738657820305,0.000202947317401864,1
4.862,-0.832842026553267,-1.98982358080553,-2.1846755458767,-2.11143615988542,-0.832842232616284,0.000202562260603913,1
4.864,-0.832947239151181,-1.99141011013509,-2.18553103781981,-2.10899387551007,-0.832947444816368,0.000202171190166196,1
4.866,-0.833054111271375,-1.99299341080924,-2.18638879741406,-2.10655254807112,-0.833054316532536,0.000201774027361213,1
4.868,-0.833162665440644,-1.99457331458603,-2.18724891211467,-2.10411225830282,-0.833162870291499,0.000201370692036175,1
4.87,-0.833272924604785,-1.99614964777493,-2.18811147105947,-2.1016730907045,-0.833273129038973,0.000200961102600979,1
4.872,-0.833384912132444,-1.99772223103385,-2.18897656508282,-2.09923513372957,-0.833385116143517,0.000200545176017884,1
4.874,-0.833498651818477,-1.99929087915888,-2.18984428672742,-2.09679847998401,-0.833498855399902,0.000200122827793078,1
4.876,-0.833614167886768,-2.0008554008663,-2.19071473025399,-2.09436322643466,-0.833614371031926,0.000199693971970391,1
4.878,-0.833731484992442,-2.00241559856702,-2.19158799164827,-2.09192947462778,-0.833731687694624,0.000199258521127374,1
4.88,-0.833850628223379,-2.00397126813297,-2.19246416862527,-2.08949733091839,-0.833850830475786,0.000198816386374078,1
4.882,-0.833971623100964,-2.00552219865566,-2.19334336063029,-2.08706690671074,-0.833971824896703,0.000198367477354782,1
4.884,-0.834094495580092,-2.00706817156424,-2.19422566795993,-2.08463832185846,-0.834094696913718,0.000197913219503762,1
4.886,-0.834219272047427,-2.00860896289,-2.19511119526643,-2.08221169233856,-0.834219472910321,0.000197450484775691,1
4.888,-0.834345979320808,-2.01014433923144,-2.19600004627086,-2.07978714940922,-0.834346179705794,0.000196980695983894,1
4.89,-0.834474644644241,-2.01167405997758,-2.19689232727616,-2.07736482731587,-0.834474844544046,0.000196503756999142,1
4.892,-0.834605295684246,-2.01319787641126,-2.1977881462568,-2.0749448667378,-0.834605495091495,0.000196019570291405,1
4.894,-0.834737960523627,-2.0147155314155,-2.19868761283487,-2.07252741510557,-0.834738159430848,0.000195528036958068,1
4.896,-0.834872667653881,-2.01622675917561,-2.19959083824714,-2.07011262693197,-0.834872866053498,0.000195029056757326,1
4.898,-0.835009445965882,-2.01773128487374,-2.2004979353051,-2.06770066415744,-0.835009643850217,0.000194522528148006,1
4.9,-0.835148324738678,-2.01922882437616,-2.2014090183474,-2.06529169651039,-0.835148522099947,0.000194008348336458,1
4.902,-0.835289333626223,-2.02071908391367,-2.20232420318393,-2.06288590188269,-0.835289530456537,0.000193486413331146,1
4.904,-0.835432502641864,-2.02220175975573,-2.20324360703094,-2.06048346672055,-0.835432698933227,0.0001929566180056,1
4.906,-0.835577862140367,-2.02367653787881,-2.20416734843626,-2.05808458643093,-0.835578057884674,0.000192418856170494,1
4.908,-0.835725442797287,-2.02514309362977,-2.20509554719382,-2.05568946580376,-0.835725637986325,0.000191873020655563,1
4.91,-0.835875275585437,-2.02660109138515,-2.20602832424669,-2.05329831944959,-0.835875470210884,0.000191319003402237,1
4.912,-0.836027391748241,-2.02805018420741,-2.20696580157759,-2.05091137225304,-0.836027585801662,0.000190756695567789,1
4.914,-0.836181822769683,-2.02949001349928,-2.20790810208589,-2.04852885984139,-0.836182016242533,0.000190185987641963,1
4.916,-0.836338600340624,-2.03092020865767,-2.20885534945017,-2.04615102906828,-0.836338793224245,0.00018960676957698,1
4.918,-0.836497756321187,-2.03234038672879,-2.20980766797515,-2.04377813851173,-0.836497948606811,0.000189018930931941,1
4.92,-0.836659322698926,-2.0337501520662,-2.21076518242202,-2.04141045898595,-0.83665951437767,0.00018842236103265,1
4.922,-0.836823331542479,-2.03514909599394,-2.21172801782082,-2.0390482740658,-0.836823522605348,0.000187816949147912,1
4.924,-0.836989814950399,-2.03653679647717,-2.21269629926383,-2.036691880623,-0.836990005388287,0.0001872025846834,1
4.926,-0.837158804994848,-2.03791281780288,-2.21367015167886,-2.03434158937227,-0.837158994798535,0.000186579157394211,1
4.928,-0.837330333659825,-2.03927671027361,-2.21464969958092,-2.03199772542608,-0.837330522819979,0.000185946557617235,1
4.93,-0.837504432773612,-2.0406280099176,-2.21563506680134,-2.02966062885549,-0.837504621280793,0.000185304676524447,1
4.932,-0.837681133935117,-2.04196623821897,-2.21662637619302,-2.02733065525502,-0.837681321779772,0.000184653406398274,1
4.934,-0.837860468433786,-2.04329090187193,-2.21762374931065,-2.02500817630836,-0.837860655606257,0.000183992640930103,1
4.936,-0.838042467162803,-2.04460149256349,-2.21862730606472,-2.02269358035186,-0.838042653653323,0.000183322275542965,1
4.938,-0.838227160525244,-2.04589748678956,-2.21963716434836,-2.02038727293183,-0.838227346323943,0.000182642207739446,1
4.94,-0.838414578332968,-2.0471783457096,-2.22065343963599,-2.01808967735151,-0.838414763429875,0.000181952337475613,1
4.942,-0.838604749697964,-2.04844351504557,-2.22167624455296,-2.01580123520271,-0.838604934083008,0.000181252567561843,1
4.944,-0.838797702915975,-2.0496924250313,-2.22270568841557,-2.01352240687678,-0.83879788657899,0.0001805428040911,1
4.946,-0.838993465342243,-2.05092449041877,-2.22374187674079,-2.01125367204882,-0.838993648272971,0.000179822956895169,1
4.948,-0.839192063259271,-2.0521391105482,-2.22478491072581,-2.00899553012844,-0.839192245447366,0.000179092940029047,1
4.95,-0.839393521736583,-2.05333566948941,-2.22583488669708,-2.00674850066966,-0.839393703171619,0.00017835267228348,1
4.952,-0.839597864482541,-2.05451353626176,-2.22689189552947,-2.00451312373218,-0.839598045154011,0.000177602077725304,1
4.954,-0.839805113688349,-2.05567206514096,-2.22795602203619,-2.00228996018501,-0.839805293585676,0.000176841086264921,1
4.956,-0.840015289864525,-2.05681059606053,-2.22902734433076,-2.00007959194348,-0.840015468977069,0.000176069634249817,1
4.958,-0.840228411670213,-2.05792845511629,-2.23010593316252,-1.99788262212962,-0.840228589987274,0.000175287665082591,1
4.96,-0.840444495735835,-2.05902495518205,-2.23119185122812,-1.99569967514538,-0.840444673246665,0.000174495129861474,1
4.962,-0.840663556479774,-2.06009939664462,-2.23228515246156,-1.99353139664805,-0.840663733173583,0.000173691988040749,1
4.964,-0.840885605919908,-2.06115106826591,-2.23338588130648,-1.99137845341632,-0.840885781785874,0.000172878208107886,1
4.966,-0.841110653480993,-2.06217924817948,-2.23449407197454,-1.98924153309576,-0.841110828508273,0.00017205376827359,1
4.968,-0.841338705799111,-2.06318320502836,-2.23560974769499,-1.98712134381193,-0.841338879976848,0.000171218657170259,1
4.97,-0.841569766524547,-2.06416219924978,-2.23673291996085,-1.98501861363994,-0.841569939841886,0.000170372874553665,1
4.972,-0.841803836124707,-2.06511548451176,-2.23786358777816,-1.98293408991901,-0.841804008570803,0.000169516432001949,1
4.974,-0.842040911688848,-2.0660423093048,-2.23900173692531,-1.98086853840194,-0.842041083252882,0.000168649353605314,1
4.976,-0.842280986736622,-2.06694191869051,-2.24014733923047,-1.97882274222951,-0.842281157407813,0.000167771676639086,1
4.978,-0.842524051032599,-2.06781355620713,-2.24130035187537,-1.97679750072152,-0.842524220800216,0.000166883452212207,1
4.98,-0.842770090409118,-2.06865646592953,-2.24246071673496,-1.97479362797762,-0.842770259262499,0.000165984745882523,1
4.982,-0.843019086599972,-2.0694698946793,-2.24362835976226,-1.97281195128268,-0.843019254528536,0.000165075638229865,1
4.984,-0.843271017087534,-2.07025309437743,-2.24480319042882,-1.97085330931397,-0.843271184080798,0.000164156225377382,1
4.986,-0.843525854966291,-2.07100532134915,-2.24598509820442,-1.96891856266104,-0.843526021019761,0.000163232430253232,1
4.988,-0.84378356882347,-2.07172585162507,-2.24717396425846,-1.96700854160564,-0.843783733921028,0.000162292757598767,1
4.99,-0.844044122646295,-2.07241396465632,-2.24836964292371,-1.96512411877181,-0.84404428677785,0.000161343165581802,1
4.992,-0.844307475746077,-2.07306895871744,-2.2495719736287,-1.9632661565701,-0.844307638901703,0.000160383816338607,1
4.994,-0.844573582715192,-2.07369015064146,-2.2507807777074,-1.96143551695839,-0.844573744885145,0.000159414889038264,1
4.996,-0.844842393410461,-2.07427687870161,-2.25199585839187,-1.95963305856753,-0.844842554585198,0.00015843657989507,1
4.998,-0.845113852968139,-2.07482850551436,-2.25321700091899,-1.95785963369147,-0.845114013138333,0.000157449102064867,1
5,-0.845387901851676,-2.07534442092255,-2.25444397276453,-1.95611608516982,-0.845388061008234,0.00015645268542141,1
5.002,-0.84566447593357,-2.07582404482742,-2.25567652400873,-1.95440324319012,-0.845664634067649,0.000155447576208538,1
5.004,-0.845943506612087,-2.07626682993654,-2.2569143878357,-1.95272192204006,-0.84594366371511,0.000154434036565814,1
5.006,-0.846224920963139,-2.07667226439442,-2.25815728116702,-1.95107291684294,-0.846225077026812,0.000153412343927092,1
5.008,-0.846508641927037,-2.07703987426263,-2.2594049054274,-1.94945700031131,-0.846508796943366,0.000152382790293629,1
5.01,-0.846794588529258,-2.07736922581693,-2.2606569474385,-1.94787491955548,-0.846794742490555,0.000151345681385421,1
5.012,-0.847082676133727,-2.07765992763083,-2.26191308043411,-1.94632739298412,-0.84708282903263,0.00015030133567671,1
5.014,-0.847372816726589,-2.07791163241695,-2.26317296518824,-1.94481510733406,-0.847372968556074,0.000149250083323643,1
5.016,-0.847664919227817,-2.07812403860113,-2.26443625124498,-1.94333871486552,-0.847665069981203,0.000148192264994157,1
5.018,-0.847958889827512,-2.07829689160759,-2.26570257823758,-1.9418988307571,-0.847959039498477,0.000147128230611968,1
5.02,-0.848254632343288,-2.07842998483791,-2.26697157728214,-1.94049603073212,-0.848254780925872,0.000146058338028239,1
5.022,-0.848552048594743,-2.07852316033154,-2.26824287243009,-1.93913084894474,-0.848552196083356,0.000144982951635699,1
5.024,-0.848851038790718,-2.07857630910033,-2.26951608216275,-1.93780377614991,-0.848851185180149,0.000143902440941171,1
5.026,-0.849151501924867,-2.07858937113516,-2.27079082091027,-1.93651525817685,-0.849151647210283,0.000142817179112926,1
5.028,-0.849453336174936,-2.07856233508777,-2.2720667005775,-1.93526569472033,-0.849453480351884,0.00014172754151968,1
5.03,-0.849756439301186,-2.07849523763626,-2.27334333205919,-1.93405543845909,-0.8497565823656,0.000140633904277858,1
5.032,-0.850060709039507,-2.07838816254738,-2.2746203267275,-1.93288479450494,-0.850060850987698,0.00013953664282326,1
5.034,-0.850366043484949,-2.07824123945338,-2.27589729787616,-1.93175402018102,-0.850366184313611,0.000138436130522447,1
5.036,-0.850672341461755,-2.07805464236493,-2.2771738621062,-1.93066332512212,-0.850672481167958,0.000137332737337958,1
5.038,-0.850979502876291,-2.07782858794492,-2.27844964064038,-1.9296128716857,-0.850979641457475,0.000136226828560115,1
5.04,-0.851287429049683,-2.07756332924917,-2.2797242569925,-1.92860279119026,-0.851287566510764,0.000135125790408292,1
5.042,-0.851596023027693,-2.07725917086853,-2.28099735235985,-1.9276331227811,-0.851596159359722,0.000134015918622136,1
5.044,-0.851905189865563,-2.0769164408087,-2.28226856527457,-1.92670390780008,-0.851905325067054,0.000132904587612856,1
5.046,-0.852214836885608,-2.07653550528521,-2.28353754680578,-1.92581512918477,-0.852214970955419,0.00013179213298298,1
5.048,-0.852524873907755,-2.07611676196944,-2.28480395781209,-1.92496672862079,-0.852525006845075,0.000130678880644373,1
5.05,-0.852835213451165,-2.07566063743687,-2.28606746965863,-1.92415860837589,-0.852835345255503,0.000129565146118404,1
5.052,-0.853145770907325,-2.07516758459255,-2.28732776482174,-1.92339063326957,-0.853145901578501,0.000128451233941269,1
5.054,-0.853456464684802,-2.07463808009164,-2.28858453738528,-1.92266263275589,-0.853456594222932,0.00012733743717345,1
5.056,-0.853767216326301,-2.07407262177984,-2.28983749343148,-1.92197440309189,-0.85376734473179,0.000126224037010466,1
5.058,-0.854077950599033,-2.07347172617588,-2.29108635133119,-1.92132570956472,-0.854078077872558,0.000125111302490957,1
5.06,-0.854388595559649,-2.07283592601576,-2.29233084193859,-1.92071628875257,-0.854388721702149,0.000123999490297102,1
5.062,-0.854699082595264,-2.07216576787584,-2.29357070869675,-1.92014585079594,-0.854699207607925,0.000122888844641599,1
5.064,-0.855009346442226,-2.07146180988901,-2.29480570766087,-1.91961408165824,-0.85500947032647,0.000121779597234819,1
5.066,-0.855319325184444,-2.07072461956573,-2.29603560744637,-1.91912064535669,-0.855319447941918,0.000120671967325368,1
5.068,-0.855628960233149,-2.06995477172914,-2.29726018910929,-1.91866518614689,-0.855629081865708,0.00011956616180702,1
5.07,-0.855938196289995,-2.06915284657102,-2.29847924596648,-1.91824733064684,-0.855938316799693,0.000118462375384876,1
5.072,-0.856246981295413,-2.06831942783313,-2.29969258336305,-1.91786668988822,-0.856247100684492,0.000117360790793718,1
5.074,-0.856555266364097,-2.0674551011168,-2.30090001839425,-1.91752286128523,-0.856555384634969,0.000116261579061604,1
5.076,-0.856863005709422,-2.06656045232121,-2.30210137958874,-1.91721543051308,-0.856863122864664,0.000115164899812035,1
5.078,-0.857170156558549,-2.06563606620999,-2.30329650655996,-1.91694397329046,-0.857170272600888,0.000114070901598383,1
5.08,-0.857476679059823,-2.06468252510383,-2.30448524963145,-1.91670805706168,-0.857476793992128,0.000112979722264575,1
5.082,-0.857782536184011,-2.06370040769599,-2.30566746944221,-1.91650724257617,-0.857782650009278,0.000111891489326544,1
5.084,-0.858087693620766,-2.06269028798646,-2.30684303653707,-1.91634108536417,-0.858087806342113,0.000110806320369317,1
5.086,-0.858392119671612,-2.06165273433009,-2.30801183094681,-1.9162091371088,-0.858392231292266,0.000109724323455138,1
5.088,-0.858695785140597,-2.06058830859306,-2.30917374176245,-1.91611094691553,-0.858695895663885,0.000108645597538464,1
5.09,-0.858998663223654,-2.05949756541196,-2.31032866670727,-1.91604606248143,-0.858998772652996,0.000107570232884101,1
5.092,-0.859300729397592,-2.05838105154925,-2.31147651170994,-1.91601403116679,-0.859300837736491,0.000106498311485245,1
5.094,-0.859601961309503,-2.05723930533902,-2.3126171904817,-1.91601440097253,-0.859602068561536,0.000105429907478572,1
5.096,-0.859902338667292,-2.05607285621649,-2.31375062409987,-1.91604672142741,-0.859902444836106,0.000104365087553914,1
5.098,-0.860201843131921,-2.05488222432521,-2.31487674059985,-1.91611054438914,-0.860201948221224,0.000103303911356463,1
5.1,-0.860500458211854,-2.05366792019563,-2.31599547457737,-1.91620542476384,-0.860500562225405,0.000102246431879783,1
5.102,-0.860798169160131,-2.05243044448915,-2.31710676680218,-1.91633092114846,-0.860798272101739,0.000101192695848152,1
5.104,-0.861094962874391,-2.05117028780184,-2.31821056384452,-1.91648659640095,-0.861095064747906,0.000100142744087166,1
5.106,-0.861390827800126,-2.04988793052234,-2.31930681771506,-1.91667201814266,-0.861390928609433,9.9096611881665e-05,1
5.108,-0.861685753837344,-2.04858384273857,-2.32039548551887,-1.91688675919775,-0.86168585358636,9.80543293203492e-05,1
5.11,-0.861979732250811,-2.04725848418858,-2.32147652912402,-1.91713039797415,-0.861979830943477,9.70159216266089e-05,1
5.112,-0.862272755583953,-2.04591230425055,-2.32254991484484,-1.91740251879037,-0.862272853224233,9.59814094752951e-05,1
5.114,-0.862564817576487,-2.04454574196789,-2.32361561314003,-1.91770271215257,-0.86256491416836,9.49508092952778e-05,1
5.116,-0.862855913085776,-2.04315922610519,-2.32467359832558,-1.91803057498587,-0.862856008633234,9.39241335578128e-05,1
5.118,-0.86314603801193,-2.04175317523146,-2.32572384830222,-1.91838571082377,-0.863146132518975,9.29013910507798e-05,1
5.12,-0.863435189226583,-2.04032799782714,-2.32676634429735,-1.9187677299595,-0.863435282697222,9.18825871390246e-05,1
5.122,-0.8637233645053,-2.0388840924117,-2.32780107062097,-1.91917624956259,-0.863723456943541,9.08677240110522e-05,1
5.124,-0.864010562463538,-2.03742184768898,-2.32882801443525,-1.91961089376411,-0.86401065387339,8.98568009124105e-05,1
5.126,-0.864296782496059,-2.03594164270771,-2.32984716553739,-1.92007129371345,-0.864296872881526,8.88498143661489e-05,1
5.128,-0.864582024719691,-2.03444384703463,-2.33085851615527,-1.92055708760967,-0.864582114084772,8.78467583807732e-05,1
5.13,-0.864866289919336,-2.03292882093834,-2.33186206075536,-1.92106792070993,-0.864866378268022,8.68476246461339e-05,1
5.132,-0.865149579497093,-2.03139691558159,-2.33285779586243,-1.92160344531753,-0.865149666833362,8.58524027177255e-05,1
5.134,-0.865431895424368,-2.02984847322064,-2.33384571989053,-1.92216332075176,-0.865431981752187,8.486108018989e-05,1
5.136,-0.865713240196863,-2.0282838274097,-2.33482583298475,-1.92274721330172,-0.865713325520185,8.38736428583794e-05,1
5.138,-0.865993616792298,-2.02670330320953,-2.33579813687318,-1.92335479616596,-0.865993701115059,8.28900748728144e-05,1
5.14,-0.866273028630747,-2.0251072173985,-2.33676263472859,-1.92398574937976,-0.866273111956866,8.1910358879484e-05,1
5.142,-0.866551479537456,-2.02349587868537,-2.33771933103936,-1.92463975973154,-0.866551561870833,8.09344761550057e-05,1
5.144,-0.86682897370803,-2.02186958792259,-2.3386682314891,-1.92531652067002,-0.866829055052543,7.99624067312747e-05,1
5.146,-0.867105515675842,-2.02022863831938,-2.33960934284451,-1.92601573220334,-0.86710559603535,7.89941295122249e-05,1
5.148,-0.86738111028158,-2.01857331565386,-2.34054267285102,-1.9267371007914,-0.867381189659918,7.80296223827792e-05,1
5.15,-0.867655762644783,-2.01690389848348,-2.34146823013577,-1.92748033923248,-0.867655841045763,7.70688623104896e-05,1
5.152,-0.867929478137272,-2.01522065835332,-2.34238602411746,-1.92824516654513,-0.867929555564681,7.61118254402397e-05,1
5.154,-0.868202262358372,-2.01352386000172,-2.34329606492269,-1.92903130784634,-0.868202338815973,7.51584871824282e-05,1
5.156,-0.868474121110776,-2.01181375063126,-2.34419835492744,-1.92983853052019,-0.868474196617838,7.42242891257837e-05,1
5.158,-0.868745060384445,-2.01009060383024,-2.34509292217397,-1.93066649895113,-0.868745134929133,7.327826575885e-05,1
5.16,-0.869015086325197,-2.00835465418475,-2.34597977014356,-1.93151499203773,-0.869015159911197,7.23358636482689e-05,1
5.162,-0.869284205227993,-2.00660614120212,-2.34685891105412,-1.93238375803534,-0.869284277858961,7.13970560263632e-05,1
5.164,-0.869552423513388,-2.00484529855301,-2.34773035751719,-1.93327255064216,-0.869552495192953,7.04618157514973e-05,1
5.166,-0.86981974771274,-2.0030723542605,-2.34859412246557,-1.93418112888252,-0.869819818444503,6.9530115360091e-05,1
5.168,-0.870086184453282,-2.00128753087889,-2.34945021910496,-1.9351092569765,-0.870086254240816,6.86019271189788e-05,1
5.17,-0.870351740444263,-1.99949104566797,-2.35029866086954,-1.93605670421008,-0.870351809291112,6.76772230738704e-05,1
5.172,-0.870616422464114,-1.99768311076291,-2.35113946138099,-1.9370232448063,-0.870616490373794,6.6755975094136e-05,1
5.174,-0.870880237348553,-1.99586393333949,-2.35197263441091,-1.93800865779758,-0.870880304324552,6.58381549141788e-05,1
5.176,-0.871143191979589,-1.99403371577487,-2.35279819384637,-1.93901272689946,-0.871143258025365,6.49237341716008e-05,1
5.178,-0.871405293275341,-1.99219265580382,-2.35361615365829,-1.94003524038602,-0.871405358394322,6.40126844424019e-05,1
5.18,-0.871666548180641,-1.99034094667038,-2.35442652787259,-1.94107599096707,-0.871666612376229,6.31049772733714e-05,1
5.182,-0.871926963658363,-1.98847877727525,-2.35522933054372,-1.94213477566729,-0.871927026933929,6.22005842118993e-05,1
5.184,-0.872186546681419,-1.9866063323185,-2.35602457573069,-1.9432113957074,-0.872186609040306,6.1299476833349e-05,1
5.186,-0.872445304225397,-1.98472379243823,-2.35681227747517,-1.94430565638758,-0.872445365670918,6.04016267661914e-05,1
5.188,-0.872703243261774,-1.98283133434475,-2.35759244978158,-1.94541736697308,-0.872703303797214,5.95070057150175e-05,1
5.19,-0.872960370751693,-1.98092913095066,-2.35836510659912,-1.94654634058216,-0.872960430380308,5.86155854816021e-05,1
5.192,-0.87321669364024,-1.9790173514968,-2.35913026180553,-1.94769239407642,-0.873216752365258,5.77273379841346e-05,1
5.194,-0.873472218850941,-1.97709615890695,-2.35988792700897,-1.948855357153,-0.873472276679469,5.68460962543038e-05,1
5.196,-0.873726953282399,-1.97516572097737,-2.36063812025815,-1.95003503544887,-0.873727010213697,5.59641091219045e-05,1
5.198,-0.873980903800809,-1.97322619387692,-2.36138085296737,-1.95123126561109,-0.873980959838021,5.50852113524243e-05,1
5.2,-0.874234077239291,-1.97127773334327,-2.36211613859051,-1.95244387842881,-0.87423413238553,5.4209375488545e-05,1
5.202,-0.874486480392468,-1.96932049201059,-2.36284399045661,-1.95367270791965,-0.874486534650823,5.33365742636735e-05,1
5.204,-0.874738120013541,-1.96735461951598,-2.36356442175576,-1.9549175912374,-0.87473817338707,5.2466780611319e-05,1
5.206,-0.874989002811293,-1.96538026259931,-2.36427744553188,-1.9561783685794,-0.874989055303029,5.15999676746825e-05,1
5.208,-0.875239135447376,-1.96339756519968,-2.3649830746766,-1.95745488309623,-0.875239187060324,5.07361088152512e-05,1
5.21,-0.875488524533876,-1.96140666854876,-2.36568132192383,-1.9587469808038,-0.875488575271015,4.98751776204346e-05,1
5.212,-0.875737176631118,-1.95940771126078,-2.36637219984528,-1.96005451049782,-0.875737226495399,4.90171479103427e-05,1
5.214,-0.875985098245705,-1.95740082941966,-2.36705572084663,-1.96137732367049,-0.875985147240053,4.81619937437496e-05,1
5.216,-0.876232295828773,-1.95538615666312,-2.3677318971644,-1.9627152744296,-0.876232343956088,4.73096894233179e-05,1
5.218,-0.876478775774442,-1.95336382426382,-2.36840074086355,-1.96406821941971,-0.876478823037597,4.64602095001253e-05,1
5.22,-0.876724544418454,-1.95133396120793,-2.36906226383547,-1.96543601774561,-0.876724590820296,4.56135287775512e-05,1
5.222,-0.876969608036978,-1.94929669427086,-2.36971647779671,-1.96681853089794,-0.87696965358033,4.47696223145813e-05,1
5.224,-0.877213972845579,-1.94725214809043,-2.37036339428805,-1.96821562268082,-0.877214017533238,4.39284654285559e-05,1
5.226,-0.877457644998327,-1.94520044523754,-2.37100302467411,-1.96962715914165,-0.877457688833065,4.30900336974193e-05,1
5.228,-0.877700630587047,-1.94314170628446,-2.37163538014332,-1.97105300850286,-0.877700673571612,4.2254302961508e-05,1
5.23,-0.87794293564069,-1.94107604987065,-2.37226047170832,-1.97249304109568,-0.877942977777806,4.14212493248997e-05,1
5.232,-0.878184566124825,-1.93900359276645,-2.37287831020666,-1.97394712929571,-0.87818460741719,4.05908491563791e-05,1
5.234,-0.87842552794123,-1.93692444993446,-2.37348890630183,-1.97541514746054,-0.878425568391522,3.97630790900378e-05,1
5.236,-0.878665826927594,-1.93483873458888,-2.3740922704846,-1.9768969718691,-0.878665866538462,3.89379160255307e-05,1
5.238,-0.878905468857292,-1.93274655825275,-2.37468841307462,-1.97839248066276,-0.878905507631367,3.81153371280446e-05,1
5.24,-0.879144459439265,-1.93064803081326,-2.37527734422221,-1.97990155378827,-0.879144497379152,3.72953198279676e-05,1
5.242,-0.879382804317957,-1.92854326057508,-2.37585907391045,-1.98142407294233,-0.87938284142624,3.64778418203125e-05,1
5.244,-0.879620509073339,-1.92643235431194,-2.37643361195739,-1.9829599215178,-0.879620545352579,3.56628810638994e-05,1
5.246,-0.879857579220989,-1.92431541731633,-2.37700096801848,-1.98450898455155,-0.879857614673723,3.48504157803284e-05,1
5.248,-0.88009402021223,-1.92219255344753,-2.37756115158916,-1.98607114867389,-0.880094054840976,3.40404244527541e-05,1
5.25,-0.880329837434332,-1.92006386517797,-2.37811417200755,-1.98764630205943,-0.880329871241585,3.32328858244817e-05,1
5.252,-0.880565036210757,-1.91792945363801,-2.37866003845734,-1.98923433437953,-0.880565069198991,3.2427778897391e-05,1
5.254,-0.880799621801449,-1.91578941865908,-2.37919875997072,-1.9908351367561,-0.880799653973116,3.16250829302372e-05,1
5.256,-0.88103359940317,-1.91364385881544,-2.37973034543144,-1.99244860171687,-0.881033630760702,3.08247774368037e-05,1
5.258,-0.881266974149868,-1.9114928714644,-2.380254803578,-1.99407462315195,-0.881267004695677,3.00268421839253e-05,1
5.26,-0.88149975111309,-1.90933655278519,-2.38077214300683,-1.99571309627175,-0.881499780849566,2.92312571894266e-05,1
5.262,-0.881731935302029,-1.9071749937197,-2.38128236864005,-1.99736393154031,-0.881731964237347,2.84437438368342e-05,1
5.264,-0.881963531666175,-1.90500829640793,-2.38178549585238,-1.99902699874461,-0.881963559796879,2.76527985004784e-05,1
5.266,-0.882194545090893,-1.902836549597,-2.38228152932756,-2.00070221078337,-0.882194572419314,2.68641449675663e-05,1
5.268,-0.882424980403392,-1.90065984512502,-2.3827704771169,-2.00238946775395,-0.882425006931842,2.60777642351081e-05,1
5.27,-0.882654842370262,-1.8984782738181,-2.383252347157,-2.00408867088058,-0.882654868101034,2.52936375417297e-05,1
5.272,-0.882884135698673,-1.89629192553055,-2.38372714726288,-2.00579972248107,-0.882884160634041,2.45117463629458e-05,1
5.274,-0.883112865036946,-1.89410088917531,-2.38419488513143,-2.00752252593283,-0.883112889179165,2.37320724086027e-05,1
5.276,-0.88334103497513,-1.89190525275322,-2.38465556834499,-2.00925698564014,-0.883341058326439,2.29545976202896e-05,1
5.278,-0.883568650045601,-1.88970510338117,-2.38510920437489,-2.01100300700239,-0.883568672608218,2.2179304168725e-05,1
5.28,-0.88379571472366,-1.88750052731945,-2.38555580058493,-2.01276049638322,-0.883795736499786,2.14061744511134e-05,1
5.282,-0.884022233428146,-1.88529160999797,-2.38599536423497,-2.01452936108079,-0.884022254419965,2.06351910884785e-05,1
5.284,-0.884248210522061,-1.88307843604168,-2.38642790248441,-2.01630950929881,-0.884248230731739,1.98663369229868e-05,1
5.286,-0.884473650313191,-1.880861089295,-2.38685342239575,-2.01810085011859,-0.884473669742876,1.90995950152573e-05,1
5.288,-0.884698557054738,-1.87863965284545,-2.38727193093804,-2.01990329347193,-0.884698575706562,1.83349486416691e-05,1
5.29,-0.884922934945957,-1.8764142090464,-2.38768343499041,-2.02171675011485,-0.884922952822036,1.75723812916515e-05,1
5.292,-0.885146788132796,-1.87418483953907,-2.38808794134549,-2.02354113160216,-0.885146805235228,1.68118766649867e-05,1
5.294,-0.885370120708532,-1.87195162527369,-2.38848545671286,-2.02537635026285,-0.885370137039399,1.60534186691184e-05,1
5.296,-0.885592936714415,-1.86971464652993,-2.38887598772249,-2.02722231917626,-0.885592952275782,1.52969914164554e-05,1
5.298,-0.885815240140307,-1.86747398293659,-2.38925954092807,-2.02907895214899,-0.885815254934225,1.45425792216893e-05,1
5.3,-0.886037034925326,-1.86522971349057,-2.3896361228104,-2.03094616369254,-0.886037048953829,1.3790166599125e-05,1
5.302,-0.886258324958485,-1.86298191657522,-2.39000573978071,-2.03282386900173,-0.886258338223592,1.30397382600175e-05,1
5.304,-0.886479114079328,-1.86073066997792,-2.39036839818391,-2.03471198393377,-0.886479126583042,1.22912791099366e-05,1
5.306,-0.886699406078569,-1.85847605090712,-2.39072410430188,-2.03661042498796,-0.886699417822877,1.15447742461354e-05,1
5.308,-0.886919204698722,-1.85621813600871,-2.39107286435665,-2.03851910928615,-0.886919215685598,1.08002089549428e-05,1
5.31,-0.887138513634732,-1.85395700138177,-2.3914146845136,-2.04043795455379,-0.887138523866135,1.00575687091776e-05,1
5.312,-0.887357336534601,-1.85169272259379,-2.39174957088456,-2.04236687910157,-0.887357346012473,9.31683916558799e-06,1
5.314,-0.887575677000007,-1.84942537469528,-2.39207752953094,-2.04430580180774,-0.887575685726279,8.57800616229644e-06,1
5.316,-0.887793538586927,-1.84715503223387,-2.39239856646675,-2.04625464210091,-0.887793546563513,7.84105571629175e-06,1
5.318,-0.888010924806241,-1.84488176926786,-2.39271268766162,-2.04821331994356,-0.888010932035043,7.10597402093029e-06,1
5.32,-0.888227839124344,-1.84260565937926,-2.39301989904378,-2.05018175581598,-0.88822784560725,6.37274744346567e-06,1
5.322,-0.88844428496375,-1.84032677568634,-2.39332020650295,-2.0521598707008,-0.888444290702631,5.64136252260977e-06,1
5.324,-0.888660265703681,-1.83804519085572,-2.39361361589325,-2.05414758606805,-0.888660270700399,4.91180596610957e-06,1
5.326,-0.888875784680662,-1.83576097711393,-2.39390013303602,-2.05614482386073,-0.888875788937063,4.1840646483705e-06,1
5.328,-0.889090845189106,-1.83347420625858,-2.39417976372257,-2.05815150648087,-0.889090848707024,3.45812560808307e-06,1
5.33,-0.889305450481887,-1.83118494966911,-2.394452513717,-2.06016755677607,-0.889305453263141,2.73397604590759e-06,1
5.332,-0.889519603770915,-1.82889327831702,-2.39471838875883,-2.06219289802647,-0.889519605817314,2.01160332215122e-06,1
5.334,-0.889733308227703,-1.82659926277582,-2.39497739456568,-2.0642274539323,-0.889733309541041,1.29099495450947e-06,1
5.336,-0.889946566983919,-1.82430297323043,-2.39522953683588,-2.06627114860171,-0.889946567565979,5.72138615814061e-07,1
5.338,-0.890159383059679,-1.82200725643432,-2.39547553369099,-2.06832042289625,-0.890159382917463,4.32338650147984e-07,1
5.34,-0.890371759743084,-1.81970594459467,-2.39571380060258,-2.07038301777361,-0.890371758873238,-4.22729819301366e-07,1
5.342,-0.890583699888344,-1.81739910058497,-2.39594430289549,-2.07245891063762,-0.890583698292614,-1.99134994223861e-06,1
5.344,-0.890795206220051,-1.81509646345248,-2.39616957594924,-2.07453582705291,-0.890795203900172,-2.2804673330575e-06,1
5.346,-0.891006282145177,-1.81278984209469,-2.39638748972652,-2.07662408801515,-0.891006279102746,-2.99074500563078e-06,1
5.348,-0.891216930300797,-1.81048136174688,-2.39659856966693,-2.07872104297785,-0.891216926537523,-3.69934129491115e-06,1
5.35,-0.891427153607306,-1.80817108853998,-2.39680282562873,-2.0808266159438,-0.891427149124888,-4.40626767935489e-06,1
5.352,-0.891636954897118,-1.80585908983718,-2.39700026324286,-2.08294073391113,-0.891636949697244,-5.11153532291018e-06,1
5.354,-0.891846336967347,-1.80354543269343,-2.39719088814349,-2.08506332418302,-0.891846331051694,-5.81515525265689e-06,1
5.356,-0.892055302580478,-1.8012301838506,-2.39737470596903,-2.08719431437161,-0.89205529595071,-6.51713836135459e-06,1
5.358,-0.892263854464847,-1.79891340974334,-2.39755172236417,-2.08933363239005,-0.892263847122618,-7.21749540936551e-06,1
5.36,-0.892471995315117,-1.79659517650458,-2.39772194298201,-2.09148120644493,-0.892471987262071,-7.91623702654633e-06,1
5.362,-0.892679727792751,-1.7942755499709,-2.39788537348597,-2.09363696502891,-0.89267971903052,-8.61337371411267e-06,1
5.364,-0.892887054526468,-1.79195459568748,-2.39804201955186,-2.09580083691378,-0.892887045056676,-9.30891584646845e-06,1
5.366,-0.893093978112709,-1.78963237891297,-2.3981918868697,-2.09797275114372,-0.893093967936966,-1.00028736730231e-05,1
5.368,-0.893300501116074,-1.78730896462396,-2.39833498114569,-2.10015263702888,-0.893300490235982,-1.06952573199569e-05,1
5.37,-0.893506626069774,-1.78498441751935,-2.39847130810398,-2.10234042413924,-0.893506614486923,-1.13860767919836e-05,1
5.372,-0.893712355476058,-1.78265880202438,-2.39860087348849,-2.10453604229874,-0.893712343192031,-1.20753419740651e-05,1
5.374,-0.893917691806652,-1.78033218229451,-2.39872368306465,-2.10673942157968,-0.893917678823019,-1.27630626331175e-05,1
5.376,-0.894122637503173,-1.77800462221906,-2.39883974262111,-2.10895049229737,-0.894122623821496,-1.34492484196762e-05,1
5.378,-0.894327194977548,-1.77567618542463,-2.39894905797137,-2.11116918500502,-0.894327180599379,-1.41339088695381e-05,1
5.38,-0.894531366612427,-1.7733469352784,-2.39905163495546,-2.11339543048889,-0.894531351539308,-1.4817053405386e-05,1
5.382,-0.894735154761581,-1.77101693489107,-2.39914747944148,-2.11562915976366,-0.894735138995044,-1.54986913383701e-05,1
5.384,-0.8949385617503,-1.76868624711978,-2.39923659732713,-2.11787030406807,-0.894938545291869,-1.61788318696814e-05,1
5.386,-0.895141589875789,-1.76635493457074,-2.39931899454122,-2.12011879486074,-0.895141572726978,-1.68574840920985e-05,1
5.388,-0.895344241407549,-1.76402305960177,-2.39939467704516,-2.12237456381619,-0.895344223569863,-1.75346569914943e-05,1
5.39,-0.895546518587752,-1.76169068432454,-2.3994636508343,-2.12463754282117,-0.895546500062687,-1.82103594483245e-05,1
5.392,-0.895748423631624,-1.75935787060679,-2.39952592193938,-2.12690766397109,-0.895748404420666,-1.88846002391169e-05,1
5.394,-0.895949958727799,-1.75702468007427,-2.39958149642782,-2.1291848595667,-0.895949938832427,-1.95573880378888e-05,1
5.396,-0.896151126038691,-1.75469117411263,-2.39963038040505,-2.13146906211096,-0.896151105460374,-2.02287314175855e-05,1
5.398,-0.896351927700846,-1.75235741386901,-2.39967258001572,-2.13376020430612,-0.896351906441045,-2.08986388514744e-05,1
5.4,-0.896552365825287,-1.75002346025369,-2.39970810144498,-2.13605821905092,-0.896552343885455,-2.15671187145141e-05,1
5.402,-0.896752442497865,-1.74768937394138,-2.39973695091963,-2.13836303943806,-0.896752419879445,-2.22341792847137e-05,1
5.404,-0.896952159779593,-1.74535521537253,-2.39975913470927,-2.14067459875176,-0.89695213648402,-2.28998287444589e-05,1
5.406,-0.89715151970698,-1.74302104475446,-2.39977465912739,-2.14299283046555,-0.897151495735682,-2.35640751818226e-05,1
5.408,-0.897350524292362,-1.74068692206233,-2.39978353053248,-2.1453176682402,-0.897350499646758,-2.42269265918506e-05,1
5.41,-0.897549175524217,-1.73835290704001,-2.39978575532903,-2.14764904592179,-0.897549150205718,-2.48883908778266e-05,1
5.412,-0.897747475367306,-1.73601905681729,-2.39978133711761,-2.14998690703018,-0.897747449381182,-2.55446552540339e-05,1
5.414,-0.897945425764233,-1.73368543546431,-2.39977028808587,-2.15233116679017,-0.897945399108011,-2.62033697199778e-05,1
5.416,-0.898143028632592,-1.73135209962051,-2.39975261195246,-2.15468176909466,-0.898143001307659,-2.68607202295722e-05,1
5.418,-0.898340285869083,-1.72901910812271,-2.39972831530804,-2.15703864851088,-0.898340257876819,-2.75167143330252e-05,1
5.42,-0.898537199347577,-1.72668651956749,-2.39969740480145,-2.15940173978818,-0.898537170689354,-2.81713594930974e-05,1
5.422,-0.89873377091992,-1.72435439232299,-2.39965988713299,-2.16177097785294,-0.898733741597103,-2.88246630879649e-05,1
5.424,-0.89893000241622,-1.72202278452906,-2.39961576905524,-2.16414629780763,-0.898929972430166,-2.9476632412333e-05,1
5.426,-0.899125895645129,-1.71969175409728,-2.39956505737379,-2.16652763493001,-0.899125864997189,-3.01272746785559e-05,1
5.428,-0.899321452394124,-1.71736135871093,-2.39950775894797,-2.16891492467249,-0.89932142108564,-3.07765970177201e-05,1
5.43,-0.899516674429776,-1.71503165582478,-2.39944388069157,-2.17130810266154,-0.899516642462084,-3.14246064807168e-05,1
5.432,-0.899711563498027,-1.7127027026649,-2.39937342957345,-2.17370710469734,-0.899711530872455,-3.20713100393019e-05,1
5.434,-0.899906121324444,-1.71037455622836,-2.39929641261822,-2.1761118667534,-0.899906088042314,-3.27167145871236e-05,1
5.436,-0.900100349614491,-1.70804727328279,-2.39921283690681,-2.17852232497633,-0.900100315677117,-3.33608269407529e-05,1
5.438,-0.900294250053775,-1.70572091036599,-2.399122709577,-2.18093841568584,-0.900294215462465,-3.40036538406786e-05,1
5.44,-0.900487824308306,-1.70339552378534,-2.39902603782404,-2.18336007537464,-0.900487789064361,-3.46452019522995e-05,1
5.442,-0.90068107402474,-1.70107116961723,-2.39892282890106,-2.18578724070853,-0.900681038129454,-3.52854778668859e-05,1
5.444,-0.900874000830624,-1.69874790370641,-2.39881309011961,-2.18821984852666,-0.900873964285285,-3.59244881025451e-05,1
5.446,-0.901066606334638,-1.69642578166523,-2.39869682885008,-2.19065783584174,-0.901066569140526,-3.65622391051515e-05,1
5.448,-0.901258892126827,-1.6941048588729,-2.39857405252211,-2.19310113984045,-0.901258854285217,-3.71987372492759e-05,1
5.45,-0.901450859778836,-1.69178519047464,-2.39844476862497,-2.19554969788386,-0.901450821290997,-3.78339888390886e-05,1
5.452,-0.901642510844137,-1.68946683138076,-2.39830898470797,-2.19800344750796,-0.90164247171133,-3.84680001092513e-05,1
5.454,-0.901833846858255,-1.68714983626577,-2.39816670838071,-2.2004623264243,-0.901833807081736,-3.91007772257991e-05,1
5.456,-0.902024869338986,-1.68483425956737,-2.39801794731345,-2.20292627252064,-0.902024828920004,-3.97323262870055e-05,1
5.458,-0.902215579786616,-1.68252015548539,-2.39786270923732,-2.20539522386174,-0.902215538726414,-4.0362653324225e-05,1
5.46,-0.902405979684134,-1.68020757798075,-2.39770100194466,-2.20786911869017,-0.90240593798395,-4.09917643027353e-05,1
5.462,-0.902596070497444,-1.67789658077433,-2.39753283328913,-2.2103478954272,-0.902596028158507,-4.16196651225558e-05,1
5.464,-0.902785853675568,-1.67558721734581,-2.397358211186,-2.21283149267378,-0.902785810699105,-4.22463616192575e-05,1
5.466,-0.902975330650851,-1.67327954093248,-2.39717714361226,-2.21531984921155,-0.902975287038081,-4.28718595647548e-05,1
5.468,-0.903164502839162,-1.67097360452803,-2.3969896386068,-2.21781290400393,-0.903164458591298,-4.34961646680906e-05,1
5.47,-0.90335337164009,-1.66866946088126,-2.39679570427049,-2.22031059619723,-0.903353326758341,-4.41192825762063e-05,1
5.472,-0.903541938437137,-1.66636716249482,-2.39659534876632,-2.22281286512189,-0.903541892922703,-4.47412188746946e-05,1
5.474,-0.903730204597906,-1.66406676162388,-2.39638858031942,-2.22531965029368,-0.903730158451985,-4.53619790885479e-05,1
5.476,-0.903918171474293,-1.66176831027482,-2.39617540721716,-2.22783089141501,-0.903918124698075,-4.59815686828839e-05,1
5.478,-0.904105840402666,-1.65947186020381,-2.39595583780911,-2.2303465283763,-0.904105792997337,-4.6599993063671e-05,1
5.48,-0.904293212704049,-1.65717746291549,-2.39572988050711,-2.2328665012573,-0.904293164670789,-4.72172575784379e-05,1
5.482,-0.9044802896843,-1.65488516966154,-2.39549754378518,-2.23539075032858,-0.904480241024283,-4.78333675169628e-05,1
5.484,-0.904667072634285,-1.65259503143924,-2.39525883617948,-2.23791921605296,-0.90466702334868,-4.84483281119673e-05,1
5.486,-0.904853562830049,-1.65030709899006,-2.39501376628831,-2.24045183908705,-0.90485351292002,-4.90621445397835e-05,1
5.488,-0.905039761532987,-1.64802142279819,-2.39476234277193,-2.24298856028275,-0.905039710999693,-4.96748219210183e-05,1
5.49,-0.905225669990011,-1.64573805308909,-2.39450457435249,-2.24552932068884,-0.905225618834607,-5.02863653212084e-05,1
5.492,-0.905411289433714,-1.64345703982802,-2.3942404698139,-2.24807406155262,-0.905411237657347,-5.08967797514619e-05,1
5.494,-0.905596621082528,-1.64117843271855,-2.39397003800166,-2.25062272432151,-0.905596568686341,-5.15060701690836e-05,1
5.496,-0.905781666140886,-1.63890228120106,-2.39369328782269,-2.25317525064471,-0.905781613126018,-5.21142414782027e-05,1
5.498,-0.905966425799376,-1.63662863445127,-2.39341022824515,-2.25573158237492,-0.905966372166961,-5.27212985303783e-05,1
5.5,-0.906150901234896,-1.63435754137872,-2.39312086829817,-2.25829166157004,-0.906150846986062,-5.33272461252064e-05,1
5.502,-0.906335093610801,-1.63208905062526,-2.3928252170717,-2.2608554304949,-0.906335038746673,-5.39320890109009e-05,1
5.504,-0.906519004077056,-1.6298232105636,-2.39252328371618,-2.26342283162303,-0.906518948598753,-5.45358318848855e-05,1
5.506,-0.90670263377038,-1.62756006929574,-2.3922150774423,-2.2659938076384,-0.906702577679015,-5.51384793943567e-05,1
5.508,-0.906885983814387,-1.62529967465151,-2.39190060752072,-2.26856830143729,-0.90688592711107,-5.57400361368528e-05,1
5.51,-0.90706905531973,-1.62304207418706,-2.39157988328173,-2.27114625612998,-0.907068998005566,-5.63405066608029e-05,1
5.512,-0.90725184938424,-1.62078731518339,-2.39125291411494,-2.27372761504268,-0.90725179146033,-5.69398954660761e-05,1
5.514,-0.907434367093059,-1.61853544464481,-2.39091970946895,-2.27631232171931,-0.907434308560499,-5.75382070045106e-05,1
5.516,-0.907616609518778,-1.61628650929754,-2.39058027885095,-2.2789003199233,-0.907616550378658,-5.81354456804413e-05,1
5.518,-0.907798577721566,-1.61404055558814,-2.39023463182639,-2.28149155363955,-0.907798517974975,-5.87316158512267e-05,1
5.52,-0.907980272749303,-1.61179762968215,-2.38988277801853,-2.28408596707618,-0.907980212397323,-5.93267218277487e-05,1
5.522,-0.908161695637705,-1.60955777746258,-2.38952472710808,-2.28668350466644,-0.908161634681413,-5.99207678749198e-05,1
5.524,-0.908342847410448,-1.60732104452846,-2.38916048883273,-2.28928411107056,-0.908342785850918,-6.05137582121697e-05,1
5.526,-0.908523729079124,-1.60508747360482,-2.38879006850243,-2.29188774417464,-0.908523666922761,-6.11004118956674e-05,1
5.528,-0.908704341644804,-1.60285711493131,-2.3884134849183,-2.29449432308603,-0.908704278887337,-6.16913046511418e-05,1
5.53,-0.908884686094099,-1.60063001060209,-2.38803074352962,-2.29710380618325,-0.908884622736589,-6.22811540820678e-05,1
5.532,-0.909064763404504,-1.59840620508668,-2.38764185428778,-2.2997161390425,-0.909064699448008,-6.28699642332218e-05,1
5.534,-0.909244574541318,-1.59618574254329,-2.38724682720857,-2.3023312674869,-0.909244509986889,-6.34577391037827e-05,1
5.536,-0.909424120458512,-1.59396866683781,-2.3868456723619,-2.30494913757782,-0.909424055307199,-6.40444826502399e-05,1
5.538,-0.909603402098838,-1.59175502154253,-2.38643839987127,-2.30756969561667,-0.909603336351687,-6.46301987868361e-05,1
5.54,-0.909782420393946,-1.58954484993486,-2.38602501991322,-2.31019288814672,-0.909782354051997,-6.52148913860113e-05,1
5.542,-0.909961176264483,-1.58733819499596,-2.38560554271682,-2.31281866195498,-0.909961109328774,-6.57985642788185e-05,1
5.544,-0.910139670620206,-1.58513509940958,-2.38517997856305,-2.315446964074,-0.910139603091771,-6.63812212553409e-05,1
5.546,-0.910317904360081,-1.58293560556075,-2.38474833778425,-2.3180777417837,-0.910317836239949,-6.69628660651081e-05,1
5.548,-0.910495878372389,-1.58073975553461,-2.38431063076354,-2.32071094261319,-0.910495809661587,-6.75435024175019e-05,1
5.55,-0.910673593534826,-1.57854759111514,-2.38386686793418,-2.32334651434254,-0.910673524234375,-6.81231339821474e-05,1
5.552,-0.910851050714601,-1.5763591537841,-2.38341705977898,-2.32598440500459,-0.91085098082552,-6.87017643893162e-05,1
5.554,-0.911028250768532,-1.57417448471979,-2.38296121682969,-2.3286245628867,-0.911028180291836,-6.92793972302981e-05,1
5.556,-0.911205194543145,-1.57199362479599,-2.38249934966632,-2.33126693653251,-0.911205123479844,-6.98560360577855e-05,1
5.558,-0.911381882874765,-1.56981661458086,-2.38203146891654,-2.33391147474368,-0.911381811225868,-7.04316843862551e-05,1
5.56,-0.911558316589612,-1.56764349433585,-2.38155758525496,-2.33655812658158,-0.911558244356123,-7.10063456923239e-05,1
5.562,-0.911734496503887,-1.5654743040147,-2.38107770940256,-2.33920684136906,-0.911734423686806,-7.15800234151073e-05,1
5.564,-0.911910423423862,-1.56330908326242,-2.38059185212591,-2.34185756869205,-0.911910350024187,-7.21527209565823e-05,1
5.566,-0.912086098145975,-1.56114787141431,-2.38010002423656,-2.34451025840127,-0.912086024164698,-7.27244416819355e-05,1
5.568,-0.912261521456903,-1.55899070749502,-2.37960223659029,-2.34716486061388,-0.912261446895015,-7.3295188919894e-05,1
5.57,-0.912436694133657,-1.55683763021763,-2.37909850008646,-2.34982132571505,-0.912436618992147,-7.38649659630751e-05,1
5.572,-0.912611616943665,-1.55468867798276,-2.37858882566724,-2.35247960435962,-0.912611541223515,-7.44337760683172e-05,1
5.574,-0.912786290644847,-1.55254388887772,-2.37807322431694,-2.35513964747363,-0.912786214347036,-7.50016224569967e-05,1
5.576,-0.912960715985698,-1.55040330067571,-2.37755170706126,-2.35780140625588,-0.912960639111205,-7.55685083153555e-05,1
5.578,-0.91313489370537,-1.54826695083496,-2.37702428496655,-2.36046483217949,-0.913134816255169,-7.61344367948135e-05,1
5.58,-0.913308824533747,-1.54613487649807,-2.37649096913905,-2.36312987699334,-0.913308746508808,-7.66994110122837e-05,1
5.582,-0.913482509191517,-1.54400711449119,-2.3759517707242,-2.3657964927236,-0.913482430592808,-7.7263434050456e-05,1
5.584,-0.913655948390255,-1.54188370132338,-2.3754067009058,-2.36846463167518,-0.913655869218741,-7.78265089581314e-05,1
5.586,-0.913829142832492,-1.53976467318595,-2.37485577090532,-2.37113424643311,-0.913829063089133,-7.83886387504858e-05,1
5.588,-0.914002093211725,-1.53765006497539,-2.37429898977848,-2.37380529579146,-0.914002012899957,-7.89473821315209e-05,1
5.59,-0.914174800213083,-1.53553991421612,-2.37373637321713,-2.3764777210345,-0.914174719331383,-7.95076312062885e-05,1
5.592,-0.914347264511613,-1.53343425513842,-2.37316793036037,-2.37915148153956,-0.914347183060934,-8.00669440102784e-05,1
5.594,-0.914519486774731,-1.5313331226667,-2.37259367256822,-2.3818265310201,-0.914519404756022,-8.0625323428221e-05,1
5.596,-0.914691467660798,-1.52923655139475,-2.37201361123865,-2.38450282348225,-0.914691385075007,-8.11827723114658e-05,1
5.598,-0.91486320781954,-1.52714457559535,-2.37142775780256,-2.38718031322026,-0.91486312466761,-8.17392934793981e-05,1
5.6,-0.915034707892118,-1.52505722921989,-2.37083612372297,-2.38985895481769,-0.915034624174989,-8.22948897197223e-05,1
5.602,-0.915205968511185,-1.52297454589793,-2.3702387204942,-2.39253870314863,-0.915205884229797,-8.2849563788697e-05,1
5.604,-0.915376990300953,-1.52089655893689,-2.36963555964107,-2.3952195133788,-0.91537690545624,-8.34033184113971e-05,1
5.606,-0.915547773877249,-1.51882330132173,-2.36902665271811,-2.39790134096677,-0.915547688470144,-8.39561562819531e-05,1
5.608,-0.915718319847578,-1.51675480571467,-2.36841201130868,-2.40058414166497,-0.915718233879011,-8.45080800638047e-05,1
5.61,-0.91588862881118,-1.51469110445494,-2.3677916470242,-2.40326787152081,-0.915888542282078,-8.50590923899259e-05,1
5.612,-0.916058701359086,-1.51263222955859,-2.36716557150329,-2.40595248687767,-0.916058614270374,-8.5609195863065e-05,1
5.614,-0.916228538074175,-1.51057821271833,-2.36653379641096,-2.40863794437598,-0.916228450426775,-8.61583930559728e-05,1
5.616,-0.91639813953123,-1.50852908530337,-2.36589633343773,-2.41132420095407,-0.916398051326061,-8.67066865116289e-05,1
5.618,-0.916567506296987,-1.50648487835932,-2.36525319429887,-2.41401121384921,-0.916567417534966,-8.72540787434571e-05,1
5.62,-0.916736638930195,-1.50444562260816,-2.36460439073349,-2.41669894059847,-0.916736549612236,-8.78005722355476e-05,1
5.622,-0.916905537981659,-1.5024113484482,-2.36394993450373,-2.41938733903958,-0.916905448108674,-8.83461694428688e-05,1
5.624,-0.9170742039943,-1.50038208595408,-2.36328983739389,-2.42207636731178,-0.917074113567198,-8.88908727914764e-05,1
5.626,-0.917242637503193,-1.49835786487681,-2.36262411120964,-2.4247659838566,-0.917242546522881,-8.9434684678711e-05,1
5.628,-0.917410839035624,-1.49633871464387,-2.36195276777709,-2.42745614741869,-0.917410747503007,-8.997760747341e-05,1
5.63,-0.917578809111135,-1.49432466435933,-2.361275818942,-2.43014681704647,-0.917578717027115,-9.05196435160953e-05,1
5.632,-0.91774654824157,-1.49231574280397,-2.36059327656891,-2.43283795209286,-0.917746455607046,-9.10607951191737e-05,1
5.634,-0.917914056931115,-1.49031197843551,-2.35990515254029,-2.43552951221599,-0.917913963746985,-9.16010645671159e-05,1
5.636,-0.918081335676353,-1.4883133993888,-2.35921145875566,-2.43822145737978,-0.918081241943512,-9.21404541166525e-05,1
5.638,-0.918248384966295,-1.4863200334761,-2.35851220713078,-2.44091374785454,-0.918248290685636,-9.26789659969513e-05,1
5.64,-0.918415205282432,-1.48433190818734,-2.35780740959676,-2.44360634421755,-0.918415110454845,-9.32166024097907e-05,1
5.642,-0.918581797098768,-1.48234905069051,-2.35709707809921,-2.4462992073536,-0.918581701725143,-9.37533655297417e-05,1
5.644,-0.918748160881867,-1.48037148783194,-2.35638122459739,-2.44899229845545,-0.918748064963088,-9.42892575043344e-05,1
5.646,-0.918914297090887,-1.47839924613679,-2.35565986106335,-2.45168557902431,-0.918914200627839,-9.48242804542259e-05,1
5.648,-0.91908020617762,-1.47643235180938,-2.35493299948107,-2.45437901087027,-0.919080109171185,-9.53584364733625e-05,1
5.65,-0.919245888586527,-1.47447083073375,-2.35420065184559,-2.45707255611268,-0.919245791037586,-9.58917276291357e-05,1
5.652,-0.919411344754782,-1.47251470847411,-2.35346283016219,-2.45976617718052,-0.919411246664211,-9.6424155962555e-05,1
5.654,-0.919576575112295,-1.47056401027537,-2.3527195464455,-2.46245983681269,-0.91957647648097,-9.69557234883801e-05,1
5.656,-0.919741580081755,-1.46861876106372,-2.35197081271864,-2.46515349805836,-0.919741480910551,-9.74864321952833e-05,1
5.658,-0.919906360078631,-1.46667898473397,-2.35121663865537,-2.46784713012666,-0.919906260370913,-9.80138208481177e-05,1
5.66,-0.920070915511697,-1.46474470702161,-2.35045704100014,-2.47054068497745,-0.92007081526584,-9.85428183556087e-05,1
5.662,-0.920235246781393,-1.46281595115836,-2.3496920294505,-2.47323413245951,-0.920235145998265,-9.90709628529677e-05,1
5.664,-0.92039935428221,-1.46089274081227,-2.34892161605116,-2.47592743685864,-0.920399252962675,-9.95982562271281e-05,1
5.666,-0.920563238401201,-1.45897509932559,-2.34814581285499,-2.47862056277829,-0.920563136546124,-0.000100124700338436,1
5.668,-0.920726899518378,-1.45706304972591,-2.34736463191821,-2.48131347513321,-0.920726797128621,-0.000100650297021963,1
5.67,-0.920890338006748,-1.45515661472704,-2.34657808529959,-2.48400613914945,-0.920890235083172,-0.000101175048087655,1
5.672,-0.921053554232333,-1.45325581672972,-2.34578618505958,-2.48669852036441,-0.921053450775794,-0.000101698955320437,1
5.674,-0.921216548554196,-1.45136067782255,-2.34498894325949,-2.48939058462682,-0.921216444565553,-0.000102222020480337,1
5.676,-0.921379321324471,-1.44947121978287,-2.34418637196064,-2.49208229809668,-0.921379216804578,-0.000102744245302609,1
5.678,-0.921541872888381,-1.44758746407764,-2.34337848322349,-2.49477362724521,-0.921541767838091,-0.000103265631497835,1
5.68,-0.921704203584268,-1.44570943186445,-2.34256528910685,-2.49746453885471,-0.921704098004433,-0.000103786180752046,1
5.682,-0.921866313743608,-1.44383714399243,-2.34174680166699,-2.50015500001847,-0.921866207635078,-0.000104305894726824,1
5.684,-0.92202820369104,-1.44197062100328,-2.34092303295686,-2.50284497814054,-0.922028097054662,-0.00010482477505941,1
5.686,-0.92218987374438,-1.44010988313233,-2.34009399502523,-2.50553444093556,-0.922189766581001,-0.000105342823362793,1
5.688,-0.922351324214644,-1.43825495030956,-2.33925969991585,-2.50822335642854,-0.922351216525109,-0.00010586004122582,1
5.69,-0.922512555406068,-1.43640584216072,-2.33842015966663,-2.51091169295457,-0.92251244719122,-0.000106376430213293,1
5.692,-0.922673567616123,-1.43456257800846,-2.33757538630885,-2.51359941915852,-0.922673458876803,-0.000106891991866049,1
5.694,-0.922834361135534,-1.43272517687343,-2.33672539186629,-2.51628650399473,-0.922834251872583,-0.000107406727701053,1
5.696,-0.922994936248297,-1.43089365747549,-2.33587018835443,-2.51897291672666,-0.922994826462553,-0.000107920639211491,1
5.698,-0.92315529323169,-1.42906803823492,-2.33500978777966,-2.52165862692648,-0.923155182923991,-0.000108433727866839,1
5.7,-0.923315432356294,-1.42724833727358,-2.33414420213843,-2.52434360447469,-0.923315321527475,-0.000108945995112951,1
5.702,-0.923475353886003,-1.42543457241629,-2.33327344341645,-2.52702781955964,-0.923475242536897,-0.00010945744237214,1
5.704,-0.923635058078034,-1.42362676119195,-2.33239752358791,-2.52971124267709,-0.923634946209475,-0.000109968071043237,1
5.706,-0.923794545182946,-1.42182492083497,-2.33151645461465,-2.53239384462967,-0.923794432795765,-0.000110477882501676,1
5.708,-0.923953815444645,-1.42002906828653,-2.33063024844536,-2.5350755965264,-0.923953702539673,-0.000110986878099556,1
5.71,-0.924112869100397,-1.41823922019597,-2.32973891701481,-2.5377564697821,-0.924112755678461,-0.000111495059165697,1
5.712,-0.924271706380835,-1.41645539292212,-2.32884247224304,-2.54043643611682,-0.924271592442764,-0.000112002427005717,1
5.714,-0.924430327509971,-1.41467760253476,-2.32794092603456,-2.5431154675552,-0.92443021305659,-0.000112508982902078,1
5.716,-0.924588732705202,-1.41290586481601,-2.32703429027758,-2.54579353642588,-0.924588617737335,-0.000113014728114153,1
5.718,-0.924746922177313,-1.41114019526173,-2.32612257684326,-2.5484706153608,-0.924746806695785,-0.000113519663878264,1
5.72,-0.92490489613049,-1.40938060908311,-2.32520579758485,-2.55114667729452,-0.924904780136122,-0.000114023791407743,1
5.722,-0.925062654762319,-1.40762712120802,-2.32428396433701,-2.5538216954635,-0.925062538255932,-0.000114527111892974,1
5.724,-0.925220198263791,-1.40587974628263,-2.32335708891496,-2.55649564340537,-0.925220081246206,-0.000115029626501439,1
5.726,-0.92537752681931,-1.40413849867289,-2.32242518311377,-2.55916849495813,-0.925377409291345,-0.000115531336377757,1
5.728,-0.925534640606689,-1.40240339246607,-2.32148825870757,-2.56184022425943,-0.925534522569161,-0.000116032242643718,1
5.73,-0.925691539797155,-1.40067444147237,-2.32054632744881,-2.56451080574567,-0.925691421250881,-0.000116532346398328,1
5.732,-0.925848224555348,-1.39895165922653,-2.31959940106747,-2.56718021415122,-0.925848105501144,-0.000117031648717827,1
5.734,-0.926004695039323,-1.39723505898936,-2.31864749127038,-2.56984842450752,-0.926004575478002,-0.000117530150655729,1
5.736,-0.926160951400546,-1.39552465374947,-2.31769060974037,-2.57251541214224,-0.926160831332921,-0.000118027853242846,1
5.738,-0.926316993783893,-1.39382045622484,-2.31672876813561,-2.57518115267832,-0.926316873210777,-0.000118524757487304,1
5.74,-0.926472822327648,-1.39212247886456,-2.31576197808888,-2.57784562203306,-0.926472701249852,-0.000119020864374567,1
5.742,-0.926628437163497,-1.39043073385044,-2.31479025120675,-2.58050879641719,-0.926628315581831,-0.000119516174867454,1
5.744,-0.926783838416526,-1.38874523309879,-2.31381359906893,-2.58317065233387,-0.9267837163318,-0.000120010689906158,1
5.746,-0.926939026205213,-1.38706598826209,-2.31283203322751,-2.58583116657769,-0.926938903618234,-0.000120504410408242,1
5.748,-0.92709400064142,-1.38539301073075,-2.31184556520625,-2.58849031623368,-0.927093877552996,-0.000120997337268658,1
5.75,-0.927248761830391,-1.38372631163484,-2.31085420649986,-2.59114807867626,-0.927248638241328,-0.000121489471359752,1
5.752,-0.927403309870736,-1.38206590184591,-2.30985796857328,-2.59380443156817,-0.927403185781841,-0.000121980813531261,1
5.754,-0.927557644854429,-1.3804117919787,-2.30885686286096,-2.59645935285942,-0.927557520266505,-0.000122471364610311,1
5.756,-0.927711766866792,-1.37876399239303,-2.30785090076618,-2.59911282078619,-0.927711641780644,-0.000122961125401415,1
5.758,-0.927865675986486,-1.37712251319552,-2.30684009366034,-2.60176481386967,-0.927865550402917,-0.00012345009668646,1
5.76,-0.928019372285497,-1.3754873642415,-2.30582445288227,-2.60441531091503,-0.92801924620531,-0.000123938279224705,1
5.762,-0.928172855829129,-1.37385855513681,-2.3048039897375,-2.60706429101016,-0.928172729253124,-0.000124425673752758,1
5.764,-0.928326126675977,-1.37223609523966,-2.30377871549763,-2.60971173352456,-0.928325999604957,-0.000124912280984562,1
5.766,-0.928479184877928,-1.37061999366249,-2.30274864139959,-2.61235761810817,-0.928479057312691,-0.000125398101611374,1
5.768,-0.928632030480129,-1.3690102592739,-2.30171377864498,-2.61500192469011,-0.928631902421476,-0.000125883136301744,1
5.77,-0.928784663520984,-1.36740690070049,-2.30067413839943,-2.61764463347753,-0.928784534969713,-0.000126367385701483,1
5.772,-0.928937084032123,-1.36580992632878,-2.29962973179185,-2.62028572495433,-0.928936954989033,-0.000126850850433632,1
5.774,-0.929089292038392,-1.36421934430715,-2.29858056991384,-2.62292517987991,-0.92908916250428,-0.000127333531098436,1
5.776,-0.929241287557829,-1.36263516254775,-2.29752666381898,-2.62556297928793,-0.929241157533492,-0.000127815428273298,1
5.778,-0.929393070601642,-1.36105738872843,-2.29646802452217,-2.62819910448504,-0.929392940087878,-0.000128296542512746,1
5.78,-0.929544641174189,-1.35948603029471,-2.29540466299899,-2.63083353704954,-0.929544510171793,-0.000128776874348381,1
5.782,-0.929695999272954,-1.35792109446176,-2.29433659018507,-2.6334662588301,-0.92969586778272,-0.00012925642428884,1
5.784,-0.929847144888519,-1.3563625882163,-2.29326381697536,-2.63609725194446,-0.929847012911244,-0.000129735192819736,1
5.786,-0.929998078004563,-1.35481051798991,-2.29218635021613,-2.63872650744544,-0.929997945544892,-0.00013020936570258,1
5.788,-0.930148798598354,-1.35326489100325,-2.29110420872459,-2.64135399063176,-0.930148665653228,-0.000130686573595084,1
5.79,-0.930299306638441,-1.35172571319822,-2.29001739927706,-2.64397969311638,-0.930299173208653,-0.000131163001392958,1
5.792,-0.930449602088142,-1.3501929906833,-2.28892593259454,-2.64660359806931,-0.930449468174486,-0.000131638649491053,1
5.794,-0.930599684903139,-1.34866672933306,-2.28782981935928,-2.64922568893323,-0.930599550506408,-0.000132113518259003,1
5.796,-0.930749555032045,-1.3471469348057,-2.2867290702091,-2.6518459494117,-0.930749420153031,-0.000132587608043036,1
5.798,-0.930899212416369,-1.34563361254502,-2.28562369573673,-2.6544643634677,-0.930899077055863,-0.000133060919165907,1
5.8,-0.931048656990485,-1.3441267677825,-2.28451370648922,-2.65708091532226,-0.93104852114928,-0.000133533451926818,1
5.802,-0.931197888681598,-1.34262640553934,-2.28339911296734,-2.65969558945301,-0.931197752360486,-0.000134005206601335,1
5.804,-0.931346907409706,-1.34113253062847,-2.28227992562492,-2.66230837059274,-0.931346770609478,-0.000134476183441294,1
5.806,-0.931495713087564,-1.33964514765668,-2.28115615486829,-2.66491924372795,-0.93149557580901,-0.000134946382674718,1
5.808,-0.931644305620643,-1.3381642610266,-2.28002781105566,-2.66752819409744,-0.931644167864556,-0.000135415804505722,1
5.81,-0.931792684907096,-1.33668987493882,-2.2788949044965,-2.67013520719076,-0.931792546674265,-0.000135884449114403,1
5.812,-0.931940850837709,-1.33522199339394,-2.27775744545094,-2.67274026874683,-0.931940712128925,-0.000136352316656749,1
5.814,-0.932088803295867,-1.33376062019467,-2.27661544412921,-2.67534336475238,-0.932088664111919,-0.000136819407264527,1
5.816,-0.932236542157502,-1.3323057589479,-2.275468910691,-2.6779444814405,-0.932236402499182,-0.000137285721045171,1
5.818,-0.932384067291056,-1.33085741306675,-2.27431785524491,-2.68054360528916,-0.932383927159154,-0.000137751258081664,1
5.82,-0.932531378557428,-1.32941558577274,-2.27316228784784,-2.68314072301965,-0.932531237952734,-0.000138216018432425,1
5.822,-0.93267847580993,-1.32798028009783,-2.2720022185044,-2.68573582159514,-0.932678334733234,-0.000138680002131176,1
5.824,-0.932825358894239,-1.32655149888652,-2.27083765716634,-2.68832888821909,-0.93282521734633,-0.000139143209186824,1
5.826,-0.932972027648339,-1.32512924479798,-2.26966861373197,-2.69091991033379,-0.932971885630009,-0.000139605639583318,1
5.828,-0.933118481902479,-1.32371352030814,-2.26849509804558,-2.69350887561877,-0.933118339414517,-0.000140067293279514,1
5.83,-0.933264721479113,-1.32230432771179,-2.26731711989687,-2.69609577198934,-0.933264578522309,-0.000140528170209034,1
5.832,-0.933410746192846,-1.32090166912473,-2.26613468902036,-2.69868058759498,-0.93341060276799,-0.000140988270280117,1
5.834,-0.933556555850377,-1.31950554648583,-2.26494781509485,-2.70126331081782,-0.933556411958261,-0.000141447593375474,1
5.836,-0.933702150250444,-1.3181159615592,-2.26375650774282,-2.70384393027111,-0.933702005891857,-0.00014190613935212,1
5.838,-0.933847529183759,-1.31673291593627,-2.26256077652989,-2.70642243479764,-0.933847384359492,-0.000142363908041218,1
5.84,-0.933992692432951,-1.31535641103792,-2.26136063096423,-2.70899881346821,-0.933992547143796,-0.000142820899247913,1
5.842,-0.934137639772502,-1.31398644811666,-2.26015608049604,-2.71157305558002,-0.93413749401925,-0.000143277112751164,1
5.844,-0.934282370968681,-1.31262302825865,-2.25894713451692,-2.71414515065516,-0.934282224752123,-0.000143732548303558,1
5.846,-0.934426885779478,-1.31126615238591,-2.2577338023594,-2.71671508843902,-0.934426739100405,-0.000144187205631132,1
5.848,-0.934571183954537,-1.30991582125842,-2.2565160932963,-2.7192828588987,-0.934571036813741,-0.000144641084433188,1
5.85,-0.934715265235083,-1.30857203547628,-2.25529401654023,-2.72184845222146,-0.934715117633358,-0.000145094184382099,1
5.852,-0.934859129353855,-1.30723479548175,-2.25406758124301,-2.72441185881315,-0.934858981291991,-0.000145546505123098,1
5.854,-0.935002776035028,-1.30590410156149,-2.25283679649511,-2.72697306929662,-0.93500262751382,-0.000145998046274103,1
5.856,-0.93514620499414,-1.30457995384865,-2.25160167132513,-2.72953207451012,-0.935146056014381,-0.000146448807425472,1
5.858,-0.935289415938015,-1.30326235232497,-2.25036221469922,-2.73208886550576,-0.935289266500499,-0.000146898788139813,1
5.86,-0.93543240856468,-1.30195129682296,-2.24911843552052,-2.7346434335479,-0.935432258670201,-0.000147347987951749,1
5.862,-0.935575182563288,-1.30064678702801,-2.24787034262863,-2.7371957701116,-0.935575032212642,-0.000147796406367693,1
5.864,-0.935717737614033,-1.29934882248053,-2.24661794479909,-2.73974586688097,-0.935717586808015,-0.000148244042865612,1
5.866,-0.935860073388064,-1.29805740257809,-2.24536125074276,-2.74229371574765,-0.93585992212747,-0.000148690896894793,1
5.868,-0.936002189547398,-1.29677252657754,-2.24410026910531,-2.74483930880922,-0.936002037833024,-0.000149136967875587,1
5.87,-0.93614408574483,-1.29549419359715,-2.24283500846668,-2.74738263836756,-0.936143933577473,-0.000149582255199161,1
5.872,-0.93628576162384,-1.29422240261875,-2.24156547734052,-2.74992369692732,-0.936285609004299,-0.000150026758227233,1
5.874,-0.936427216818502,-1.29295715248985,-2.24029168417364,-2.75246247719434,-0.936427063747575,-0.000150470476291807,1
5.876,-0.936568450953385,-1.29169844192581,-2.23901363734545,-2.75499897207401,-0.936568297431871,-0.000150913408694901,1
5.878,-0.936709463643453,-1.2904462695119,-2.23773134516742,-2.75753317466974,-0.936709309672152,-0.000151355554708255,1
5.88,-0.936850254493968,-1.28920063370551,-2.23644481588253,-2.76006507828138,-0.936850100073681,-0.000151796913573062,1
5.882,-0.936990823100382,-1.28796153283826,-2.23515405766472,-2.76259467640358,-0.936990668231911,-0.000152237484499647,1
5.884,-0.937131169048233,-1.28672896511809,-2.23385907861834,-2.76512196272428,-0.937131013732379,-0.000152677266667177,1
5.886,-0.937271291913034,-1.28550292863146,-2.23255988677758,-2.76764693112311,-0.937271136150602,-0.00015311625922335,1
5.888,-0.937411191260166,-1.2842834213454,-2.23125649010592,-2.77016957566979,-0.93741103505196,-0.000153554461284068,1
5.89,-0.93755086664476,-1.28307044110974,-2.22994889649558,-2.77268989062258,-0.937550709991584,-0.000153991871933112,1
5.892,-0.937690317611582,-1.28186398565914,-2.22863711376695,-2.77520787042673,-0.937690160514242,-0.000154428490221809,1
5.894,-0.93782954369491,-1.2806640526153,-2.22732114966807,-2.77772350971286,-0.937829386154213,-0.000154864315168673,1
5.896,-0.937968544418416,-1.27947063948903,-2.22600101187399,-2.78023680329541,-0.937968386435172,-0.000155299345759075,1
5.898,-0.938107319295041,-1.27828374368242,-2.22467670798628,-2.78274774617112,-0.938107160870058,-0.000155733580944858,1
5.9,-0.93824586782686,-1.27710336249095,-2.22334824553242,-2.78525633351741,-0.938245708960948,-0.000156167019643967,1
5.902,-0.938384189504958,-1.27592949310562,-2.22201563196524,-2.78776256069086,-0.938384030198928,-0.000156599660740088,1
5.904,-0.938522283809289,-1.27476213261507,-2.22067887466235,-2.79026642322564,-0.938522124063954,-0.000157031503082233,1
5.906,-0.938660150208543,-1.27360127800773,-2.21933798092556,-2.79276791683196,-0.938659990024717,-0.000157462545484352,1
5.908,-0.938797788160003,-1.27244692617393,-2.2179929579803,-2.79526703739453,-0.938797627538501,-0.000157892786724918,1
5.91,-0.938935197109398,-1.27129907390803,-2.21664381297506,-2.79776378097101,-0.938935036051036,-0.000158322225546505,1
5.912,-0.93907237649076,-1.27015771791055,-2.21529055298074,-2.80025814379046,-0.939072214996355,-0.000158750860655361,1
5.914,-0.939209325726265,-1.2690228547903,-2.21393318499014,-2.80275012225182,-0.939209163796637,-0.000159178690720965,1
5.916,-0.939346044226088,-1.2678944810665,-2.21257171591731,-2.80523971292238,-0.939345881862057,-0.000159605714375567,1
5.918,-0.939482531388304,-1.26677259351164,-2.21120614900722,-2.80772691939203,-0.939482368593882,-0.00016002877296196,1
5.92,-0.93961878659896,-1.2656571878106,-2.20983649818716,-2.81021172483526,-0.939618623371779,-0.000160454180150461,1
5.922,-0.939754809230283,-1.26454826053612,-2.20846276655224,-2.81269413319202,-0.939754645571167,-0.000160878776593895,1
5.924,-0.939890598643297,-1.26344580788171,-2.20708496069185,-2.81517414168002,-0.939890434553074,-0.000161302560772445,1
5.926,-0.940026154185679,-1.26234982595062,-2.20570308711728,-2.81765174768541,-0.940025989665175,-0.000161725531125029,1
5.928,-0.940161475192077,-1.26126031076929,-2.20431715225741,-2.82012694875355,-0.940161310242123,-0.000162147686050366,1
5.93,-0.94029656098394,-1.2601772582895,-2.20292716245805,-2.82259974258756,-0.940296395605366,-0.000162569023906441,1
5.932,-0.940431410869322,-1.25910066439051,-2.20153312398137,-2.82507012704677,-0.940431245062962,-0.000162989543009956,1
5.934,-0.940566024142693,-1.25803052488117,-2.20013504300516,-2.82753810014528,-0.940565857909381,-0.000163409241635759,1
5.936,-0.94070040008474,-1.2569668355021,-2.19873292562227,-2.83000366005042,-0.940700233425312,-0.000163828118016263,1
5.938,-0.940834537962166,-1.25590959192779,-2.1973267778399,-2.83246680508131,-0.940834370877461,-0.000164246170340854,1
5.94,-0.940968437027481,-1.25485878976878,-2.19591660557895,-2.83492753370733,-0.940968269518339,-0.000164663396755275,1
5.942,-0.941102096518792,-1.2538144245738,-2.19450241467333,-2.83738584454673,-0.941101928586056,-0.000165079795361008,1
5.944,-0.941235515659586,-1.25277649183192,-2.19308421086928,-2.83984173636508,-0.9412353473041,-0.000165495364214626,1
5.946,-0.941368693658503,-1.25174498697467,-2.19166199982471,-2.84229520807385,-0.941368524881112,-0.000165910101327134,1
5.948,-0.941501629709112,-1.25071990537828,-2.19023578710846,-2.84474625872893,-0.941501460510665,-0.000166324004663304,1
5.95,-0.941634322989675,-1.24970124236574,-2.18880557819958,-2.84719488752922,-0.941634153371022,-0.000166737072140971,1
5.952,-0.941766772662907,-1.24868899320907,-2.18737137848667,-2.84964109381512,-0.9417666026249,-0.000167149301630331,1
5.954,-0.941898977875732,-1.24768315313142,-2.18593319326709,-2.85208487706713,-0.941898807419226,-0.000167560690953211,1
5.956,-0.942030937759028,-1.24668371730927,-2.18449102774626,-2.85452623690442,-0.94203076688488,-0.000167971237882324,1
5.958,-0.94216265142737,-1.24569068087462,-2.18304488703687,-2.85696517308335,-0.94216248013644,-0.000168380940140502,1
5.96,-0.942294117978768,-1.24470403891719,-2.18159477615817,-2.85940168549611,-0.942293946271916,-0.000168789795399913,1
5.962,-0.942425336494388,-1.24372378648659,-2.18014070003513,-2.86183577416924,-0.94242516437248,-0.00016919780128125,1
5.964,-0.942556306038282,-1.24274991859452,-2.17868266349772,-2.86426743926222,-0.942556133502183,-0.000169604955352917,1
5.966,-0.942687025657096,-1.24178243021702,-2.17722067128006,-2.86669668106611,-0.942686852707676,-0.000170011255130161,1
5.968,-0.942817494379781,-1.24082131629665,-2.17575472801965,-2.86912350000209,-0.942817321017911,-0.000170416698074227,1
5.97,-0.942947711217289,-1.23986657174475,-2.17428483825649,-2.87154789662006,-0.942947537443844,-0.000170821281591444,1
5.972,-0.943077675162267,-1.23891819144365,-2.17281100643233,-2.87396987159728,-0.943077500978124,-0.000171225003032313,1
5.974,-0.943207385188741,-1.23797617024892,-2.17133323688969,-2.87638942573693,-0.943207210594779,-0.000171627859690581,1
5.976,-0.943336840251789,-1.23704050299163,-2.16985153387114,-2.87880655996678,-0.94333666524889,-0.000172029848802259,1
5.978,-0.943466039287211,-1.23611118448065,-2.16836590151827,-2.88122127533775,-0.943465863876262,-0.000172430967544637,1
5.98,-0.943594981211185,-1.23518820950487,-2.1668763438709,-2.88363357302256,-0.943594805393073,-0.000172831213035273,1
5.982,-0.943723664919917,-1.23427157283553,-2.16538286486612,-2.88604345431435,-0.943723488695535,-0.000173230582330935,1
5.984,-0.943852089289282,-1.23336126922851,-2.16388546833733,-2.88845092062533,-0.943851912659523,-0.000173629072426539,1
5.986,-0.943980253174451,-1.23245729342667,-2.16238415801336,-2.89085597348536,-0.943980076140213,-0.000174026680254048,1
5.988,-0.944108155409515,-1.23155964016215,-2.16087893751742,-2.89325861454065,-0.944107977971698,-0.000174423402681332,1
5.99,-0.944235794807095,-1.23066830415874,-2.15936981036617,-2.89565884555238,-0.944235616966604,-0.000174819236511015,1
5.992,-0.944363170157939,-1.22978328013423,-2.15785677996867,-2.89805666839533,-0.944362991915681,-0.000175214178479274,1
5.994,-0.944490280230513,-1.22890456280282,-2.15633984962539,-2.90045208505654,-0.944490101587398,-0.000175608225254619,1
5.996,-0.944617123770578,-1.22803214687746,-2.15481902252713,-2.90284509763396,-0.944616944727521,-0.000176001373436628,1
5.998,-0.944743699500758,-1.22716602707233,-2.15329430175396,-2.90523570833512,-0.944743520058676,-0.000176393619554653,1
6,-0.944870006120091,-1.22630619810526,-2.15176569027413,-2.90762391947577,-0.944869826279906,-0.000176784960066492,1
6.002,-0.944996042303573,-1.22545265470012,-2.15023319094293,-2.91000973347856,-0.94499586206621,-0.000177175391357011,1
6.004,-0.945121806701688,-1.22460539158943,-2.14869680650159,-2.91239315287167,-0.945121626068075,-0.000177564909736751,1
6.006,-0.945247297939921,-1.22376440351672,-2.14715653957607,-2.91477418028753,-0.945247116910991,-0.000177953511440469,1
6.008,-0.945372514618264,-1.22292968523917,-2.1456123926759,-2.91715281846142,-0.945372333194952,-0.000178341192625656,1
6.01,-0.9454974553107,-1.22210123153008,-2.14406436819293,-2.9195290702302,-0.945497273493948,-0.00017872794937101,1
6.012,-0.945622118564683,-1.2212790371815,-2.14251246840012,-2.92190293853094,-0.945621936355435,-0.000179113777674857,1
6.014,-0.945746502900592,-1.22046309700679,-2.14095669545024,-2.92427442639962,-0.945746320299797,-0.000179498673453531,1
6.016,-0.945870606811174,-1.21965340584329,-2.13939705137458,-2.92664353696979,-0.945870423819785,-0.000179882632539714,1
6.018,-0.945994428760977,-1.21884995855499,-2.13783353808161,-2.92901027347122,-0.94599424537995,-0.000180265650680718,1
6.02,-0.946117967185753,-1.21805275003515,-2.13626615735561,-2.9313746392286,-0.946117783416051,-0.000180647723536721,1
6.022,-0.94624122049186,-1.21726177520913,-2.13469491085528,-2.9337366376602,-0.946241036334448,-0.000181028846678951,1
6.024,-0.946364187055628,-1.21647702903707,-2.1331198001123,-2.93609627227658,-0.946364002511478,-0.000181409015587814,1
6.026,-0.946486865222726,-1.21569850651674,-2.13154082652988,-2.93845354667916,-0.946486680292813,-0.000181788225650974,1
6.028,-0.946609253307494,-1.21492620268636,-2.12995799138124,-2.940808464559,-0.946609067992798,-0.000182166472161361,1
6.03,-0.946731349592265,-1.21416011262744,-2.12837129580809,-2.94316102969538,-0.946731163893771,-0.000182543750315139,1
6.032,-0.946853152326659,-1.21340023146778,-2.12678074081903,-2.94551124595452,-0.946852966245357,-0.000182920055209587,1
6.034,-0.946974659726864,-1.21264655438434,-2.12518632728795,-2.94785911728819,-0.94697447326375,-0.000183295381840951,1
6.036,-0.947095869974891,-1.21189907660631,-2.12358805595236,-2.9502046477324,-0.947095683130964,-0.000183669725102184,1
6.038,-0.947216781217803,-1.21115779341814,-2.12198592741172,-2.952547841406,-0.947216593994069,-0.000184043079780666,1
6.04,-0.947337391566924,-1.21042270016263,-2.12037994212566,-2.9548887025094,-0.947337203964395,-0.000184415440555812,1
6.042,-0.947457699097027,-1.20969379224412,-2.11877010041218,-2.95722723532313,-0.947457511116718,-0.000184786801996633,1
6.044,-0.947577701845487,-1.20897106513166,-2.11715640244589,-2.9595634442065,-0.947577513488422,-0.000185157158559203,1
6.046,-0.94769739781142,-1.2082545143623,-2.11553884825603,-2.96189733359622,-0.947697209078626,-0.000185526504584062,1
6.048,-0.947816784954779,-1.20754413554441,-2.1139174377246,-2.96422890800502,-0.94781659584729,-0.000185894834293518,1
6.05,-0.947935861195439,-1.20683992436106,-2.11229217058433,-2.96655817202024,-0.947935671714295,-0.000186262141788878,1
6.052,-0.948054624412239,-1.20614187657349,-2.11066304641669,-2.96888513030242,-0.948054434558486,-0.000186628421047589,1
6.054,-0.948173072442,-1.20544998802458,-2.10903006464974,-2.97120978758389,-0.94817288221669,-0.000186993665920273,1
6.056,-0.948291203078508,-1.20476425464251,-2.107393224556,-2.97353214866734,-0.948291012482701,-0.000187357870127682,1
6.058,-0.948409014071468,-1.20408467244437,-2.10575252525024,-2.97585221842435,-0.948408823106228,-0.000187721027257542,1
6.06,-0.948526503125418,-1.20341123753992,-2.10410796568721,-2.97817000179396,-0.948526311791817,-0.000188083130761302,1
6.062,-0.948643667898609,-1.20274394613539,-2.10245954465926,-2.98048550378116,-0.948643476197726,-0.000188444173950757,1
6.064,-0.948760506001856,-1.20208279453741,-2.10080726079398,-2.98279872945543,-0.948760313934776,-0.000188804149994589,1
6.066,-0.948877014997333,-1.201427779157,-2.0991511125517,-2.98510968394919,-0.948876822565148,-0.000189163051914756,1
6.068,-0.948993192397344,-1.20077889651364,-2.09749109822296,-2.98741837245628,-0.948992999601155,-0.000189520872582785,1
6.07,-0.949109035663044,-1.20013614323945,-2.09582721592585,-2.98972480023044,-0.949108842503959,-0.00018987760471593,1
6.072,-0.949224542203119,-1.19949951608349,-2.09415946360337,-2.99202897258363,-0.949224348682252,-0.000190233240873191,1
6.074,-0.949339709372417,-1.19886901191612,-2.0924878390206,-2.99433089488454,-0.949339515490891,-0.0001905877734512,1
6.076,-0.949454534470535,-1.19824462773353,-2.09081233976187,-2.99663057255688,-0.94945434022948,-0.000190941194679972,1
6.078,-0.949569014740355,-1.19762636066231,-2.08913296322781,-2.99892801107773,-0.949568820140911,-0.000191293496618493,1
6.08,-0.949683147366532,-1.19701420796422,-2.08744970663232,-3.00122321597589,-0.949682952409844,-0.000191644671150158,1
6.082,-0.949796929473916,-1.19640816704101,-2.08576256699941,-3.00351619283007,-0.94979673416114,-0.000191994709978044,1
6.084,-0.949910358125937,-1.19580823543947,-2.08407154116005,-3.00580694726718,-0.949910162458238,-0.000192343604620022,1
6.086,-0.950023430322915,-1.19521441085645,-2.08237662574877,-3.00809548496055,-0.950023234301464,-0.000192691346403674,1
6.088,-0.950136143000314,-1.19462669114426,-2.08067781720029,-3.01038181162802,-0.950135946626295,-0.000193037926461041,1
6.09,-0.950248493026938,-1.19404507431601,-2.07897511174595,-3.01266593303007,-0.95024829630154,-0.000193383335723175,1
6.092,-0.950360477203048,-1.1934695585512,-2.07726850541013,-3.01494785496793,-0.950360280127473,-0.000193727564914475,1
6.094,-0.950472092258422,-1.19290014220149,-2.07555799400643,-3.01722758328154,-0.950471894833879,-0.000194070604546835,1
6.096,-0.950583334850332,-1.19233682379661,-2.0738435731338,-3.01950512384752,-0.950583137078041,-0.000194412444913548,1
6.098,-0.95069420156145,-1.19177960205046,-2.07212523817259,-3.0217804825771,-0.950694003442643,-0.000194753076082997,1
6.1,-0.950804688897674,-1.1912284758674,-2.07040298428037,-3.02405366541392,-0.95080449043359,-0.000195092487892088,1
6.102,-0.950914793285867,-1.19068344434876,-2.06867680638768,-3.02632467833184,-0.950914594477756,-0.000195430669939447,1
6.104,-0.95102451107151,-1.19014450679953,-2.06694669919363,-3.02859352733261,-0.951024311920635,-0.000195767611578339,1
6.106,-0.951133838516266,-1.1896116627353,-2.06521265716133,-3.03086021844354,-0.951133639023899,-0.000196103301909316,1
6.108,-0.951242771795442,-1.18908491188939,-2.06347467451323,-3.03312475771503,-0.951242571962868,-0.000196437729772562,1
6.11,-0.951351306995357,-1.18856425422027,-2.06173274522622,-3.03538715121801,-0.951351106823873,-0.000196770883739958,1
6.112,-0.951459440110601,-1.1880496899192,-2.05998686302661,-3.03764740504137,-0.951459239601514,-0.000197102752106803,1
6.114,-0.951567167041178,-1.18754121941818,-2.05823702138496,-3.03990552528919,-0.951566966195807,-0.000197433322883199,1
6.116,-0.951674483589542,-1.1870388433981,-2.05648321351068,-3.04216151807796,-0.95167428240922,-0.000197762583785117,1
6.118,-0.951781385457504,-1.18654256279729,-2.0547254323465,-3.04441538953359,-0.951781183943578,-0.000198090522225038,1
6.12,-0.951887868243018,-1.18605237882032,-2.05296367056268,-3.0466671457884,-0.951887666396844,-0.000198417125302264,1
6.122,-0.951993927436973,-1.18556829416449,-2.05119791621714,-3.04891680004883,-0.951993725263383,-0.000198738947321944,1
6.124,-0.952099558419667,-1.18509030817635,-2.0494281700776,-3.05116434429915,-0.952099355916587,-0.000199062840182409,1
6.126,-0.95220475645575,-1.18461842410656,-2.04765441963789,-3.05340979175724,-0.952204553624578,-0.000199385356991492,1
6.128,-0.952309516693313,-1.18415264432907,-2.04587665641293,-3.05565314854213,-0.952309313535465,-0.000199706483491822,1
6.13,-0.952413834157734,-1.1836929715238,-2.04409487161715,-3.05789442076763,-0.952413630674639,-0.000200026205055872,1
6.132,-0.952517703748119,-1.18323940869721,-2.0423090561535,-3.06013361453266,-0.952517499941222,-0.00020034450667525,1
6.134,-0.95262112023298,-1.1827919591939,-2.04051920060607,-3.06237073591709,-0.95262091610374,-0.000200661372947632,1
6.136,-0.952724078245709,-1.18235062670848,-2.03872529523251,-3.0646057909775,-0.952723873795604,-0.000200976788063103,1
6.138,-0.95282657227986,-1.1819154152981,-2.03692732995606,-3.06683878574252,-0.952826367510382,-0.000201290735789882,1
6.14,-0.952928596684205,-1.18148632939541,-2.03512529435742,-3.0690697262081,-0.952928391596863,-0.000201603199459394,1
6.142,-0.953030145657568,-1.1810633738221,-2.03331917766618,-3.0712986183325,-0.953029940253889,-0.000201914161950653,1
6.144,-0.953131213243416,-1.18064655380305,-2.03150896875205,-3.07352546803099,-0.953131007524945,-0.000202223605673915,1
6.146,-0.953231793324197,-1.18023587498108,-2.02969465611562,-3.07575028117023,-0.953231587292499,-0.000202531512553562,1
6.148,-0.95333187961541,-1.17983134343229,-2.0278762278789,-3.07797306356248,-0.953331673272065,-0.000202837864010159,1
6.15,-0.953431465659381,-1.17943296568227,-2.02605367177542,-3.08019382095933,-0.953431259005992,-0.000203142640941664,1
6.152,-0.953530544818754,-1.17904074872283,-2.02422697513993,-3.08241255904521,-0.953530337856943,-0.000203445823703723,1
6.154,-0.953629110269647,-1.17865470002966,-2.02239612489777,-3.0846292834304,-0.953628903001056,-0.000203747392088977,1
6.156,-0.953727154994476,-1.17827482758074,-2.02056110755374,-3.08684399964375,-0.953726947420768,-0.000204047325305364,1
6.158,-0.953824671774417,-1.1779011398757,-2.01872190918057,-3.08905671312493,-0.953824463897278,-0.000204345601953311,1
6.16,-0.953921653181493,-1.17753364595596,-2.01687851540693,-3.09126742921618,-0.95392144500263,-0.000204642200001796,1
6.162,-0.954018091570245,-1.17717235542604,-2.01503091140497,-3.09347615315356,-0.954017883091388,-0.000204937096763151,1
6.164,-0.954113979068974,-1.17681727847581,-2.0131790818773,-3.09568289005774,-0.954113770291879,-0.000205230268866572,1
6.166,-0.95420930757054,-1.17646842590383,-2.01132301104345,-3.09788764492412,-0.954209098496985,-0.000205521692230253,1
6.168,-0.954304068722646,-1.17612580914197,-2.00946268262588,-3.10009042261233,-0.954303859354436,-0.000205811342032,1
6.17,-0.954398253917626,-1.17578944028121,-2.00759807983527,-3.10229122783511,-0.954398044256591,-0.000206099192678316,1
6.172,-0.954491854281669,-1.17545933209881,-2.00572918535527,-3.10449006514639,-0.954491644329666,-0.000206385217771782,1
6.174,-0.954584860663452,-1.17513549808695,-2.00385598132656,-3.10668693892864,-0.954584650422366,-0.00020666939007664,1
6.176,-0.95467726362214,-1.17481795248281,-2.00197844933036,-3.1088818533793,-0.954677053093883,-0.000206951681482472,1
6.178,-0.954769053414721,-1.17450671030037,-2.00009657037109,-3.1110748124963,-0.954768842601238,-0.000207232062965845,1
6.18,-0.954860219982613,-1.17420178736392,-1.99821032485838,-3.11326582006263,-0.954860008885876,-0.000207510504549751,1
6.182,-0.954950752937502,-1.17390320034338,-1.99631969258832,-3.11545487962974,-0.954950541559516,-0.000207786975260717,1
6.184,-0.955040641546355,-1.17361096679174,-1.99442465272379,-3.1176419944998,-0.955040429889158,-0.000208061443083419,1
6.186,-0.955129874715551,-1.17332510518449,-1.99252518377414,-3.11982716770669,-0.955129662781214,-0.000208333874912604,1
6.188,-0.955218440974059,-1.17304563496147,-1.99062126357375,-3.12201040199549,-0.955218228764688,-0.000208604236502124,1
6.19,-0.9553063284556,-1.17277257657103,-1.98871286925987,-3.12419169980064,-0.955306115973338,-0.00020887249241091,1
6.192,-0.955393524879718,-1.17250595151699,-1.98679997724933,-3.12637106322222,-0.955393312126743,-0.000209138605945585,1
6.194,-0.955480017531665,-1.17224578240829,-1.98488256321431,-3.12854849400059,-0.955479804510196,-0.000209402539099544,1
6.196,-0.955565793241031,-1.17199209301176,-1.98296060205702,-3.13072399348898,-0.955565579953325,-0.000209664252488151,1
6.198,-0.955650838359,-1.17174490830816,-1.98103406788326,-3.13289756262395,-0.955650624807358,-0.000209923705279829,1
6.2,-0.955735138734136,-1.1715042545517,-1.97910293397482,-3.13506920189345,-0.9557349249209,-0.000210180855122651,1
6.202,-0.955818679686626,-1.17127015968277,-1.97716717170453,-3.13723891293792,-0.955818465614998,-0.000210434854202827,1
6.204,-0.955901445980728,-1.17104265200166,-1.97522675472869,-3.13940669196904,-0.955901231652328,-0.000210687264708987,1
6.206,-0.955983421795086,-1.17082176232375,-1.97328165262564,-3.14157253954877,-0.955983207212395,-0.000210937235278358,1
6.208,-0.956064590692007,-1.17060752267572,-1.97133183507872,-3.14373645399502,-0.956064375857558,-0.000211184716641462,1
6.21,-0.95614493558337,-1.17039996671708,-1.96937727079079,-3.14589843297447,-0.956144720499747,-0.00021142965756027,1
6.212,-0.956224438694821,-1.17019912982986,-1.9674179274474,-3.14805847344979,-0.956224223364663,-0.000211672004719609,1
6.214,-0.956303081527249,-1.17000504921228,-1.96545377167951,-3.15021657162331,-0.95630286595325,-0.000211911702610303,1
6.216,-0.956380844815464,-1.16981776397911,-1.9634847690245,-3.15237272287569,-0.956380629000379,-0.000212148693403814,1
6.218,-0.956457708483822,-1.16963731526934,-1.96151088388562,-3.15452692169896,-0.956457492430465,-0.000212382916817598,1
6.22,-0.956533651598508,-1.1694637463616,-1.95953207948964,-3.15667916162341,-0.956533435309759,-0.000212614309970333,1
6.222,-0.956608652316195,-1.16929710279833,-1.95754831784283,-3.15882943513765,-0.956608435795,-0.000212842807226092,1
6.224,-0.956682687828706,-1.16913743251928,-1.95555955968513,-3.16097773360098,-0.956682471078081,-0.000213068340026418,1
6.226,-0.956755734303326,-1.1689847860053,-1.95356576444247,-3.16312404714734,-0.956755517326358,-0.000213290836709137,1
6.228,-0.956827766818321,-1.16883921643343,-1.95156689017742,-3.1652683645798,-0.956827549618177,-0.000213510222312638,1
6.23,-0.956898759293205,-1.16870077984432,-1.94956289353791,-3.16741067325443,-0.956898541873129,-0.000213726418364151,1
6.232,-0.956968684413219,-1.16856953532319,-1.94755372970426,-3.16955095895249,-0.956968466776538,-0.000213939342650465,1
6.234,-0.957037513547432,-1.16844554519581,-1.94553935233452,-3.17168920573925,-0.957037295697563,-0.000214148908969242,1
6.236,-0.95710521665981,-1.16832887524082,-1.94351971350821,-3.17382539580809,-0.957104998600262,-0.000214355026858941,1
6.238,-0.957171762212496,-1.16821959492035,-1.94149476366859,-3.17595950930776,-0.957171543946872,-0.000214557601305063,1
6.24,-0.957237117060463,-1.16811777763055,-1.93946445156378,-3.17809152415093,-0.95723689859247,-0.000214756532420189,1
6.242,-0.957301246336608,-1.16802350097449,-1.93742872418684,-3.18022141580139,-0.957301027670059,-0.000214951715094891,1
6.244,-0.957364113326199,-1.16793684705968,-1.93538752671531,-3.18234915703726,-0.95736389446502,-0.000215143038616312,1
6.246,-0.957425679329473,-1.16785790282297,-1.93334080245069,-3.18447471768678,-0.957425460277709,-0.000215330386250672,1
6.248,-0.957485903510996,-1.16778676038604,-1.9312884927584,-3.18659806433316,-0.957485684272816,-0.00021551363478552,1
6.25,-0.957544742734234,-1.16772351744495,-1.92923053700914,-3.188719159984,-0.957544523313941,-0.000215692654026995,1
6.252,-0.957602151379527,-1.16766827769776,-1.92716687252253,-3.19083796370025,-0.957601931781564,-0.000215867306246566,1
6.254,-0.957658081143431,-1.16762115131481,-1.92509743451454,-3.19295443017893,-0.957657861372388,-0.000216037445571098,1
6.256,-0.957712480817081,-1.16758225560091,-1.92302215564924,-3.19506850988378,-0.957712260878009,-0.000216202619736793,1
6.258,-0.957765296040848,-1.1675517149932,-1.92094096760155,-3.19718014610817,-0.95776507593836,-0.000216363259654591,1
6.26,-0.957816469032077,-1.16752966255313,-1.9188537986247,-3.19928927798148,-0.957816248771266,-0.000216518893081269,1
6.262,-0.957865938282795,-1.16751624009861,-1.91676057513356,-3.20139583737731,-0.957865717868943,-0.000216669334057301,1
6.264,-0.957913638222365,-1.16751159912442,-1.91466122130627,-3.20349974873617,-0.957913417660956,-0.0002168143842857,1
6.266,-0.95795949884095,-1.16751590167155,-1.91255565910711,-3.20560092817398,-0.957959278137683,-0.000216953831986682,1
6.268,-0.958003445267774,-1.16752932129683,-1.91044380833879,-3.20769928246086,-0.958003224428579,-0.000217087450614719,1
6.27,-0.958045397297607,-1.16755204415819,-1.90832558673213,-3.20979470784702,-0.958045176328661,-0.000217214997417881,1
6.272,-0.958085268857636,-1.16758427023224,-1.90620091008363,-3.21188708870862,-0.958085047765381,-0.000217336211815659,1
6.274,-0.958122967405525,-1.16762621468412,-1.90406969245404,-3.21397629598028,-0.958122746196688,-0.00021745081356714,1
6.276,-0.958158393247731,-1.16767810941293,-1.901931846445,-3.21606218533429,-0.958158171929346,-0.000217558500696297,1
6.278,-0.958191438765123,-1.16774020480019,-1.89978728357508,-3.21814459505746,-0.958191217344555,-0.000217658947134846,1
6.28,-0.958221987530439,-1.16781277169406,-1.89763591478287,-3.2202233435653,-0.958221766015414,-0.000217751800035517,1
6.282,-0.958249913299059,-1.16789610366803,-1.89547765109256,-3.22229822647961,-0.95824969169769,-0.000217836676699276,1
6.284,-0.958275078850821,-1.16799051960049,-1.89331240448761,-3.22436901317721,-0.958274857171646,-0.000217913161048553,1
6.286,-0.958297334655991,-1.16809636663039,-1.89114008905192,-3.22643544269543,-0.958297112908008,-0.000217980799564448,1
6.288,-0.958316517332762,-1.16821402355595,-1.88896062245578,-3.22849721885022,-0.958316295525476,-0.000218039096588389,1
6.29,-0.958332447856552,-1.16834390475638,-1.88677392788792,-3.23055400438551,-0.958332226000016,-0.000218087508866987,1
6.292,-0.95834492947246,-1.16848646473402,-1.88457993656718,-3.23260541392301,-0.958344707577339,-0.00021812543919168,1
6.294,-0.958353745251141,-1.16864220339475,-1.88237859101131,-3.23465100541738,-0.958353523328766,-0.000218152228950758,1
6.296,-0.958358655214305,-1.16881167221009,-1.88016984929936,-3.23669026973673,-0.958358433276752,-0.000218167149368524,1
6.298,-0.95835939293841,-1.16899548143601,-1.87795369064657,-3.23872261787488,-0.958359170998576,-0.000218169391152329,1
6.3,-0.958355661522738,-1.16919430860201,-1.87573012272323,-3.24074736515057,-0.95835543959444,-0.000218158052199874,1
6.302,-0.958347128779765,-1.1694089085312,-1.87349919130784,-3.24276371154262,-0.958346906877844,-0.000218132122932628,1
6.304,-0.958333421469942,-1.16964012520911,-1.87126099308738,-3.24477071703109,-0.958333199610395,-0.000218090468711693,1
6.306,-0.958314118357886,-1.16988890588669,-1.8690156927347,-3.24676727042894,-0.958313896558013,-0.000218031808654282,1
6.308,-0.958288741810613,-1.17015631788034,-1.86676354584863,-3.24875204965692,-0.958288520089192,-0.000217954689996243,1
6.31,-0.958256747588996,-1.17044356861588,-1.86450493000083,-3.25072347067052,-0.958256525966488,-0.00021785745693306,1
6.312,-0.958217512400632,-1.17075202954309,-1.86224038709767,-3.25267962120568,-0.958217290899429,-0.000217738212616748,1
6.314,-0.958170318688246,-1.17108326459893,-1.85997068168404,-3.25461817403848,-0.958170097332962,-0.000217594772696406,1
6.316,-0.958114336032907,-1.17143906387052,-1.85769688192115,-3.25653627237727,-0.958114114850728,-0.000217424608496594,1
6.318,-0.958048598482629,-1.17182148289862,-1.85542047310476,-3.25843037708102,-0.958048377503734,-0.000217224777711542,1
6.32,-0.957971977137159,-1.17223288746435,-1.85314351825674,-3.26029606132958,-0.957971756395227,-0.00021699184054457,1
6.322,-0.957883147565561,-1.17267600231349,-1.8508688872158,-3.26212773286642,-0.957882927098377,-0.000216721759955901,1
6.324,-0.95778055239123,-1.17315395932613,-1.84860058561074,-3.26391825692224,-0.95778033224141,-0.000216409786969478,1
6.326,-0.957662361229547,-1.17367033469919,-1.8463442287799,-3.2656584451845,-0.957662141445389,-0.000216050337596854,1
6.328,-0.957526434233465,-1.17422915321988,-1.84410772241472,-3.2673363709462,-0.95752621486991,-0.000215636880297738,1
6.33,-0.957370303832405,-1.17483481652942,-1.8419022260662,-3.26893647737012,-0.95737008495206,-0.000215161878238163,1
6.332,-0.957191205035306,-1.17549187611038,-1.83974346913254,-3.27043848846402,-0.95719098670938,-0.000214616878698379,1
6.334,-0.956986211200397,-1.17620451869928,-1.83765341209988,-3.27181626219326,-0.95698599350921,-0.000213992922943561,1
6.336,-0.956752566723423,-1.17697558078166,-1.83566199298294,-3.27303702896574,-0.956752349755897,-0.000213281555595808,1
6.338,-0.956488323295684,-1.17780494182044,-1.83380811834699,-3.27406200626798,-0.956488107146862,-0.000212476759971096,1
6.34,-0.956193299857687,-1.17868745481549,-1.83213816049754,-3.27484996922849,-0.956193084623275,-0.000211577884049041,1
6.342,-0.955870083069043,-1.17961133345755,-1.83069980405529,-3.27536501512041,-0.955869868836842,-0.000210592698787825,1
6.344,-0.955524356935216,-1.18055868160806,-1.82953109334377,-3.27558698589168,-0.955524143775511,-0.000209538422660103,1
6.346,-0.95516390645354,-1.18150913082807,-1.82864949235718,-3.27551877239228,-0.955163694412554,-0.000208438708316893,1
6.348,-0.954796644601221,-1.1824448884936,-1.82804834894404,-3.27518480552796,-0.954796433700675,-0.000207317641719092,1
6.35,-0.954428927384906,-1.18335399403747,-1.82770274550423,-3.27462195228825,-0.954428717626807,-0.000206194601719311,1
6.352,-0.954064968034444,-1.18423052583586,-1.82757931639757,-3.27386949249804,-0.954064759407707,-0.000205082459655891,1
6.354,-0.953707123010408,-1.18507299573804,-1.82764411364191,-3.2729628581036,-0.953706915496599,-0.000203988436898694,1
6.356,-0.95335646658678,-1.18588251414686,-1.82786670334003,-3.27193137066546,-0.953356260164095,-0.00020291584733504,1
6.358,-0.953013299460281,-1.18666144275787,-1.82822145120157,-3.27079830220817,-0.953013094105948,-0.000201865643557037,1
6.36,-0.952677498032671,-1.18741258990546,-1.82868738152598,-3.26958182027875,-0.95267729372427,-0.000200837480235151,1
6.362,-0.952348726939949,-1.1881387887103,-1.82924751470608,-3.26829607192213,-0.952348523656069,-0.00019983036197204,1
6.364,-0.952026559943094,-1.18884270086172,-1.82988811840373,-3.26695212850991,-0.952026357663626,-0.000198843012320937,1
6.366,-0.951710545547429,-1.18952674111466,-1.83059803801117,-3.26555873066608,-0.951710344253642,-0.000197874074438683,1
6.368,-0.951400240964491,-1.19019306199355,-1.83136814881461,-3.26412285133911,-0.951400040639011,-0.000196922215201182,1
6.37,-0.95109522845906,-1.19084356626173,-1.83219092475017,-3.26265011454731,-0.951095029085795,-0.000195986175538726,1
6.372,-0.950795122104191,-1.19147993054173,-1.83306010438971,-3.2611451057603,-0.950794923668231,-0.000195064791441805,1
6.374,-0.950499569441131,-1.19210363192445,-1.83397043346466,-3.25961160276279,-0.950499371928649,-0.000194156999355338,1
6.376,-0.950208250538457,-1.19271597378269,-1.83491746611583,-3.2580527485925,-0.95020805393661,-0.000193261833578531,1
6.378,-0.949920875821664,-1.19331810921738,-1.83589741074561,-3.25647118224533,-0.949920680118496,-0.000192378419863461,1
6.38,-0.949637183417305,-1.19391106165237,-1.83690700967598,-3.25486913842704,-0.949636988601664,-0.000191505967491828,1
6.382,-0.949356936406259,-1.19449574260364,-1.83794344449296,-3.25324852444428,-0.949356742467724,-0.000190643761041574,1
6.384,-0.949079920186269,-1.19507296686609,-1.83900426100658,-3.2516109800622,-0.949079727115075,-0.000189791152460559,1
6.386,-0.948805940036488,-1.19564346543502,-1.84008730928734,-3.24995792455091,-0.948805747823469,-0.000188947553735477,1
6.388,-0.948534818918226,-1.19620789648356,-1.8411906953736,-3.24829059400423,-0.948534627554761,-0.000188112430264469,1
6.39,-0.948266395515025,-1.1967668546924,-1.84231274208242,-3.24661007120259,-0.948266204992988,-0.00018728529494629,1
6.392,-0.94800052249961,-1.19732087919187,-1.84345195697459,-3.2449173097089,-0.948000332811326,-0.000186465702950602,1
6.394,-0.947737065008174,-1.19787046033888,-1.84460700598477,-3.24321315346409,-0.947736876146384,-0.00018565324711187,1
6.396,-0.947475899300184,-1.19841604551632,-1.84577669157025,-3.24149835284126,-0.947475711258009,-0.000184847553881903,1
6.398,-0.947216911582019,-1.19895804411149,-1.84695993448958,-3.23977357789066,-0.947216724352928,-0.000184048279776186,1
6.4,-0.946959996974144,-1.19949683180418,-1.84815575851698,-3.23803942933895,-0.946959810551931,-0.000183255108253135,1
6.402,-0.946705058603467,-1.2000327542726,-1.84936327754674,-3.23629644778049,-0.946704872982219,-0.00018246774697109,1
6.404,-0.946452006804562,-1.20056613040708,-1.85058168465538,-3.23454512140283,-0.946451821978645,-0.000181685925374002,1
6.406,-0.946200758415508,-1.20109725510655,-1.85181024277701,-3.23278589251606,-0.946200574379541,-0.000180909392562807,1
6.408,-0.945951236155905,-1.2016264017199,-1.85304827671582,-3.23101916310012,-0.945951052904745,-0.000180137915415068,1
6.41,-0.945703368076337,-1.20215382418435,-1.85429516627238,-3.22924529954101,-0.945703185605062,-0.0001793712769205,1
6.412,-0.945457087070032,-1.20267975890435,-1.85555034030296,-3.2274646366934,-0.945456905373925,-0.000178609274704428,1
6.414,-0.945212330438703,-1.2032044264076,-1.85681327156403,-3.22567748138095,-0.945212149513241,-0.000177851719715039,1
6.416,-0.944969039505726,-1.20372803280892,-1.85808347222062,-3.22388411542462,-0.944968859346564,-0.000177098435053699,1
6.418,-0.944727159270708,-1.20425077110805,-1.85936048991857,-3.22208479827337,-0.944726979873671,-0.000176349254930449,1
6.42,-0.944486638100346,-1.20477282234339,-1.86064390433762,-3.22027976929774,-0.944486459461416,-0.000175604023729173,1
6.422,-0.944247427451156,-1.20529435662036,-1.86193332415644,-3.21846924979699,-0.944247249566465,-0.000174862595169185,1
6.424,-0.944009481620267,-1.20581553403052,-1.8632283843716,-3.21665344476145,-0.944009304486087,-0.00017412483155165,1
6.426,-0.943772757520957,-1.20633650547486,-1.86452874392212,-3.21483254442503,-0.943772581133692,-0.00017339060308085,1
6.428,-0.943537214480085,-1.20685741340333,-1.86583408357847,-3.21300672563708,-0.943537038836262,-0.000172659787251651,1
6.43,-0.943302814054893,-1.2073783924803,-1.86714410406147,-3.21117615307833,-0.943302639151159,-0.000171932268295574,1
6.432,-0.943069519867029,-1.20789957018506,-1.86845852436145,-3.20934098034154,-0.943069345700141,-0.000171207936678929,1
6.434,-0.942837297451886,-1.20842106735454,-1.8697770802326,-3.20750135089462,-0.942837124018708,-0.000170486688647292,1
6.436,-0.942606114121579,-1.20894299867509,-1.87109952284088,-3.20565739894128,-0.942605941419074,-0.000169768425811212,1
6.438,-0.942375938840127,-1.20946547312876,-1.87242561754704,-3.20380925019183,-0.942375766865353,-0.000169053054768851,1
6.44,-0.942146742109544,-1.20998859439924,-1.87375514280874,-3.20195702255541,-0.942146570859649,-0.000168340486761604,1
6.442,-0.94191849586571,-1.21051246124171,-1.87508788918799,-3.2001008267629,-0.941918325337929,-0.000167630637359316,1
6.444,-0.941691173383047,-1.21103716782036,-1.87642365845188,-3.19824076692871,-0.941691003574696,-0.000166923426172111,1
6.446,-0.941464749187096,-1.21156280401704,-1.87776226275634,-3.1963769410586,-0.94146458009557,-0.000166218776586139,1
6.448,-0.941239198974234,-1.21208945571395,-1.87910352390373,-3.19450944150958,-0.941239030597,-0.000165516615520893,1
6.45,-0.941014499537829,-1.21261720505287,-1.88044727266633,-3.19263835540722,-0.941014331872427,-0.000164816873206034,1
6.452,-0.940790628700233,-1.21314613067343,-1.88179334816885,-3.19076376502509,-0.940790461744271,-0.000164119482975821,1
6.454,-0.940567565250052,-1.2136763079322,-1.8831415973238,-3.1888857481303,-0.940567399001201,-0.000163424381079553,1
6.456,-0.940345288884207,-1.21420780910472,-1.88449187431436,-3.18700437829879,-0.940345123340201,-0.000162731506506465,1
6.458,-0.940123780154357,-1.21474070357178,-1.88584404011997,-3.18511972520354,-0.940123615312991,-0.000162040800823838,1
6.46,-0.939903020417295,-1.21527505799162,-1.88719796208043,-3.18323185487827,-0.939902856276418,-0.000161352208027096,1
6.462,-0.939682991788949,-1.21581093645923,-1.88855351349491,-3.18134082995935,-0.939682828346467,-0.000160665674400839,1
6.464,-0.939463677101695,-1.21634840065388,-1.88991057325231,-3.17944670990786,-0.939463514355565,-0.000159981148389864,1
6.466,-0.939245059864687,-1.216887509976,-1.89126902549029,-3.1775495512138,-0.939244897812918,-0.000159298580479315,1
6.468,-0.939027124226948,-1.21742832167423,-1.89262875928017,-3.17564940758422,-0.939026962867596,-0.0001586179230832,1
6.47,-0.938809854943002,-1.21797089096362,-1.89398966833537,-3.17374633011659,-0.93880969427417,-0.000157939130440559,1
6.472,-0.938593237340827,-1.21851527113555,-1.8953516507414,-3.17184036745902,-0.938593077360663,-0.000157262158518673,1
6.474,-0.938377257291944,-1.21906151366018,-1.89671460870534,-3.16993156595828,-0.938377097998639,-0.000156586964922732,1
6.476,-0.938161901183481,-1.21960966828204,-1.89807844832326,-3.16801996979695,-0.938161742575267,-0.00015591350881145,1
6.478,-0.937947155892037,-1.2201597831092,-1.89944307936396,-3.16610562112046,-0.937946997967187,-0.000155241750818157,1
6.48,-0.937733008759236,-1.2207119046967,-1.90080841506773,-3.16418856015502,-0.93773285151606,-0.000154571652976952,1
6.482,-0.9375194475688,-1.22126607812449,-1.90217437195883,-3.16226882531714,-0.937519291005647,-0.000153903178653511,1
6.484,-0.937306460525067,-1.22182234707055,-1.90354086967059,-3.16034645331557,-0.937306304640323,-0.000153236292480204,1
6.486,-0.937094036232826,-1.22238075387923,-1.90490783078213,-3.15842147924619,-0.937093881024908,-0.000152570960295218,1
6.488,-0.936882163678363,-1.22294133962557,-1.90627518066573,-3.15649393668037,-0.936882009145725,-0.000151907149085352,1
6.49,-0.936670832215706,-1.2235041496941,-1.90764283141822,-3.15456388252283,-0.93667067836985,-0.000151232226165001,1
6.492,-0.93646003153188,-1.22406921171595,-1.90901074545689,-3.15263129800886,-0.936459878358313,-0.000150571358429311,1
6.494,-0.936249751662552,-1.22463656889541,-1.91037883974954,-3.15069623734901,-0.936249599159821,-0.000149911919012554,1
6.496,-0.936039982950273,-1.22520625777167,-1.91174704951196,-3.14875872880471,-0.936039831116954,-0.000149253878983279,1
6.498,-0.935830716041618,-1.22577831390822,-1.91311531211254,-3.14681879945992,-0.935830564876316,-0.000148597210325027,1
6.5,-0.935621941872169,-1.22635277191128,-1.91448356697951,-3.14487647529554,-0.935621791373516,-0.000147941885890807,1
6.502,-0.935413651654009,-1.22692966547175,-1.91585175550352,-3.14293178124492,-0.935413501820666,-0.000147287879365363,1
6.504,-0.935205836863907,-1.22750902740481,-1.91721982094583,-3.14098474124604,-0.935205687694558,-0.000146635165229519,1
6.506,-0.934998489232134,-1.2280908896874,-1.91858770835187,-3.13903537829052,-0.93499834072549,-0.000145983718726457,1
6.508,-0.934791600731889,-1.22867528349359,-1.91995536446978,-3.13708371446975,-0.934791452886684,-0.000145333515829805,1
6.51,-0.934585163569275,-1.22926223922804,-1.9213227376735,-3.13512977101831,-0.934585016384268,-0.000144684533213407,1
6.512,-0.934379170173806,-1.22985178655764,-1.92268977789029,-3.13317356835485,-0.934379023647779,-0.000144036748222691,1
6.514,-0.9341736131894,-1.23044395444156,-1.92405643653209,-3.13121512612069,-0.934173467321157,-0.000143390138847505,1
6.516,-0.933968485465841,-1.23103877115964,-1.92542266643078,-3.12925446321618,-0.933968340254207,-0.000142744683696369,1
6.518,-0.933763780050661,-1.23163626433939,-1.92678842177688,-3.12729159783508,-0.933763635494484,-0.000142100361971999,1
6.52,-0.933559490181441,-1.23223646098146,-1.92815365806148,-3.12532654749704,-0.933559346279588,-0.000141457153448082,1
6.522,-0.933355609278481,-1.23283938748402,-1.92951833202134,-3.12335932907825,-0.93335546602984,-0.000140815038447195,1
6.524,-0.933152130937839,-1.23344506966576,-1.93088240158674,-3.12138995884055,-0.933151988341316,-0.000140173997819805,1
6.526,-0.932949048924699,-1.23405353278778,-1.93224582583211,-3.11941845245893,-0.932948906979221,-0.000139534012924283,1
6.528,-0.932746357167066,-1.23466480157447,-1.93360856492915,-3.11744482504755,-0.932746215871577,-0.000138895065607895,1
6.53,-0.932544049749746,-1.23527890023327,-1.93497058010229,-3.11546909118452,-0.932543909103209,-0.000138257138188668,1
6.532,-0.932342120908627,-1.23589585247356,-1.93633183358643,-3.11349126493527,-0.932341980910021,-0.000137620213438139,1
6.534,-0.932140565025206,-1.23651568152459,-1.93769228858673,-3.11151135987487,-0.932140425673529,-0.000136984274564878,1
6.536,-0.931939376621385,-1.23713841015261,-1.93905190924035,-3.10952938910914,-0.93193923791565,-0.000136349305198795,1
6.538,-0.93173855035449,-1.23776406067714,-1.94041066058011,-3.10754536529474,-0.931738412293727,-0.000135715289376139,1
6.54,-0.931538081012526,-1.23839265498654,-1.9417685084998,-3.10555930065831,-0.931537943595782,-0.000135082211525197,1
6.542,-0.931337963509636,-1.23902421455281,-1.94312541972123,-3.10357120701461,-0.931337826735971,-0.000134450056452615,1
6.544,-0.93113819288176,-1.23965876044576,-1.94448136176271,-3.10158109578385,-0.93113805675025,-0.00013381880933033,1
6.546,-0.930938764282492,-1.2402963133465,-1.94583630290912,-3.09958897800822,-0.930938628792229,-0.000133188455683082,1
6.548,-0.930739672979107,-1.24093689356035,-1.94719021218328,-3.09759486436754,-0.930739538129197,-0.000132558981376444,1
6.55,-0.930540914348765,-1.24158052102916,-1.94854305931861,-3.09559876519432,-0.930540780138327,-0.000131930372605403,1
6.552,-0.930342483874875,-1.24222721534309,-1.94989481473309,-3.09360069048803,-0.930342350303041,-0.000131302615883395,1
6.554,-0.930144377143608,-1.24287699575187,-1.95124544950431,-3.09160064992876,-0.930144244209525,-0.000130675698031826,1
6.556,-0.929946589840561,-1.24352988117559,-1.95259493534569,-3.08959865289026,-0.92994645754339,-0.000130049606170005,1
6.558,-0.92974911774756,-1.24418589021497,-1.95394324458368,-3.08759470845243,-0.929748986086473,-0.000129424327705532,1
6.56,-0.929551956739583,-1.24484504116127,-1.955290350136,-3.08558882541326,-0.929551825713764,-0.000128799850325033,1
6.562,-0.929355102781822,-1.24550735200573,-1.95663622549077,-3.08358101230015,-0.929354972390469,-0.000128176161985312,1
6.564,-0.929158551926853,-1.24617284044856,-1.95798084468658,-3.08157127738092,-0.929158422169176,-0.000127553250904843,1
6.566,-0.928962300311927,-1.2468415239077,-1.95932418229336,-3.07955962867422,-0.928962171187145,-0.000126931105555595,1
6.568,-0.928766344156359,-1.24751341952705,-1.96066621339405,-3.07754607395953,-0.928766215663706,-0.000126309714655206,1
6.57,-0.928570679759024,-1.24818854418448,-1.96200691356708,-3.0755306207868,-0.928570551897744,-0.00012568906715942,1
6.572,-0.928375303495956,-1.24886691449943,-1.96334625886948,-3.07351327648561,-0.928375176265303,-0.000125069152254872,1
6.574,-0.928180211818027,-1.24954854684026,-1.96468422582079,-3.07149404817403,-0.928180085217268,-0.000124449959352109,1
6.576,-0.927985401248726,-1.25023345733127,-1.96602079138752,-3.06947294276709,-0.927985275277134,-0.000123831478078898,1
6.578,-0.927790868382012,-1.25092166185944,-1.96735593296827,-3.06744996698492,-0.927790743038876,-0.000123213698273784,1
6.58,-0.927596609881564,-1.25161317765244,-1.96868962319835,-3.06542513588041,-0.92759648517062,-0.00012259227663912,1
6.582,-0.927402622472943,-1.25230801698191,-1.97002185066921,-3.06339843877613,-0.92740249838906,-0.00012197586890578,1
6.584,-0.927208902952022,-1.25300619665871,-1.97135258879858,-3.06136989035844,-0.927208779494515,-0.000121360133363244,1
6.586,-0.927015448174168,-1.253707731673,-1.97268181657997,-3.05933949664893,-0.927015325342363,-0.000120745060631415,1
6.588,-0.92682225505627,-1.25441263681723,-1.97400951336907,-3.05730726350464,-0.926822132849503,-0.000120130641514161,1
6.59,-0.92662932057441,-1.25512092668172,-1.97533565887583,-3.05527319663036,-0.926629198992025,-0.000119516866992192,1
6.592,-0.926436641762207,-1.25583261565973,-1.97666023315325,-3.0532373015848,-0.926436520803557,-0.000118903728218095,1
6.594,-0.926244215709231,-1.25654771795238,-1.97798321658645,-3.05119958378661,-0.926244095373678,-0.000118291216511561,1
6.596,-0.926052039559466,-1.25726624757329,-1.97930458988225,-3.04916004852013,-0.926051919846381,-0.000117679323354759,1
6.598,-0.925860110509826,-1.25798821835316,-1.98062433405907,-3.04711870094094,-0.925859991418589,-0.000117068040387885,1
6.6,-0.925668425808731,-1.25871364394407,-1.98194243043727,-3.04507554608122,-0.925668307338728,-0.000116457359404863,1
6.602,-0.925476982754717,-1.25944253782369,-1.98325886062973,-3.04303058885493,-0.925476864905345,-0.000115847272349198,1
6.604,-0.925285778695112,-1.26017491329929,-1.98457360653289,-3.04098383406281,-0.925285661465774,-0.000115237771309961,1
6.606,-0.925094811024738,-1.26091078351161,-1.98588665031803,-3.03893528639722,-0.925094694414846,-0.000114628848517915,1
6.608,-0.924904077184672,-1.26165016143859,-1.98719797442288,-3.03688495044677,-0.924903961193645,-0.000114020496341778,1
6.61,-0.924713574661036,-1.26239305989892,-1.98850756154355,-3.03483283070087,-0.924713459288302,-0.000113412707284594,1
6.612,-0.924523300983838,-1.26313949155554,-1.9898153946267,-3.03277893155405,-0.924523186228831,-0.000112805473980245,1
6.614,-0.924333253725843,-1.26388946891893,-1.99112145686201,-3.03072325731022,-0.924333139588004,-0.000112198789190061,1
6.616,-0.924143430501481,-1.2646430043503,-1.99242573167491,-3.02866581218674,-0.924143316980261,-0.000111592645799547,1
6.618,-0.923953828965797,-1.26540011006466,-1.99372820271958,-3.02660660031835,-0.923953716060652,-0.000110987036815212,1
6.62,-0.923764446813432,-1.26616079813383,-1.99502885387206,-3.02454562576105,-0.923764334523825,-0.000110381955361519,1
6.622,-0.923575281777626,-1.2669250804892,-1.99632766922382,-3.02248289249576,-0.923575170103027,-0.000109777394677894,1
6.624,-0.923386331629271,-1.26769296892459,-1.99762463307534,-3.02041840443195,-0.923386220569158,-0.000109173348115876,1
6.626,-0.923197594175981,-1.26846447509876,-1.99891972992998,-3.01835216541113,-0.923197483729836,-0.000108569809136317,1
6.628,-0.923009067261191,-1.26923961053809,-2.0002129444881,-3.01628417921022,-0.923008957428506,-0.000107966771306694,1
6.63,-0.922820748763291,-1.27001838663891,-2.00150426164127,-3.01421444954483,-0.922820639543562,-0.000107364228298487,1
6.632,-0.922632636594783,-1.27080081466994,-2.00279366646678,-3.01214298007247,-0.922632527987512,-0.000106762173884665,1
6.634,-0.922444728701458,-1.2715869057745,-2.00408114422222,-3.01006977439566,-0.922444620706155,-0.000106160601937213,1
6.636,-0.922257023061612,-1.27237667097277,-2.00536668034034,-3.00799483606487,-0.922256915677792,-0.000105559506424761,1
6.638,-0.922069517685268,-1.2731701211638,-2.00665026042398,-3.00591816858152,-0.922069410912452,-0.000104958881410269,1
6.64,-0.921882210613436,-1.27396726712762,-2.00793187024123,-3.0038397754008,-0.921882104451152,-0.000104358721048802,1
6.642,-0.921695099917389,-1.27476811952713,-2.00921149572069,-3.00175965993442,-0.92169499436517,-0.000103759019585336,1
6.644,-0.921508183697959,-1.27557268891003,-2.01048912294694,-2.9996778255533,-0.921508078755344,-0.000103159771352676,1
6.646,-0.921321460084853,-1.27638098571056,-2.01176473815608,-2.99759427559023,-0.921321355751386,-0.000102560970769379,1
6.648,-0.921134927235995,-1.27719302025129,-2.01303832773145,-2.99550901334236,-0.921134823511227,-0.000101962612337793,1
6.65,-0.920948583336884,-1.27800880274479,-2.01430987819952,-2.99342204207374,-0.92094848022037,-0.000101364690642116,1
6.652,-0.920762426599963,-1.27882834329519,-2.0155793762258,-2.99133336501769,-0.920762324091264,-0.00010076720034652,1
6.654,-0.920576455264019,-1.27965165189979,-2.01684680861096,-2.9892429853792,-0.920576353362703,-0.000100170136193336,1
6.656,-0.920390667593592,-1.28047873845049,-2.01811216228707,-2.9871509063372,-0.920390566299229,-9.95734930012822e-05,1
6.658,-0.9202050618784,-1.28130961273527,-2.01937542431389,-2.98505713104684,-0.920204961190567,-9.89772656637506e-05,1
6.66,-0.920019636432782,-1.28214428443954,-2.02063658187532,-2.98296166264164,-0.920019536351062,-9.83814491471212e-05,1
6.662,-0.919834389595162,-1.28298276314743,-2.02189562227596,-2.98086450423564,-0.919834290119142,-9.77860384891585e-05,1
6.664,-0.919649319727518,-1.28382505834312,-2.02315253293773,-2.97876565892548,-0.919649220856789,-9.71910287974204e-05,1
6.666,-0.919464425214867,-1.28467117941203,-2.02440730139662,-2.97666512979248,-0.919464326949027,-9.65964152477172e-05,1
6.668,-0.919279704464775,-1.28552113564196,-2.02565991529956,-2.97456291990456,-0.919279606803426,-9.60021930826318e-05,1
6.67,-0.919095155906869,-1.28637493622427,-2.02691036240132,-2.97245903231825,-0.919095058849617,-9.54083576100517e-05,1
6.672,-0.918910777993484,-1.28723259138107,-2.02815862602146,-2.9703534780029,-0.918910681544034,-9.48109049773033e-05,1
6.674,-0.918726569194136,-1.28809410784496,-2.02940470320962,-2.96824624416261,-0.918726473348013,-9.42178280210214e-05,1
6.676,-0.918542528004136,-1.28895949567671,-2.03064857747492,-2.96613734173781,-0.91854243276096,-9.36251240613421e-05,1
6.678,-0.91835865293618,-1.28982876368241,-2.03189023697829,-2.96402677376399,-0.918358558295576,-9.30327886517489e-05,1
6.68,-0.918174942523368,-1.29070192058636,-2.03312966997074,-2.9619145432683,-0.918174848484966,-9.24408174062031e-05,1
6.682,-0.917991395318213,-1.29157897502221,-2.03436686479448,-2.95980065327731,-0.917991301881647,-9.18492059960242e-05,1
6.684,-0.917808009892237,-1.29245993553378,-2.03560180988045,-2.95768510681865,-0.917807917057144,-9.12579501486991e-05,1
6.686,-0.917624784835581,-1.29334481057592,-2.03683449374584,-2.95556790692267,-0.917624692601605,-9.06670456467011e-05,1
6.688,-0.917441718756625,-1.29423360851518,-2.03806490499175,-2.95344905662406,-0.917441627123412,-9.00764883263439e-05,1
6.69,-0.917258810281615,-1.29512633763058,-2.03929303230087,-2.9513285589634,-0.917258719248816,-8.94862740766784e-05,1
6.692,-0.917076058054298,-1.29602300611433,-2.04051886443528,-2.9492064169887,-0.917075967621569,-8.88963988383864e-05,1
6.694,-0.916893460735575,-1.29692362207241,-2.04174239023425,-2.94708263375696,-0.916893370902574,-8.8306858602743e-05,1
6.696,-0.916711017003149,-1.29782819352529,-2.04296359861212,-2.94495721233561,-0.91671092776954,-8.77176494105641e-05,1
6.698,-0.916528725551196,-1.29873672840845,-2.04418247855624,-2.942830155804,-0.916528636916647,-8.71287673512135e-05,1
6.7,-0.916346585090034,-1.29964923457298,-2.04539901912499,-2.94070146725484,-0.916346497054214,-8.65402085616104e-05,1
6.702,-0.916164594345801,-1.30056571978612,-2.04661320944583,-2.93857114979558,-0.916164506908386,-8.59519692252773e-05,1
6.704,-0.915982752060149,-1.30148619173177,-2.04782503871337,-2.93643920654983,-0.915982665220818,-8.53640455713995e-05,1
6.706,-0.915801056989936,-1.30241065801094,-2.04903449618758,-2.93430564065871,-0.915800970748372,-8.4776433873922e-05,1
6.708,-0.915619507906931,-1.30333912614225,-2.05024157119194,-2.93217045528218,-0.915619422262819,-8.4189130450645e-05,1
6.71,-0.91543810359752,-1.30427160356235,-2.05144625311176,-2.93003365360035,-0.915438018550552,-8.36021316623688e-05,1
6.712,-0.91525684286243,-1.30520809762629,-2.05264853139241,-2.92789523881481,-0.915256758412299,-8.30154339120362e-05,1
6.714,-0.915075724516448,-1.30614861560792,-2.05384839553771,-2.92575521414988,-0.91507564066285,-8.2429033643905e-05,1
6.716,-0.914894747388644,-1.30709316513953,-2.05504583309117,-2.9236135864809,-0.914894664133141,-8.18411051977659e-05,1
6.718,-0.914713910319872,-1.30804175244725,-2.05624083770659,-2.92147035183192,-0.91471382766031,-8.12552889196212e-05,1
6.72,-0.914533212166531,-1.30899438501509,-2.05743339703115,-2.9193255171225,-0.914533130102617,-8.0669759697446e-05,1
6.722,-0.914352651796753,-1.3099510697909,-2.05862350078846,-2.91717908568313,-0.914352570328199,-8.00845141320013e-05,1
6.724,-0.914172228091707,-1.31091181364742,-2.05981113875123,-2.91503106087024,-0.914172147218228,-7.94995488623654e-05,1
6.726,-0.913991939945098,-1.31187662337803,-2.06099630074155,-2.91288144607023,-0.913991859666411,-7.89148605643475e-05,1
6.728,-0.913811786262927,-1.31284550569693,-2.06217897662951,-2.91073024470067,-0.913811706578755,-7.83304459497895e-05,1
6.73,-0.913631765963268,-1.31381846723933,-2.06335915633193,-2.90857746021136,-0.913631686873335,-7.77463017658744e-05,1
6.732,-0.913451877976039,-1.31479551456171,-2.06453682981096,-2.9064230960855,-0.913451799480074,-7.71624247944618e-05,1
6.734,-0.913272121242786,-1.31577665414189,-2.0657119870729,-2.90426715584074,-0.91327204334052,-7.65788118514196e-05,1
6.736,-0.913092494716468,-1.31676189237926,-2.0668846181669,-2.90210964303033,-0.913092417407635,-7.59954597859909e-05,1
6.738,-0.912912997361244,-1.31775123559487,-2.06805471318382,-2.89995056124414,-0.912912920645583,-7.54123654801556e-05,1
6.74,-0.912733628152276,-1.31874469003156,-2.06922226225499,-2.89778991410971,-0.912733552029527,-7.48295258480276e-05,1
6.742,-0.912554386075522,-1.31974226185405,-2.07038725555112,-2.89562770529337,-0.912554310545428,-7.42469378352452e-05,1
6.744,-0.912375270127539,-1.32074395714903,-2.07154968328115,-2.89346393850118,-0.912375195189849,-7.36645984183795e-05,1
6.746,-0.912196279315296,-1.3217497819252,-2.0727095356912,-2.89129861747999,-0.91219620496976,-7.3082504604366e-05,1
6.748,-0.912017412655985,-1.32275974211335,-2.07386680306351,-2.88913174601847,-0.912017338902355,-7.25006534299327e-05,1
6.75,-0.911838669176835,-1.32377384356641,-2.07502147571536,-2.88696332794807,-0.911838596014867,-7.19190419610616e-05,1
6.752,-0.911660047914931,-1.3247920920594,-2.07617354399817,-2.88479336714399,-0.911659975344386,-7.13376672924282e-05,1
6.754,-0.911481547917044,-1.32581449328949,-2.07732299829641,-2.88262186752621,-0.911481475937683,-7.07565265468918e-05,1
6.756,-0.911303168239452,-1.32684105287598,-2.07846982902674,-2.8804488330604,-0.911303096851039,-7.0175616874963e-05,1
6.758,-0.911124907948223,-1.32787177670307,-2.07961402479354,-2.87827427117249,-0.911124837152265,-6.95932308428139e-05,1
6.76,-0.910946766117011,-1.32890666954103,-2.08075557976534,-2.87609817909968,-0.910946695911541,-6.90127744457051e-05,1
6.762,-0.910768741830564,-1.32994573713018,-2.08189448260125,-2.87392056435675,-0.910768672215355,-6.84325407356459e-05,1
6.764,-0.910590834181298,-1.33098898477353,-2.08303072383916,-2.87174143110438,-0.910590765156128,-6.78525269680099e-05,1
6.766,-0.910413042270578,-1.33203641770039,-2.08416429404304,-2.86956078355082,-0.910412973835224,-6.72727304241943e-05,1
6.768,-0.910235365208312,-1.33308804106188,-2.0852951838038,-2.86737862595556,-0.910235297362557,-6.66931484103646e-05,1
6.77,-0.910057802112808,-1.3341438599308,-2.08642338373852,-2.86519496263026,-0.910057734856435,-6.61137782569991e-05,1
6.772,-0.909880352110625,-1.33520387930153,-2.08754888448962,-2.86300979793959,-0.909880285443422,-6.55346173184573e-05,1
6.774,-0.909703014336429,-1.33626810408989,-2.08867167672419,-2.86082313630214,-0.909702948258186,-6.49556629725389e-05,1
6.776,-0.909525787932854,-1.33733653913307,-2.08979175113318,-2.85863498219127,-0.909525722443363,-6.43769126200679e-05,1
6.778,-0.909348672050365,-1.33840918918939,-2.09090909843072,-2.85644534013594,-0.909348607149421,-6.37983636844804e-05,1
6.78,-0.90917166584712,-1.33948605893822,-2.09202370935346,-2.85425421472163,-0.909171601534522,-6.32200136114112e-05,1
6.782,-0.90899476848884,-1.34056715297978,-2.09313557465984,-2.85206161059109,-0.908994704764386,-6.26418598682957e-05,1
6.784,-0.908817979148675,-1.34165247583499,-2.09424468512945,-2.84986753244526,-0.90881791601217,-6.20638999439824e-05,1
6.786,-0.908641297007085,-1.34274203194526,-2.09535103156241,-2.84767198504402,-0.908641234458333,-6.1486131348352e-05,1
6.788,-0.908464721251705,-1.34383582567228,-2.09645460477872,-2.84547497320707,-0.908464659290515,-6.0908551611929e-05,1
6.79,-0.908288251077228,-1.34493386129787,-2.09755539561767,-2.8432765018147,-0.908288189703409,-6.03311582855204e-05,1
6.792,-0.908111885685283,-1.34603614302374,-2.09865339493724,-2.84107657580861,-0.908111824898649,-5.97539489398572e-05,1
6.794,-0.907935624284319,-1.34714267497124,-2.09974859361353,-2.83887520019271,-0.907935564084684,-5.91769211652284e-05,1
6.796,-0.907759466089483,-1.34825346118118,-2.10084098254021,-2.83667238003391,-0.907759406476665,-5.86000725711327e-05,1
6.798,-0.907583410322515,-1.34936850561356,-2.10193055262795,-2.83446812046286,-0.907583351296335,-5.80234007859476e-05,1
6.8,-0.907407456211629,-1.3504878121473,-2.10301729480393,-2.83226242667482,-0.907407397771908,-5.74469034565753e-05,1
6.802,-0.907231602991405,-1.35161138458007,-2.10410120001127,-2.83005530393033,-0.90723154513797,-5.68705782481219e-05,1
6.804,-0.907055849902684,-1.35273922662793,-2.10518225920859,-2.82784675755604,-0.907055792635361,-5.62944228435721e-05,1
6.806,-0.90688019619246,-1.3538713419251,-2.1062604633695,-2.82563679294541,-0.906880139511079,-5.57184349434637e-05,1
6.808,-0.906704641113774,-1.35500773402371,-2.10733580348209,-2.82342541555954,-0.906704585018167,-5.51426122655822e-05,1
6.81,-0.906529183925617,-1.35614840639346,-2.10840827054855,-2.82121263092784,-0.906529128415617,-5.45669525446388e-05,1
6.812,-0.906353823892825,-1.35729336242137,-2.10947785558464,-2.81899844464879,-0.906353768968269,-5.39914535319909e-05,1
6.814,-0.906178560285981,-1.35844260541148,-2.11054454961931,-2.81678286239071,-0.906178505946709,-5.34161129953148e-05,1
6.816,-0.906003392381324,-1.3595961385845,-2.11160834369428,-2.81456588989243,-0.906003338627176,-5.28409287183377e-05,1
6.818,-0.905828319460644,-1.36075396507756,-2.11266922886357,-2.81234753296405,-0.905828266291463,-5.22658985005332e-05,1
6.82,-0.905653340811196,-1.36191608794383,-2.1137271961932,-2.81012779748762,-0.905653288226828,-5.16910201568513e-05,1
6.822,-0.905478455725607,-1.36308251015227,-2.11478223676073,-2.8079066894179,-0.9054784037259,-5.11162915174302e-05,1
6.824,-0.905303663501781,-1.36425323458721,-2.11583434165489,-2.80568421478303,-0.905303612086584,-5.05417104273266e-05,1
6.826,-0.905128963442816,-1.3654282640481,-2.11688350197528,-2.80346037968522,-0.905128912611982,-4.99672747462444e-05,1
6.828,-0.904954354856911,-1.3666076012491,-2.11792970883195,-2.80123519030146,-0.904954304610294,-4.93929823482721e-05,1
6.83,-0.904779837057288,-1.36779124881879,-2.11897295334508,-2.79900865288421,-0.904779787394744,-4.88188311216279e-05,1
6.832,-0.904605409362098,-1.36897920929976,-2.12001322664469,-2.79678077376205,-0.904605360283485,-4.82448189683841e-05,1
6.834,-0.904431071094341,-1.3701714851483,-2.12105051987027,-2.79455155934042,-0.904431022599521,-4.76709438042363e-05,1
6.836,-0.90425682158179,-1.37136807873403,-2.12208482417048,-2.79232101610223,-0.904256773670625,-4.70972035582437e-05,1
6.838,-0.904082660156902,-1.37256899233951,-2.12311613070288,-2.79008915060854,-0.904082612829257,-4.65235961725869e-05,1
6.84,-0.903908586156745,-1.37377422815988,-2.12414443063361,-2.78785596949923,-0.903908539412486,-4.5950119602324e-05,1
6.842,-0.903734598922914,-1.37498378830248,-2.12516971513714,-2.78562147949368,-0.903734552761911,-4.53767718151618e-05,1
6.844,-0.903560697801462,-1.37619767478651,-2.12619197539598,-2.78338568739134,-0.903560652223586,-4.48035507912121e-05,1
6.846,-0.903386882142816,-1.37741588954257,-2.12721120260042,-2.7811486000725,-0.90338683714794,-4.42304545227675e-05,1
6.848,-0.903213151301709,-1.37863843441233,-2.12822738794828,-2.77891022449878,-0.903213106889707,-4.36574810140731e-05,1
6.85,-0.903039504637104,-1.37986531114812,-2.12924052264469,-2.77667056771389,-0.903039460807854,-4.30846282811045e-05,1
6.852,-0.90286594151212,-1.38109652141252,-2.13025059790183,-2.77442963684421,-0.902865898265501,-4.25118943513461e-05,1
6.854,-0.902692461294889,-1.38233206718329,-2.13125760102761,-2.77218744687727,-0.902692418634698,-4.19354515744981e-05,1
6.856,-0.902519063354239,-1.3835719491135,-2.13226153107778,-2.76994398956182,-0.902519021276445,-4.13629484331087e-05,1
6.858,-0.902345747067366,-1.38481616902825,-2.1332623753614,-2.76769928003632,-0.902345705571854,-4.07905582462891e-05,1
6.86,-0.90217251181277,-1.38606472821656,-2.13426012512071,-2.76545332577062,-0.902172470899428,-4.02182790836064e-05,1
6.862,-0.90199935697332,-1.38731762788627,-2.13525477160001,-2.76320613431369,-0.901999316642036,-3.96461090269056e-05,1
6.864,-0.901826281935626,-1.38857486915305,-2.13624630604943,-2.76095771330083,-0.901826242186291,-3.90740461682718e-05,1
6.866,-0.901653286089983,-1.38983645303995,-2.13723471972478,-2.7587080704543,-0.90165324692249,-3.85020886098551e-05,1
6.868,-0.9014803688303,-1.39110238047699,-2.13822000388734,-2.75645721358387,-0.901480330244544,-3.79302344636566e-05,1
6.87,-0.901307529554046,-1.39237265230077,-2.13920214980377,-2.75420515058741,-0.901307491549923,-3.73584818513477e-05,1
6.872,-0.901134767662175,-1.393647269254,-2.14018114874587,-2.75195188945147,-0.901134730239585,-3.67868289040651e-05,1
6.874,-0.900962082559077,-1.39492623198509,-2.14115699199051,-2.74969743825184,-0.900962045717919,-3.62152737622325e-05,1
6.876,-0.900789473652507,-1.39620954104773,-2.14212967081946,-2.74744180515417,-0.900789437392685,-3.56438145753702e-05,1
6.878,-0.900616940353756,-1.39749719697724,-2.14309917557147,-2.74518500033511,-0.900616904676133,-3.50715082227092e-05,1
6.88,-0.900444482076561,-1.39878919997838,-2.14406549943531,-2.74292702830302,-0.900444446980084,-3.45002351983845e-05,1
6.882,-0.900272098238924,-1.40008555040203,-2.14502863275592,-2.74066789941265,-0.9002720637235,-3.39290526308197e-05,1
6.884,-0.900099788261353,-1.40138624841598,-2.14598856683446,-2.7384076221961,-0.900099754326893,-3.33579587036591e-05,1
6.886,-0.899927551567571,-1.40269129409375,-2.14694529297542,-2.73614620527646,-0.899927518213987,-3.27869516091884e-05,1
6.888,-0.899755387584321,-1.40400068741149,-2.14789880248751,-2.73388365736989,-0.899755354811525,-3.22160295477147e-05,1
6.89,-0.899583295741313,-1.40531442824761,-2.14884908668354,-2.73161998728622,-0.899583263549221,-3.16451907274066e-05,1
6.892,-0.899411275471168,-1.40663251638224,-2.14979613688041,-2.72935520392947,-0.899411243859697,-3.10744333641092e-05,1
6.894,-0.899239326209365,-1.40795495149687,-2.15073994439899,-2.72708931629832,-0.899239295178434,-3.05037556811943e-05,1
6.896,-0.899067447394186,-1.40928173317387,-2.15168050056403,-2.7248223334867,-0.899067416943717,-2.99331559093763e-05,1
6.898,-0.898895638466667,-1.41061286089604,-2.15261779670415,-2.72255426468421,-0.898895608596581,-2.93626322865669e-05,1
6.9,-0.898723898870541,-1.41194833404617,-2.15355182415171,-2.72028511917672,-0.898723869580763,-2.87921830576976e-05,1
6.902,-0.898552228052189,-1.41328815190663,-2.15448257424283,-2.71801490634679,-0.898552199342645,-2.82218064745745e-05,1
6.904,-0.89838062546059,-1.41463231365887,-2.15541003831728,-2.71574363567421,-0.898380597331207,-2.76515007957041e-05,1
6.906,-0.898209090547268,-1.415980818383,-2.15633420771848,-2.71347131673647,-0.898209062997977,-2.70812642861515e-05,1
6.908,-0.898037622766247,-1.41733366505736,-2.15725507379345,-2.71119795920923,-0.898037595796977,-2.6511095217378e-05,1
6.91,-0.897866221573994,-1.41869085255805,-2.15817262789277,-2.70892357286683,-0.89786619518468,-2.59409918670858e-05,1
6.912,-0.897694886429378,-1.42005237965848,-2.15908686137057,-2.70664816758273,-0.897694860619955,-2.53709525190705e-05,1
6.914,-0.897523616793619,-1.42141824502896,-2.15999776558449,-2.70437175333,-0.897523591564023,-2.48009754630674e-05,1
6.916,-0.897352412130239,-1.42278844723623,-2.16090533189571,-2.70209434018173,-0.897352387480408,-2.42310589946048e-05,1
6.918,-0.897181271905016,-1.424162984743,-2.16180955166888,-2.69981593831156,-0.897181247834891,-2.36612014148566e-05,1
6.92,-0.897010195585938,-1.42554185590755,-2.16271041627214,-2.69753655799405,-0.897010172095461,-2.3091401030494e-05,1
6.922,-0.896839182643157,-1.42692505898326,-2.16360791707716,-2.69525620960518,-0.896839159732271,-2.25216561535417e-05,1
6.924,-0.896668232548941,-1.42831259211816,-2.16450204545909,-2.69297490362275,-0.896668210217591,-2.19519651012313e-05,1
6.926,-0.896497344777632,-1.42970445335452,-2.16539279279659,-2.69069265062684,-0.896497323025764,-2.13823261958656e-05,1
6.928,-0.896326518805598,-1.43110064062838,-2.16628015047185,-2.68840946130019,-0.896326497633162,-2.08127377646733e-05,1
6.93,-0.89615575411119,-1.43250115176913,-2.16716410987063,-2.68612534642866,-0.896155733518137,-2.02431981396634e-05,1
6.932,-0.895985050174701,-1.43390598449907,-2.16804466238223,-2.68384031690164,-0.895985030160982,-1.96737056574984e-05,1
6.934,-0.895814406478316,-1.43531513643296,-2.16892179939957,-2.68155438371239,-0.895814387043884,-1.9104258659345e-05,1
6.936,-0.895643822506073,-1.43672860507764,-2.16979551231922,-2.67926755795856,-0.895643803650885,-1.8534855490745e-05,1
6.938,-0.895473297743823,-1.43814638783151,-2.17066579254141,-2.67697985084244,-0.895473279467835,-1.79654945014772e-05,1
6.94,-0.895302831679179,-1.43956848198418,-2.1715326314701,-2.67469127367148,-0.89530281398235,-1.73961740454188e-05,1
6.942,-0.895132423801484,-1.440994884716,-2.172396020513,-2.67240183785857,-0.895132406683774,-1.68268924804185e-05,1
6.944,-0.894962073601759,-1.44242559309765,-2.17325595108167,-2.67011155492247,-0.894962057063131,-1.62576481681555e-05,1
6.946,-0.894791780572672,-1.44386060408971,-2.17411241459152,-2.66782043648817,-0.89479176461309,-1.56884394740181e-05,1
6.948,-0.89462154420849,-1.44529991454225,-2.1749654024619,-2.6655284942872,-0.894621528827918,-1.51192647669625e-05,1
6.95,-0.894451364005039,-1.44674352119438,-2.17581490611617,-2.66323574015808,-0.894451349203444,-1.45501224193856e-05,1
6.952,-0.894281239459666,-1.4481914206739,-2.17666091698175,-2.66094218604656,-0.894281225237018,-1.39810108070033e-05,1
6.954,-0.894111170071196,-1.44964360949679,-2.17750342649022,-2.65864784400606,-0.894111156427464,-1.34119283087043e-05,1
6.956,-0.893941155339896,-1.4511000840669,-2.17834242607734,-2.65635272619793,-0.893941142275054,-1.2842873306445e-05,1
6.958,-0.893771194767432,-1.45256084067547,-2.1791779071832,-2.65405684489181,-0.893771182281452,-1.22738441850979e-05,1
6.96,-0.89360128785683,-1.45402587550076,-2.18000986125226,-2.65176021246597,-0.893601275949688,-1.17048393323473e-05,1
6.962,-0.893431434112439,-1.45549518460763,-2.18083827973344,-2.64946284140756,-0.893431422784112,-1.11358571385464e-05,1
6.964,-0.893261633039891,-1.45696876394718,-2.18166315408025,-2.64716474431297,-0.893261622290357,-1.05668959966021e-05,1
6.966,-0.89309188414606,-1.45844660935628,-2.18248447575082,-2.64486593388815,-0.893091873975299,-9.9979543018433e-06,1
6.968,-0.89292218693903,-1.45992871655728,-2.18330223620805,-2.64256642294882,-0.892922177347024,-9.42903045190701e-06,1
6.97,-0.89275254092805,-1.46141508115752,-2.1841164269197,-2.64026622442085,-0.892752531914783,-8.86012284660316e-06,1
6.972,-0.8925829456235,-1.46290569864904,-2.18492703935848,-2.63796535134045,-0.892582937188957,-8.29122988779429e-06,1
6.974,-0.892413400536852,-1.46440056440812,-2.18573406500219,-2.63566381685452,-0.892413392681019,-7.72234997927912e-06,1
6.976,-0.892243905180634,-1.46589967369494,-2.18653749533377,-2.63336163422086,-0.8922438979035,-7.15348152666457e-06,1
6.978,-0.89207445906839,-1.46740302165323,-2.18733732184152,-2.63105881680846,-0.892074452369945,-6.58462293724025e-06,1
6.98,-0.891905061714646,-1.46891060330987,-2.1881335360191,-2.62875537809772,-0.891905055594881,-6.01577261987511e-06,1
6.982,-0.89173571263487,-1.47042241357451,-2.18892612936573,-2.62645133168073,-0.891735707093779,-5.44692898486783e-06,1
6.984,-0.891566411345438,-1.47193844723926,-2.1897150933863,-2.62414669126146,-0.891566406383015,-4.87809044385183e-06,1
6.986,-0.891397157363595,-1.47345869897831,-2.19050041959148,-2.62184147065602,-0.891397152979837,-4.3092554096611e-06,1
6.988,-0.891227950207423,-1.47498316334756,-2.19128209949785,-2.61953568379287,-0.891227946402327,-3.74042229621611e-06,1
6.99,-0.891058789395795,-1.47651183478433,-2.19206012462807,-2.61722934471302,-0.891058786169362,-3.17158951839504e-06,1
6.992,-0.89088967444835,-1.47804470760694,-2.19283448651098,-2.61492246757026,-0.890889671800581,-2.60275549192626e-06,1
6.994,-0.890720604885451,-1.47958177601446,-2.19360517668174,-2.61261506663135,-0.890720602816349,-2.03391863326326e-06,1
6.996,-0.89055158022815,-1.48112303408629,-2.19437218668198,-2.61030715627618,-0.890551578737718,-1.465077359462e-06,1
6.998,-0.890382599998149,-1.48266847578192,-2.19513550805999,-2.60799875099799,-0.890382599086394,-8.96230088063569e-07,1
7,-0.890213663592249,-1.48421598730951,-2.19589252179158,-2.60569458891696,-0.890213663264081,-1.21882284144374e-06,1
7.002,-0.890044771037354,-1.4857718754885,-2.19665105349982,-2.60338052707233,-0.890044771287962,2.46350506558421e-07,1
7.004,-0.889875921132818,-1.48733042456876,-2.19740396444166,-2.60106942517429,-0.889875921962213,1.06165507335933e-06,1
7.006,-0.889707113771635,-1.48889195610735,-2.19815173201459,-2.5987604842692,-0.889707115179829,1.38427090071317e-06,1
7.008,-0.889538348558969,-1.49045821846679,-2.19889648563487,-2.59644982649274,-0.889538350545897,1.95317297946053e-06,1
7.01,-0.889369624880553,-1.49202862828771,-2.19963749819112,-2.59413876240326,-0.889369627446231,2.52209066495729e-06,1
7.012,-0.889200942296752,-1.49360317606287,-2.20037476315739,-2.59182730803482,-0.889200945441197,3.09102542134098e-06,1
7.014,-0.889032300333122,-1.49518185478211,-2.2011082721439,-2.58951547878836,-0.889032304056354,3.65997883177037e-06,1
7.016,-0.888863698515644,-1.49676465731159,-2.20183801676537,-2.58720329018395,-0.888863702817682,4.22895247967889e-06,1
7.018,-0.888695136370597,-1.49835157639458,-2.20256398864473,-2.58489075785638,-0.888695141251464,4.79794794919985e-06,1
7.02,-0.888526613424523,-1.49994260465114,-2.20328617941327,-2.58257789755525,-0.888526618884243,5.3669668252936e-06,1
7.022,-0.888358129204193,-1.50153773457796,-2.20400458071086,-2.58026472514504,-0.888358135242791,5.93601069385583e-06,1
7.024,-0.888189683236569,-1.503136958548,-2.20471918418602,-2.57795125660518,-0.888189689854072,6.50508114184889e-06,1
7.026,-0.888021275048771,-1.50474026881034,-2.20542998149622,-2.57563750803013,-0.888021282245208,7.07417975741579e-06,1
7.028,-0.887852904168043,-1.50634765748987,-2.20613696430797,-2.57332349562949,-0.887852911943443,7.6433081299955e-06,1
7.03,-0.887684570121711,-1.50795911658712,-2.20684012429703,-2.57100923572793,-0.887684578476107,8.21246785045556e-06,1
7.032,-0.887516272437158,-1.50957463797799,-2.20753945314859,-2.56869474476537,-0.887516281370584,8.78166051119685e-06,1
7.034,-0.88734801064178,-1.51119421341356,-2.20823494255746,-2.56638003929689,-0.887348020154271,9.35088770629285e-06,1
7.036,-0.887179784262956,-1.51281783451986,-2.20892658422824,-2.56406513599286,-0.887179794354547,9.92015103159485e-06,1
7.038,-0.887011592828007,-1.51444549279767,-2.2096143698755,-2.56175005163891,-0.887011603498738,1.04894520848638e-05,1
7.04,-0.886843435864168,-1.51607717962236,-2.210298291224,-2.55943480313593,-0.886843447114079,1.10587924658877e-05,1
7.042,-0.886675312898545,-1.51771288624362,-2.21097834000886,-2.55711940750008,-0.886675324727677,1.16281737766099e-05,1
7.044,-0.886507223458086,-1.51935260378537,-2.21165450797572,-2.55480388186282,-0.886507235866482,1.21975976212359e-05,1
7.046,-0.88633916706954,-1.52099632324553,-2.21232678688098,-2.55248824347082,-0.886339180057245,1.27670656063835e-05,1
7.048,-0.886171143259422,-1.52264403549586,-2.21299516849196,-2.550172509686,-0.886171156826484,1.33365793411846e-05,1
7.05,-0.886003151553983,-1.52429573128181,-2.21365964458712,-2.54785669798547,-0.886003165700448,1.39061404374165e-05,1
7.052,-0.885835191479164,-1.52595140122235,-2.21432020695622,-2.5455408259615,-0.885835206205083,1.44757505096315e-05,1
7.054,-0.885667262560568,-1.52761103580986,-2.21497684740055,-2.54322491132144,-0.885667277865992,1.50454111752813e-05,1
7.056,-0.885499364323422,-1.52927462540996,-2.21562955773309,-2.54090897188769,-0.885499380208404,1.56151240548328e-05,1
7.058,-0.885331496292537,-1.53094216026138,-2.21627832977875,-2.53859302559765,-0.885331512757133,1.61848907719114e-05,1
7.06,-0.885163657992275,-1.53261363047585,-2.21692315537453,-2.53627709050358,-0.88516367503654,1.67547129534229e-05,1
7.062,-0.884995848946512,-1.53428902603801,-2.21756402636973,-2.5339611847726,-0.884995866570505,1.73245922296723e-05,1
7.064,-0.884828068678602,-1.53596833680525,-2.21820093462616,-2.5316453266865,-0.884828086882382,1.78945302345067e-05,1
7.066,-0.884660316711334,-1.53765155250765,-2.21883387201833,-2.52932953464175,-0.884660335494963,1.84645286054433e-05,1
7.068,-0.884492592566905,-1.53933866274788,-2.21946283043365,-2.52701382714929,-0.884492611930445,1.90345889837896e-05,1
7.07,-0.884324895766873,-1.54102965700111,-2.22008780177262,-2.52469822283447,-0.88432491571039,1.96047130147896e-05,1
7.072,-0.884157225832124,-1.54272452461497,-2.22070877794907,-2.5223827404369,-0.884157246355684,2.01749023477462e-05,1
7.074,-0.883989582282836,-1.54442325480943,-2.2213257508903,-2.52006739881033,-0.883989603386506,2.07451586361578e-05,1
7.076,-0.883821964638436,-1.54612583667678,-2.22193871253735,-2.51775221692249,-0.883821986322287,2.13154835378538e-05,1
7.078,-0.883654372417567,-1.54783225918158,-2.22254765484514,-2.51543721385496,-0.883654394681671,2.18858787151282e-05,1
7.08,-0.883486805138045,-1.5495425111606,-2.22315256978269,-2.51312240880297,-0.883486827982474,2.24563458348826e-05,1
7.082,-0.883319262316825,-1.55125658132281,-2.22375344933336,-2.51080782107527,-0.883319285741655,2.30268865687508e-05,1
7.084,-0.883151743469958,-1.55297445824932,-2.224350285495,-2.50849347009397,-0.883151767475264,2.35975025932506e-05,1
7.086,-0.882984248112552,-1.55469613039343,-2.22494307028016,-2.50617937539427,-0.882984272698414,2.4168195589922e-05,1
7.088,-0.882816775758737,-1.55642158608053,-2.22553179571631,-2.50386555662439,-0.882816800925234,2.47389672454553e-05,1
7.09,-0.882649325921621,-1.55815081350819,-2.22611645384604,-2.50155203354523,-0.882649351668834,2.53098192518476e-05,1
7.092,-0.88248189811325,-1.55988380074613,-2.22669703672724,-2.49923882603028,-0.882481924441264,2.58807533065426e-05,1
7.094,-0.882314491844571,-1.56162053573623,-2.22727353643331,-2.49692595406533,-0.88231451875347,2.64517711125691e-05,1
7.096,-0.882147106625389,-1.56336100629256,-2.22784594505337,-2.49461343774828,-0.88214713411526,2.70228743786969e-05,1
7.098,-0.881979741964325,-1.56510520010145,-2.22841425469241,-2.4923012972889,-0.881979770035258,2.75940648195733e-05,1
7.1,-0.881812397368778,-1.5668531047215,-2.22897845747156,-2.48998955300857,-0.881812426020862,2.81653441558791e-05,1
7.102,-0.881645072344881,-1.56860470758362,-2.22953854552824,-2.48767822534004,-0.881645101578208,2.8736714114481e-05,1
7.104,-0.881477766397458,-1.57035999599114,-2.23009451101636,-2.4853673348272,-0.881477796212123,2.93081764285737e-05,1
7.106,-0.881310479029985,-1.57211895711984,-2.2306463461065,-2.48305690212478,-0.881310509426083,2.98797328378419e-05,1
7.108,-0.881143209744546,-1.57388157801804,-2.23119404298616,-2.48074694799809,-0.881143240722175,3.04513850886095e-05,1
7.11,-0.880975958041789,-1.57564784560671,-2.23173759385988,-2.47843749332273,-0.880975989601048,3.10231349339972e-05,1
7.112,-0.880808723420882,-1.57741774667952,-2.23227699094948,-2.47612855908436,-0.880808755561872,3.15949841340812e-05,1
7.114,-0.880641505379471,-1.579191267903,-2.23281222649422,-2.4738201663783,-0.880641538102295,3.21669344560531e-05,1
7.116,-0.880474303413636,-1.58096839581661,-2.23334329275101,-2.47151233640934,-0.880474336718398,3.27389876743798e-05,1
7.118,-0.880307117017843,-1.58274911683288,-2.23387018199457,-2.46920509049135,-0.88030715090465,3.33111455709688e-05,1
7.12,-0.880139945684901,-1.58453341723754,-2.23439288651764,-2.46689845004701,-0.880139980153862,3.38834099353284e-05,1
7.122,-0.879972788905918,-1.58632128318968,-2.23491139863117,-2.46459243660747,-0.879972823957142,3.44557825647415e-05,1
7.124,-0.879805646170253,-1.58811270072185,-2.23542571066443,-2.46228707181203,-0.879805681803852,3.50282652644242e-05,1
7.126,-0.879638516965467,-1.58990765574027,-2.2359358149653,-2.45998237740779,-0.879638553181555,3.56008598477074e-05,1
7.128,-0.879471400777279,-1.59170613402496,-2.23644170390034,-2.45767837524933,-0.879471437575973,3.61735681362045e-05,1
7.13,-0.879304297089521,-1.59350812122994,-2.23694336985503,-2.45537508729832,-0.879304334470937,3.6746391959979e-05,1
7.132,-0.879137205384083,-1.59531360288338,-2.23744080523393,-2.45307253562323,-0.879137243348341,3.73193331577362e-05,1
7.134,-0.878970125140869,-1.59712256438784,-2.23793400246082,-2.45077074239891,-0.878970163688089,3.78923935769908e-05,1
7.136,-0.878803055837745,-1.59893499102043,-2.23842295397889,-2.44846972990625,-0.878803094968052,3.84655750742534e-05,1
7.138,-0.878635996950493,-1.60075086793302,-2.23890765225093,-2.44616952053182,-0.878636036664011,3.90388795152099e-05,1
7.14,-0.878468947952759,-1.60257018015249,-2.23938808975942,-2.44387013676745,-0.878468988249615,3.96123087749055e-05,1
7.142,-0.878301908315996,-1.60439291258092,-2.23986425900676,-2.44157160120988,-0.87830194919632,4.0185864737946e-05,1
7.144,-0.878134877509424,-1.60621904999585,-2.2403361525154,-2.43927393656038,-0.878134918973345,4.07595492986725e-05,1
7.146,-0.877967854999967,-1.60804857705049,-2.24080376282797,-2.43697716562431,-0.877967897047618,4.13333643613634e-05,1
7.148,-0.877800840252205,-1.609881478274,-2.24126708250745,-2.43468131131079,-0.877800882883722,4.19073118404292e-05,1
7.15,-0.877633832728321,-1.61171773807175,-2.24172610413732,-2.4323863966322,-0.877633875943839,4.24813936606077e-05,1
7.152,-0.877466831888044,-1.61355734072556,-2.24218082032169,-2.43009244470389,-0.877466875687703,4.3055611757168e-05,1
7.154,-0.877299837188595,-1.615400270394,-2.24263122368546,-2.42779947874366,-0.877299881572536,4.36299680761173e-05,1
7.156,-0.877132848084634,-1.61724651111266,-2.24307730687441,-2.42550752207139,-0.877132893052999,4.42044645743992e-05,1
7.158,-0.876965864028198,-1.61909604679441,-2.24351906255539,-2.42321659810865,-0.876965909581131,4.47791032201128e-05,1
7.16,-0.876798884468649,-1.62094886122978,-2.2439564834164,-2.42092673037821,-0.876798930606297,4.53538859927164e-05,1
7.162,-0.876631908852612,-1.62280493808718,-2.24438956216672,-2.41863794250367,-0.876631955575122,4.59288148832555e-05,1
7.164,-0.876464936623918,-1.62466426091325,-2.24481829153707,-2.41635025820898,-0.876464983931443,4.65038918945657e-05,1
7.166,-0.876297967223547,-1.62652681313319,-2.24524266427965,-2.41406370131804,-0.876298015116238,4.7079119041507e-05,1
7.168,-0.87613100008956,-1.62839257805107,-2.24566267316834,-2.41177829575426,-0.876131048567574,4.76544983511878e-05,1
7.17,-0.875964034657047,-1.63026153885015,-2.24607831099871,-2.40949406554011,-0.875964083720539,4.82300318631895e-05,1
7.172,-0.875797070358058,-1.63213367859328,-2.2464895705882,-2.40721103479666,-0.875797120007188,4.88057216297988e-05,1
7.174,-0.875630106621541,-1.63400898022317,-2.24689644477616,-2.40492922774318,-0.875630156856469,4.93815697162502e-05,1
7.176,-0.87546314287328,-1.6358874265628,-2.247298926424,-2.40264866869667,-0.87546319369417,4.99575782009546e-05,1
7.178,-0.875296178535828,-1.63776900031578,-2.24769700841519,-2.40036938207141,-0.875296229942845,5.05337491757574e-05,1
7.18,-0.875129213028442,-1.63965368406669,-2.24809068365542,-2.3980913923785,-0.875129265021753,5.11100847461689e-05,1
7.182,-0.874962245767017,-1.64154146028147,-2.24847994507263,-2.39581472422546,-0.874962298346792,5.16865870316252e-05,1
7.184,-0.874795276164014,-1.64343231130782,-2.24886478561708,-2.39353940231573,-0.874795329330424,5.22632581657403e-05,1
7.186,-0.874628303628394,-1.64532621937554,-2.24924519826146,-2.39126545144823,-0.874628357381614,5.28401002965741e-05,1
7.188,-0.874461327565548,-1.647223166597,-2.24962117600085,-2.38899289651695,-0.874461381905754,5.34171155868753e-05,1
7.19,-0.874294347377225,-1.64912313496744,-2.24999271185287,-2.38672176251043,-0.874294402304595,5.39943062143686e-05,1
7.192,-0.874127362461458,-1.65102610636545,-2.25035979885768,-2.38445207451138,-0.874127417976172,5.45716743720174e-05,1
7.194,-0.873960372212493,-1.65293206255336,-2.250722430078,-2.3821838576962,-0.873960428314734,5.51492222683014e-05,1
7.196,-0.873793376020711,-1.65484098517765,-2.25108059859917,-2.37991713733454,-0.873793432710665,5.57269521275014e-05,1
7.198,-0.873626373272555,-1.65675285576937,-2.25143429752917,-2.37765193878885,-0.873626430550409,5.63048661899771e-05,1
7.2,-0.873459363350452,-1.65866765574456,-2.25178351999862,-2.37538828751397,-0.873459421216395,5.68829667124648e-05,1
7.202,-0.873292345632732,-1.6605853664047,-2.25212825916078,-2.37312620905663,-0.873292404086957,5.74612559683743e-05,1
7.204,-0.87312531949355,-1.6625059689371,-2.25246850819161,-2.37086572905508,-0.873125378536251,5.80397362480855e-05,1
7.206,-0.872958284302807,-1.66442944441541,-2.25280426028969,-2.36860687323863,-0.87295834393418,5.86184098592523e-05,1
7.208,-0.872791239427397,-1.66635577167073,-2.25313550224543,-2.3663496848612,-0.872791299655956,5.92053564967478e-05,1
7.21,-0.872624184224679,-1.66828493577098,-2.25346224018627,-2.36409415498243,-0.872624245042315,5.97844257032626e-05,1
7.212,-0.872457118054825,-1.67021691538272,-2.25378446091386,-2.36184032700832,-0.872457179461742,6.03636952678584e-05,1
7.214,-0.872290040268765,-1.67215169110675,-2.25410215772918,-2.35958822703867,-0.872290102265168,6.09431675742947e-05,1
7.216,-0.872122950213844,-1.67408924345488,-2.25441532394377,-2.3573378812517,-0.872123012799942,6.15228450214157e-05,1
7.218,-0.871955847232632,-1.67602955282792,-2.25472395289155,-2.35508931591432,-0.871955910408637,6.21027300272858e-05,1
7.22,-0.871788730662835,-1.67797259951614,-2.25502803792883,-2.35284255738155,-0.871788794428961,6.26828250295523e-05,1
7.222,-0.871621599837196,-1.6799183636997,-2.25532757243422,-2.35059763209624,-0.871621664193658,6.32631324857906e-05,1
7.224,-0.871454454083404,-1.68186682544916,-2.25562254980856,-2.34835456658865,-0.871454519030421,6.38436548738736e-05,1
7.226,-0.871287292723994,-1.68381796472592,-2.2559129634748,-2.34611338747608,-0.871287358261787,6.44243946923237e-05,1
7.228,-0.87112011507625,-1.6857717613827,-2.25619880687791,-2.34387412146252,-0.871120181205043,6.5005354460704e-05,1
7.23,-0.870952920452104,-1.68772819516397,-2.25648007348478,-2.34163679533829,-0.870952987172123,6.55865367199788e-05,1
7.232,-0.870785708158033,-1.68968724570647,-2.25675675678406,-2.33940143597971,-0.870785775469507,6.61679440329187e-05,1
7.234,-0.870618477494955,-1.69164889253965,-2.25702885028605,-2.33716807034877,-0.870618545398116,6.67495789844859e-05,1
7.236,-0.870451227758124,-1.69361311508611,-2.25729634752255,-2.33493672549277,-0.870451296253205,6.73314441822352e-05,1
7.238,-0.870283958237016,-1.69557989266211,-2.25755924204668,-2.3327074285441,-0.870284027324255,6.79135422567398e-05,1
7.24,-0.870116668215226,-1.69754920447803,-2.25781752743275,-2.33048020671985,-0.870116737894864,6.84958758619875e-05,1
7.242,-0.869949356970351,-1.69952102963879,-2.25807119727601,-2.32825508732161,-0.869949427242628,6.90784476758284e-05,1
7.244,-0.869782023773872,-1.70149534714435,-2.25832024519254,-2.32603209773516,-0.869782094639034,6.96612604003963e-05,1
7.246,-0.869614667891046,-1.70347213589018,-2.25856466481897,-2.32381126543023,-0.86961473934934,7.02443167625559e-05,1
7.248,-0.869447288580775,-1.70545137466767,-2.25880444981228,-2.32159261796026,-0.869447360632452,7.08276195143646e-05,1
7.25,-0.869279885095492,-1.70743304216461,-2.2590395938496,-2.3193761829622,-0.869279957740806,7.14111714335236e-05,1
7.252,-0.869112456681034,-1.70941711696567,-2.25927009062792,-2.31716198815627,-0.869112529920241,7.19949753238559e-05,1
7.254,-0.868945002576516,-1.71140357755275,-2.25949593386384,-2.31495006134585,-0.868945076409875,7.25790340157819e-05,1
7.256,-0.868777522014198,-1.71339240230556,-2.2597171172933,-2.3127404304172,-0.868777596441971,7.31633503668192e-05,1
7.258,-0.868610014219358,-1.71538356950191,-2.25993363467129,-2.31053312333947,-0.86861008924181,7.37479272620779e-05,1
7.26,-0.868442478410151,-1.71737705731824,-2.26014547977153,-2.30832816816442,-0.868442554027551,7.43327676147759e-05,1
7.262,-0.868274913797477,-1.71937284383002,-2.26035264638618,-2.30612559302641,-0.868274990010095,7.49178743667606e-05,1
7.264,-0.868107319584837,-1.72137090701214,-2.26055512832546,-2.30392542614231,-0.868107396392947,7.55032504890377e-05,1
7.266,-0.867939694968187,-1.72337122473935,-2.26075291941733,-2.30172769581143,-0.867939772372067,7.60888989823297e-05,1
7.268,-0.867772039135798,-1.72537377478664,-2.26094601350713,-2.29953243041547,-0.867772117135727,7.66748228776209e-05,1
7.27,-0.867604351268101,-1.72737853482966,-2.26113440445714,-2.29733965841856,-0.867604429864362,7.72610252367254e-05,1
7.272,-0.867436630537531,-1.72938548244505,-2.26131808614623,-2.29514940836724,-0.867436709730411,7.78475091528847e-05,1
7.274,-0.867268876108379,-1.7313945951109,-2.26149705246942,-2.29296170889052,-0.867268955898168,7.84342777513407e-05,1
7.276,-0.867101087136625,-1.73340585020704,-2.26167129733744,-2.29077658869997,-0.867101167523616,7.90213341899576e-05,1
7.278,-0.866933262769779,-1.73541922501541,-2.26184081467625,-2.28859407658979,-0.866933343754267,7.96086816598357e-05,1
7.28,-0.866765402146707,-1.73743469672043,-2.2620055984266,-2.28641420143701,-0.866765483728992,8.01963233859519e-05,1
7.282,-0.866597504397471,-1.7394522424093,-2.26216564254353,-2.28423699220158,-0.866597586577855,8.07842626278013e-05,1
7.284,-0.866429568643143,-1.74147183907234,-2.2623209409958,-2.28206247792664,-0.866429651421933,8.1372502680067e-05,1
7.286,-0.866261593995636,-1.74349346360324,-2.26247148776539,-2.27989068773872,-0.86626167737314,8.19610468732895e-05,1
7.288,-0.866093579557513,-1.74551709279943,-2.26261727684698,-2.27772165084804,-0.866093663534045,8.25498985745757e-05,1
7.29,-0.865925524421807,-1.74754270336227,-2.26275830224727,-2.27555539654877,-0.865925608997683,8.31390611882912e-05,1
7.292,-0.865757427671826,-1.74957027189736,-2.26289455798447,-2.27339195421946,-0.865757512847366,8.37285381567998e-05,1
7.294,-0.865589288380958,-1.75159977491475,-2.2630260380876,-2.27123135332336,-0.865589374156485,8.43183329611994e-05,1
7.296,-0.865421105612472,-1.75363118882917,-2.26315273659588,-2.26907362340889,-0.865421191988312,8.49084491220879e-05,1
7.298,-0.86525287841931,-1.75566448996024,-2.26327464755807,-2.26691879411009,-0.865252965395795,8.54988902003384e-05,1
7.3,-0.865084605843883,-1.75769965453263,-2.2633917650317,-2.26476689514718,-0.865084693421347,8.60896597978928e-05,1
7.302,-0.864916286917852,-1.75973665867623,-2.2635040830824,-2.26261795632709,-0.864916375096631,8.66807615585848e-05,1
7.304,-0.864747920661906,-1.76177547842629,-2.26361159578316,-2.26047200754408,-0.864748009442344,8.72721991689704e-05,1
7.306,-0.864579506085544,-1.76381608972353,-2.26371429721348,-2.25832907878043,-0.864579595467985,8.78639763591872e-05,1
7.308,-0.864411042186837,-1.76585846841423,-2.26381218145863,-2.25618920010714,-0.864411132171631,8.84560969038265e-05,1
7.31,-0.864242527952199,-1.76790259025032,-2.26390524260877,-2.25405240168471,-0.864242618539699,8.90485646228312e-05,1
7.312,-0.864073962356137,-1.76994843088938,-2.26399347475812,-2.25191871376394,-0.8640740535467,8.96413833824249e-05,1
7.314,-0.86390534436101,-1.77199596589467,-2.26407687200403,-2.24978816668688,-0.863905436154997,9.02345570960414e-05,1
7.316,-0.863736672916769,-1.77404517073511,-2.26415542844606,-2.2476607908877,-0.863736765314545,9.08280897253021e-05,1
7.318,-0.863567946960703,-1.77609602078525,-2.26422913818503,-2.24553661689375,-0.863568039962638,9.14219852809916e-05,1
7.32,-0.863399165417166,-1.77814849132517,-2.26429799532203,-2.24341567532663,-0.863399259023632,9.20162478240942e-05,1
7.322,-0.863230327197305,-1.78020255754036,-2.26436199395737,-2.24129799690328,-0.863230421408681,9.26108814668157e-05,1
7.324,-0.863061431198781,-1.78225819452162,-2.26442112818955,-2.23918361243726,-0.863061526015447,9.32058903736656e-05,1
7.326,-0.862892476305479,-1.78431537726481,-2.26447539211412,-2.23707255283998,-0.862892571727822,9.38012787625371e-05,1
7.328,-0.862723461387212,-1.78637408067071,-2.26452477982259,-2.23496484912206,-0.862723557415622,9.43970509058454e-05,1
7.33,-0.86255438529942,-1.78843427954468,-2.26456928540121,-2.23286053239479,-0.862554481934292,9.49932111316697e-05,1
7.332,-0.862385246882856,-1.79049594859645,-2.26460890292982,-2.23075963387161,-0.86238534412459,9.55897638249426e-05,1
7.334,-0.862216044963271,-1.7925590624397,-2.26464362648053,-2.22866218486973,-0.862216142812269,9.61867134286615e-05,1
7.336,-0.862046778351078,-1.79462359559171,-2.26467345011646,-2.22656821681177,-0.86204687680775,9.67840644451358e-05,1
7.338,-0.861877445841027,-1.79668952247296,-2.26469836789039,-2.22447776122759,-0.861877544905785,9.738182143726e-05,1
7.34,-0.861708046212606,-1.7987568152914,-2.26471836992277,-2.22239086187239,-0.861708145891575,9.79855531383965e-05,1
7.342,-0.861538578225925,-1.80082545248103,-2.26473345809901,-2.22030752626986,-0.861538678513822,9.85841373798091e-05,1
7.344,-0.861369040628843,-1.80289540608849,-2.26474362248648,-2.21822779838883,-0.861369141526097,9.91831416607812e-05,1
7.346,-0.861199432149144,-1.80496665012848,-2.26474885709138,-2.21615171021164,-0.861199533656186,9.97825708026828e-05,1
7.348,-0.861029751497851,-1.80703915852916,-2.26474915589317,-2.214079293834,-0.861029853615119,0.000100382429691815,1
7.35,-0.860859997368098,-1.80911290511819,-2.26474451285195,-2.2120105814715,-0.860860100096034,0.000100982723283508,1
7.352,-0.860690168434722,-1.81118786362197,-2.26473492190676,-2.20994560546211,-0.860690271773773,0.000101583456603673,1
7.354,-0.860520263353847,-1.81326400766473,-2.26472037697392,-2.20788439826877,-0.860520367304466,0.000102184634750379,1
7.356,-0.860350280762451,-1.81534131076761,-2.26470087194514,-2.2058269924821,-0.860350385325095,0.000102786262895505,1
7.358,-0.860180219277923,-1.81741974634766,-2.26467640068577,-2.20377342082328,-0.860180324453056,0.000103388346286405,1
7.36,-0.860010077497611,-1.81949928771678,-2.26464695703282,-2.20172371614703,-0.860010183285702,0.000103990890247655,1
7.362,-0.859839853998354,-1.82157990808051,-2.264612534793,-2.19967791144474,-0.859839960399876,0.000104593900182812,1
7.364,-0.859669547335997,-1.82366158053691,-2.26457312774066,-2.19763603984774,-0.859669654351429,0.000105197381576255,1
7.366,-0.859499156044893,-1.82574427807512,-2.26452872961575,-2.19559813463072,-0.859499263674722,0.000105801339995081,1
7.368,-0.859328678637404,-1.82782797357409,-2.26447933412154,-2.19356422921531,-0.859328786882119,0.000106405781091018,1
7.37,-0.859158113603359,-1.82991263980102,-2.26442493492244,-2.19153435717377,-0.859158222463458,0.00010701071060245,1
7.372,-0.858987459409526,-1.83199824940984,-2.26436552564166,-2.18950855223296,-0.858987568885511,0.000107616134356457,1
7.374,-0.858816714499046,-1.83408477493951,-2.26430109985879,-2.18748684827832,-0.858816824591426,0.000108222058270941,1
7.376,-0.858645877290861,-1.83617218881228,-2.26423165110731,-2.18546927935822,-0.858645988000152,0.000108828488356814,1
7.378,-0.858474946179123,-1.83826046333184,-2.26415717287206,-2.18345587968829,-0.858475057505846,0.000109435430720237,1
7.38,-0.85830391953258,-1.84034957068129,-2.26407765858654,-2.18144668365614,-0.858304031477261,0.000110042891564948,1
7.382,-0.85813279569395,-1.84243948292111,-2.2639931016302,-2.17944172582612,-0.858132908257123,0.000110650877194652,1
7.384,-0.857961572979267,-1.84453017198696,-2.26390349532556,-2.17744104094442,-0.857961686161473,0.000111259394015486,1
7.386,-0.857790249677216,-1.84662160968731,-2.26380883293534,-2.17544466394427,-0.857790363479002,0.000111868448538561,1
7.388,-0.857618824048442,-1.84871376770105,-2.26370910765938,-2.17345262995146,-0.857618938470362,0.000112478047382587,1
7.39,-0.857447294324833,-1.85080661757486,-2.26360431263149,-2.17146497429006,-0.857447409367447,0.000113088197276583,1
7.392,-0.857275658708787,-1.85290013072052,-2.26349444091625,-2.16948173248837,-0.857275774372663,0.000113698905062666,1
7.394,-0.857103915372453,-1.85499427841206,-2.26337948550564,-2.16750294028513,-0.857104031658165,0.000114310177698937,1
7.396,-0.856932062456942,-1.8570890317827,-2.26325943931553,-2.16552863363604,-0.856932179365072,0.000114922022262468,1
7.398,-0.856760098071524,-1.85918436182175,-2.26313429518214,-2.16355884872051,-0.856760215602661,0.000115534445952363,1
7.4,-0.856588020292785,-1.86128023937119,-2.26300404585825,-2.16159362194873,-0.856588138447526,0.000116147456092945,1
7.402,-0.856415827163762,-1.86337663512227,-2.26286868400943,-2.15963298996897,-0.856415945942711,0.000116761060137048,1
7.404,-0.856243516693053,-1.86547351961173,-2.26272820221,-2.15767698967535,-0.856243636096821,0.000117375265669392,1
7.406,-0.856071086853888,-1.86757086321801,-2.26258259293889,-2.15572565821572,-0.856071206883096,0.000117990080410106,1
7.408,-0.855898535583177,-1.86966863615713,-2.26243184857541,-2.15377903300014,-0.855898656238452,0.000118605512218353,1
7.41,-0.855725860780516,-1.87176680847846,-2.26227596139478,-2.15183715170945,-0.855725982062495,0.000119221569096083,1
7.412,-0.85555306030717,-1.87386535006021,-2.26211492356355,-2.14990005230445,-0.855553182216495,0.000119838259191913,1
7.414,-0.855380131985007,-1.87596423060478,-2.26194872713486,-2.14796777303527,-0.855380254522331,0.00012045559080515,1
7.416,-0.855207073595406,-1.87806341963371,-2.26177736404345,-2.14604035245136,-0.855207196761392,0.00012107357238995,1
7.418,-0.855033882878124,-1.88016288648265,-2.26160082610062,-2.14411782941164,-0.855034006673441,0.000121692212559622,1
7.42,-0.854860557530112,-1.88226260029577,-2.26141910498889,-2.14220024309542,-0.854860681955438,0.000122311520091096,1
7.422,-0.854687095204306,-1.88436253002018,-2.26123219225649,-2.14028763301346,-0.85468722026033,0.000122931503929527,1
7.424,-0.854513493508355,-1.88646264439983,-2.26104007931166,-2.13838003901977,-0.854513619195774,0.000123552173193114,1
7.426,-0.85433975000332,-1.8885629119693,-2.26084275741672,-2.13647750132378,-0.854339876322841,0.000124173537178037,1
7.428,-0.854165862202313,-1.89066330104718,-2.26064021768196,-2.13458006050309,-0.854165989154652,0.000124795605363619,1
7.43,-0.853991827569088,-1.89276377972914,-2.26043245105917,-2.13268775751681,-0.853991955154971,0.000125418387417666,1
7.432,-0.853817643516582,-1.89486431588069,-2.2602194483351,-2.13080063371943,-0.853817771736745,0.000126041893201996,1
7.434,-0.853643307405396,-1.89696487712952,-2.26000120012451,-2.12891873087533,-0.853643436260586,0.00012666613277821,1
7.436,-0.853468816542224,-1.89906543085756,-2.25977769686303,-2.12704209117398,-0.853468946033197,0.000127291116413633,1
7.438,-0.853294168178214,-1.90116594419251,-2.2595489287997,-2.12517075724575,-0.853294298305739,0.000127916854587535,1
7.44,-0.853119359507273,-1.90326638399912,-2.25931488598926,-2.12330477217848,-0.853119490272128,0.000128543357997565,1
7.442,-0.8529443876643,-1.90536671686984,-2.25907555828406,-2.12144417953479,-0.852944519067273,0.000129170637566436,1
7.444,-0.852769249723348,-1.90746690911519,-2.25883093532572,-2.11958902337015,-0.852769381765242,0.000129798704448886,1
7.446,-0.85259394269572,-1.90956692675354,-2.25858100653638,-2.11773934825184,-0.852594075377347,0.000130427570038915,1
7.448,-0.85241846352798,-1.91166673550038,-2.25832576110963,-2.1158951992787,-0.852418596850164,0.000131057245977303,1
7.45,-0.852242809099889,-1.9137663007571,-2.25806518800106,-2.11405662210186,-0.852242943063466,0.000131687744159441,1
7.452,-0.852066976222252,-1.91586558759914,-2.25779927591844,-2.11222366294642,-0.852067110828071,0.000132319076743484,1
7.454,-0.851890961634678,-1.91796456076361,-2.25752801331137,-2.11039636863412,-0.8518910968836,0.00013295125615883,1
7.456,-0.851714762003249,-1.92006318463621,-2.25725138836068,-2.10857478660712,-0.851714897896149,0.000133584295114973,1
7.458,-0.851538373918084,-1.92216142323753,-2.25696938896718,-2.10675896495288,-0.85153851045585,0.000134218206610706,1
7.46,-0.851361793890807,-1.92425924020858,-2.25668200274006,-2.10494895243026,-0.85136193107434,0.000134853003943727,1
7.462,-0.851185018351901,-1.92635659879568,-2.25638921698473,-2.10314479849682,-0.851185156182115,0.000135488700720654,1
7.464,-0.851008043647945,-1.9284534618344,-2.25609101869011,-2.10134655333757,-0.85100818212577,0.000136125310867482,1
7.466,-0.850830866038742,-1.93054979173285,-2.25578739451536,-2.09955426789494,-0.850831005165122,0.000136762848640469,1
7.468,-0.850653481694305,-1.93264555045393,-2.25547833077608,-2.09776799390042,-0.850653621470197,0.000137401328637556,1
7.47,-0.850475886691715,-1.93474069949667,-2.25516381342974,-2.09598778390769,-0.850476027118094,0.00013804076581023,1
7.472,-0.850298077011845,-1.93683519987667,-2.25484382806059,-2.09421369132735,-0.8502982180897,0.000138681175475968,1
7.474,-0.850120048535917,-1.93892901210533,-2.25451835986381,-2.09244577046353,-0.850120190266253,0.000139322573331236,1
7.476,-0.849941797041918,-1.94102209616808,-2.25418739362885,-2.09068407655231,-0.849941939425757,0.000139964975465073,1
7.478,-0.849763318200841,-1.94311441150136,-2.25385091372214,-2.08892866580208,-0.849763461239221,0.000140608398373322,1
7.48,-0.849584607572749,-1.94520591696835,-2.25350890406879,-2.08717959543608,-0.849584751266725,0.000141252858973502,1
7.482,-0.849405660602655,-1.94729657083329,-2.25316134813358,-2.08543692373714,-0.849405804953302,0.000141898374620427,1
7.484,-0.849226472616208,-1.94938633073449,-2.25280822890087,-2.08370071009473,-0.849226617624616,0.000142544963122518,1
7.486,-0.849047038815159,-1.95147515365563,-2.25244952885367,-2.08197101505463,-0.849047184482437,0.000143192642758952,1
7.488,-0.848867354272615,-1.95356299589561,-2.2520852299515,-2.08024790037122,-0.848867500599894,0.000143841432297622,1
7.49,-0.848687413928058,-1.95564981303652,-2.25171531360729,-2.0785314290626,-0.848687560916486,0.000144491351013986,1
7.492,-0.848507212582108,-1.95773555990982,-2.25133976066303,-2.07682166546885,-0.848507360232854,0.000145142418710868,1
7.494,-0.848326744891028,-1.95982019056052,-2.25095855136413,-2.07511867531344,-0.848326893205282,0.000145794655739247,1
7.496,-0.848146005360945,-1.96190365820919,-2.25057166533256,-2.07342252576807,-0.848146154339916,0.000146448083020116,1
7.498,-0.84796498834177,-1.96398591521176,-2.25017908153843,-2.07173328552138,-0.847965137986693,0.000147102722067462,1
7.5,-0.847783688020809,-1.96606691301684,-2.24978077827019,-2.0700510248514,-0.847783838332937,0.000147758595012447,1
7.502,-0.847602098416022,-1.96814660212046,-2.24937673310314,-2.06837581570231,-0.847602249396634,0.00014841572462887,1
7.504,-0.847420213368938,-1.97022493201797,-2.24896692286628,-2.06670773176579,-0.847420365019337,0.00014907413435998,1
7.506,-0.847238026537173,-1.97230185115295,-2.24855132360724,-2.06504684856706,-0.847238178858685,0.000149733848346745,1
7.508,-0.847055531386546,-1.97437730686286,-2.24812991055539,-2.06339324355625,-0.847055684380524,0.000150394891457663,1
7.51,-0.846872721182754,-1.97645124532128,-2.24770265808274,-2.06174699620523,-0.846872874850576,0.000151057289320229,1
7.512,-0.846689588982585,-1.97852361147634,-2.24726953966267,-2.06010818811052,-0.846689743325655,0.000151721068354144,1
7.514,-0.846506127624627,-1.98059434898512,-2.24683052782627,-2.05847690310252,-0.846506282644378,0.000152386255806425,1
7.516,-0.846322329719448,-1.98266340014369,-2.2463855941161,-2.05685322736175,-0.846322485417341,0.000153052879788527,1
7.518,-0.846138187639202,-1.98473070581251,-2.24593470903717,-2.05523724954253,-0.846138344016728,0.000153720969315611,1
7.52,-0.845953693506623,-1.98679620533665,-2.24547784200508,-2.05362906090461,-0.845953850565304,0.000154390554348127,1
7.522,-0.845768839183365,-1.98885983646055,-2.24501496129089,-2.05202875545357,-0.845768996924754,0.000155061665835874,1
7.524,-0.845583616257634,-1.99092153523688,-2.24454603396266,-2.05043643009051,-0.845583774683316,0.000155734335764723,1
7.526,-0.845398016031067,-1.9929812359288,-2.24407102582326,-2.04885218477191,-0.845398175142661,0.000156408597206185,1
7.528,-0.845212029504794,-1.99503887090533,-2.24358990134433,-2.04727612268043,-0.845212189303954,0.000157084484370051,1
7.53,-0.845025647364625,-1.99709437052904,-2.24310262359593,-2.04570835040757,-0.84502580785304,0.000157762032660347,1
7.532,-0.844838859965297,-1.99914766303542,-2.24260915417161,-2.04414897814927,-0.844839021144695,0.00015844127873483,1
7.534,-0.8446516573137,-2.00119867440322,-2.24210945310859,-2.04259811991543,-0.844651819185846,0.000159122260568335,1
7.536,-0.844464029051007,-2.00324732821493,-2.2416034788025,-2.04105589375473,-0.844464191617707,0.00015980501752025,1
7.538,-0.844275964433619,-2.00529354550648,-2.24109118791641,-2.03952242199601,-0.84427612769672,0.000160489590406474,1
7.54,-0.844087452312828,-2.00733724460507,-2.24057253528358,-2.03799783150763,-0.84408761627422,0.000161176021576202,1
7.542,-0.843898481113089,-2.00937834095425,-2.2400474738033,-2.03648225397671,-0.843898645774708,0.00016186435499395,1
7.544,-0.843709038808793,-2.01141674692459,-2.23951595432951,-2.03497582620983,-0.84370920417262,0.000162554636327253,1
7.546,-0.843519112899401,-2.01345237160902,-2.23897792555127,-2.03347869045735,-0.843519278967466,0.000163246913040523,1
7.548,-0.843328690382813,-2.01548512060081,-2.2384333338645,-2.03199099476367,-0.843328857157196,0.000163941234495572,1
7.55,-0.843137757726806,-2.0175148957529,-2.23788212323427,-2.03051289334579,-0.84313792520964,0.000164637652059427,1
7.552,-0.842946300838373,-2.01954159491619,-2.23732423504656,-2.02904454700324,-0.842946469031844,0.000165336219220044,1
7.554,-0.842754305030775,-2.02156511165491,-2.23675960794884,-2.02758612356225,-0.842754473937127,0.00016603699171065,1
7.556,-0.842561754988103,-2.02358533493646,-2.23618817767805,-2.02613779835807,-0.842561924609638,0.000166740027643489,1
7.558,-0.842368634727104,-2.02560214879297,-2.2356098768751,-2.02469975475892,-0.842368805066185,0.000167445387653858,1
7.56,-0.84217492755603,-2.02761543195133,-2.23502463488441,-2.0232721847366,-0.842175098615088,0.000168153135055393,1
7.562,-0.841980616030224,-2.0296250574283,-2.234432377537,-2.02185528948836,-0.841980787811753,0.000168863336007657,1
7.564,-0.841785681904102,-2.03163089208648,-2.23383302691564,-2.02044928011592,-0.841785854410669,0.000169576059697285,1
7.566,-0.841590106079221,-2.03363279614668,-2.23322650110003,-2.01905437836806,-0.841590279313467,0.000170291378533935,1
7.568,-0.841393868547999,-2.03563062265127,-2.2326127138901,-2.01767081745407,-0.84139404251264,0.000171009368362602,1
7.57,-0.841196948332666,-2.03762421687269,-2.23199157450513,-2.01629884293636,-0.8411971230305,0.000171730108693917,1
7.572,-0.840999323418955,-2.03961341566015,-2.23136298725593,-2.01493871371166,-0.840999498852865,0.000172453682954285,1
7.574,-0.840800970683974,-2.04159804671659,-2.23072685118735,-2.01359070309179,-0.840801146856931,0.000173180178757969,1
7.576,-0.840601865817642,-2.04357792779697,-2.23008305968776,-2.01225509999608,-0.840602042732713,0.000173909688203419,1
7.578,-0.840401983236999,-2.04555286581713,-2.22943150006179,-2.01093221026997,-0.840402160897348,0.000174642308196512,1
7.58,-0.840201295992594,-2.04752265586139,-2.22877205306203,-2.00962235814598,-0.840201474401488,0.000175378140803617,1
7.582,-0.839999775666084,-2.04948708007443,-2.22810459237511,-2.008325887866,-0.839999954826902,0.000176117293637836,1
7.584,-0.839797392258032,-2.05144590642123,-2.22742898405654,-2.00704316548678,-0.839797572174267,0.000176859880282199,1
7.586,-0.839594114064795,-2.05339888729568,-2.22674508590829,-2.00577458089407,-0.839594294740062,0.000177606020754001,1
7.588,-0.839389907543207,-2.05534575795536,-2.22605274679194,-2.00452055005504,-0.839390088981249,0.000178355842015166,1
7.59,-0.839184737161633,-2.05728623475582,-2.2253518058695,-2.00328151754356,-0.839184919366332,0.000179109478534032,1
7.592,-0.838978565235741,-2.05922001315299,-2.22464209176252,-2.0020579593791,-0.838978748211124,0.000179867072904767,1
7.594,-0.838771351747153,-2.06114676543644,-2.22392342161915,-2.00085038622686,-0.838771535497399,0.000180628776531406,1
7.596,-0.838563054142842,-2.0630661381491,-2.22319560007684,-1.99965934701589,-0.838563238672296,0.000181394750384495,1
7.598,-0.838353627112911,-2.06497774914032,-2.22245841810685,-1.99848543304204,-0.838353812426091,0.000182165165839362,1
7.6,-0.838143022344007,-2.06688118418862,-2.22171165172458,-1.99732928263561,-0.838143208445617,0.000182940205606312,1
7.602,-0.837931188245322,-2.06877599311703,-2.22095506054704,-1.99619158648911,-0.837931375140265,0.000183720064764343,1
7.604,-0.837718069643675,-2.07066168530805,-2.22018838617637,-1.99507309375967,-0.837718257337066,0.0001845049519116,1
7.606,-0.837503607443767,-2.07253772450438,-2.21941135038466,-1.99397461908427,-0.837503795940947,0.000185295090447402,1
7.608,-0.837287738249189,-2.07440352275661,-2.21862365307187,-1.99289705067524,-0.837287927555744,0.000186090720002549,1
7.61,-0.837070393939293,-2.0762584333465,-2.21782496996401,-1.99184135969968,-0.837070584061071,0.000186892098036502,1
7.612,-0.836851501196509,-2.07810174247423,-2.2170149500144,-1.99080861119237,-0.836851692139641,0.000187699501621991,1
7.614,-0.836630980978263,-2.07993265944559,-2.21619321246503,-1.98979997680844,-0.836631172749181,0.000188513229439314,1
7.616,-0.836408747927292,-2.08175030502897,-2.21535934351962,-1.98881674979485,-0.836408940532757,0.000189333604003978,1
7.618,-0.83618470971411,-2.08355369756563,-2.21451289257389,-1.98786036265161,-0.836184903161239,0.000190160974151677,1
7.62,-0.835958766305686,-2.08534173630503,-2.21365336794308,-1.98693240807073,-0.83595896060198,0.000190995717803488,1
7.622,-0.835730809155607,-2.08711318129059,-2.21278023202252,-1.98603466389201,-0.835731004308984,0.00019183824502995,1
7.624,-0.835500720313427,-2.08886662892835,-2.21189289581548,-1.98516912300881,-0.835500916332258,0.000192689001423692,1
7.626,-0.835268371455568,-2.09060048211512,-2.21099071276712,-1.98433802940851,-0.835268568348718,0.000193548471773226,1
7.628,-0.835033622848459,-2.09231291346087,-2.21007297185794,-1.98354392185922,-0.835033820625328,0.000194417183999834,1
7.63,-0.834796322268696,-2.09400181968162,-2.20913888994408,-1.98278968717955,-0.834796520939273,0.000195295713267085,1
7.632,-0.834556303928895,-2.09566476461867,-2.20818760339794,-1.98207862558143,-0.834556503503802,0.000196184686084086,1
7.634,-0.834313387497514,-2.09729890750059,-2.2072181592257,-1.9814145312933,-0.834313587988069,0.000197084784076069,1
7.636,-0.834067377366596,-2.09890091192285,-2.20622950605766,-1.98080179259203,-0.834067578784869,0.000197996746851617,1
7.638,-0.833818062429964,-2.1004668294734,-2.2052204857933,-1.98024551653311,-0.833818264788836,0.000198921372991022,1
7.64,-0.83356521681425,-2.10199194985095,-2.20418982735223,-1.97975168507968,-0.833565420127474,0.000199859517509484,1
7.642,-0.833308602303455,-2.10347060657336,-2.20313614513981,-1.97932735092276,-0.8333088065857,0.00020081208303516,1
7.644,-0.833047973693367,-2.10489592387435,-2.20205794682844,-1.97898088278999,-0.833048178960251,0.00020178000009053,1
7.646,-0.832783089134512,-2.10625948628135,-2.20095365847362,-1.97872227072604,-0.832783295402586,0.000202764188791211,1
7.648,-0.832513728877661,-2.10755090843805,-2.19982168080352,-1.97856349993366,-0.832513936164333,0.000203765489205811,1
7.65,-0.832239728030317,-2.10875728140177,-2.19866050027447,-1.97851899333864,-0.832239936353644,0.000204784539404218,1
7.652,-0.831961032347033,-2.10986247005432,-2.19746888484743,-1.97860613846913,-0.831961241744752,0.000205840320994147,1
7.654,-0.831677790947485,-2.110846331178,-2.19624628444063,-1.97884558787142,-0.831678001417913,0.000206894806412884,1
7.656,-0.831390505424669,-2.11168381540495,-2.1949933881204,-1.97926172081879,-0.831390716983685,0.000207964899894149,1
7.658,-0.831100256908936,-2.11234443072952,-2.19371314302725,-1.97988207948734,-0.831100469568342,0.000209046596444789,1
7.66,-0.83080901849697,-2.11279259530138,-2.19241216926046,-1.98073562068839,-0.830809232261103,0.000210132556948632,1
7.662,-0.8305200025079,-2.11299011104929,-2.1911024762218,-1.98184852501751,-0.830520217368915,0.000211210803563155,1
7.664,-0.830237860899088,-2.11290212545603,-2.18980274227165,-1.98323695490583,-0.830238076831459,0.000212263959309554,1
7.666,-0.829968401581554,-2.11250664446731,-2.18853764382022,-1.98489821332026,-0.829968618537651,0.000213270294305358,1
7.668,-0.829717555836439,-2.11180396839506,-2.18733380885221,-1.98680535693081,-0.829717773746015,0.000214207575863209,1
7.67,-0.829489894742018,-2.11081932046218,-2.18621330616973,-1.9889110820716,-0.829490113517344,0.000215058618741419,1
7.672,-0.829287597139672,-2.10959548297162,-2.18518853307888,-1.99116020351096,-0.829287816684617,0.000215815162961965,1
7.674,-0.829110479839171,-2.10818054581617,-2.18426157778064,-1.99350254349988,-0.829110700058188,0.000216477784332739,1
7.676,-0.828956784090926,-2.10661836821439,-2.18342716115095,-1.99589952628677,-0.828957004895068,0.000217052968882586,1
7.678,-0.828824047737061,-2.10494452330247,-2.18267631321419,-1.99832455485463,-0.828824269046676,0.000217549855792861,1
7.68,-0.828709699963906,-2.10318613934091,-2.18199904742563,-2.00076049392747,-0.828709921709076,0.000217978010822107,1
7.682,-0.828611360550905,-2.1013633464927,-2.18138580432471,-2.00319677877818,-0.828611582670731,0.000218346302581387,1
7.684,-0.828526947796658,-2.09949097412309,-2.18082804713137,-2.00562712205515,-0.82852717023814,0.000218662494512319,1
7.686,-0.828454689615978,-2.09757998882728,-2.18031840291731,-2.00804793455158,-0.828454912332844,0.000218933199948996,1
7.688,-0.828393094589621,-2.09563857873499,-2.17985059985581,-2.01045730372152,-0.828393317541263,0.00021916398792116,1
7.69,-0.828340911187009,-2.09367293269175,-2.17941933137173,-2.01285435044979,-0.828341134337576,0.000219359533950332,1
7.692,-0.828297087388997,-2.09168779036271,-2.17902010748029,-2.01523882771003,-0.828297310706638,0.000219523769893196,1
7.694,-0.82826073515398,-2.08968682961749,-2.17864911773593,-2.01761087031989,-0.828260958610222,0.000219660016043822,1
7.696,-0.828231100729469,-2.0876729407718,-2.17830311352822,-2.01997083847794,-0.828231324298706,0.000219771091625828,1
7.698,-0.828207540446497,-2.08564842254587,-2.17797931031764,-2.02231921963013,-0.828207764105573,0.000219859404948544,1
7.7,-0.828189501197038,-2.08361512366972,-2.17767530771264,-2.02465656683656,-0.828189724924905,0.000219927026163463,1
7.702,-0.828176504743152,-2.08157454644886,-2.17738902456302,-2.02698346015175,-0.828176728520579,0.000219975745768249,1
7.704,-0.828168135097058,-2.07952792343459,-2.17711864632286,-2.02930048262319,-0.828168358906404,0.000220007121679106,1
7.706,-0.828164028339564,-2.07747627486225,-2.17686258229444,-2.03160820563483,-0.828164252164572,0.000220022517220979,1
7.708,-0.828163864368667,-2.07542045217661,-2.17661943078021,-2.03390718025038,-0.8281640881943,0.00022002313192488,1
7.71,-0.828167360177112,-2.07336117137565,-2.17638795055392,-2.03619793241545,-0.828167583989413,0.000220010026625299,1
7.712,-0.828174264344512,-2.07129903881842,-2.17616703738799,-2.0384809606361,-0.828174488130483,0.00021998414402822,1
7.714,-0.828184352498288,-2.06923457139498,-2.17595570463864,-2.04075673523529,-0.828184576245788,0.00021994632566507,1
7.716,-0.828197423551252,-2.06716821243408,-2.17575306710065,-2.04302569859987,-0.828197647248905,0.000219897325948779,1
7.718,-0.82821329656506,-2.06510034435714,-2.17555832750909,-2.0452882660328,-0.828213520202182,0.000219837823893919,1
7.72,-0.828231808120874,-2.06303129882493,-2.17537076519447,-2.04754482695795,-0.828232031687406,0.000219768432943454,1
7.722,-0.828252810103332,-2.06096136493524,-2.17518972649896,-2.04979574631182,-0.82825303358978,0.000219689709252268,1
7.724,-0.828276167823193,-2.05889079589289,-2.17501461664002,-2.05204136601459,-0.828276391220577,0.000219602158705913,1
7.726,-0.828301758419021,-2.05681981447284,-2.17484489277003,-2.05428200645148,-0.828301981718832,0.000219506242897124,1
7.728,-0.828329469489963,-2.05474861752272,-2.17468005802899,-2.05651796792092,-0.82832969268412,0.000219402384239012,1
7.73,-0.828359197920932,-2.05267737969558,-2.1745196564258,-2.05874953202349,-0.828359421001751,0.00021929097035937,1
7.732,-0.828390848868745,-2.05060625656167,-2.17436326841434,-2.06097696297671,-0.828391071828902,0.00021917235789351,1
7.734,-0.828424334883563,-2.04853538721588,-2.17421050705452,-2.0632005088486,-0.828424557716069,0.000219046875771405,1
7.736,-0.82845957514459,-2.04646489647364,-2.17406101466849,-2.06542040270767,-0.828459797842766,0.000218914828077737,1
7.738,-0.828496494792678,-2.04439489672867,-2.17391445991726,-2.06763686369017,-0.828496717350132,0.000218776496549674,1
7.74,-0.828535024345471,-2.04232548953153,-2.17377053523606,-2.06985009798762,-0.828535246756077,0.000218632142766032,1
7.742,-0.828575099183135,-2.04025676693678,-2.17362895457693,-2.07206029975841,-0.828575321441013,0.000218482010072486,1
7.744,-0.828616659094674,-2.03818881265687,-2.1734894514154,-2.0742676519684,-0.828616881194177,0.000218326325280188,1
7.746,-0.828659647876464,-2.0361217030545,-2.17335177698493,-2.07647232716505,-0.828659869812159,0.000218165300169086,1
7.748,-0.828704012975931,-2.03405550799886,-2.17321569870867,-2.07867448819041,-0.828704234742588,0.000217999132822358,1
7.75,-0.828749705174402,-2.03199029160714,-2.17308099880245,-2.08087428883737,-0.828749926766977,0.000217828008814304,1
7.752,-0.828796678304048,-2.02992611288853,-2.17294747302712,-2.08307187445407,-0.828796899717677,0.00021765210227066,1
7.754,-0.828844888994611,-2.02786302630542,-2.17281492957134,-2.08526738250052,-0.828845110224595,0.000217471576817478,1
7.756,-0.828894296446202,-2.0258010822638,-2.17268318804876,-2.08746094306162,-0.828894517487998,0.000217286586432427,1
7.758,-0.828944862225003,-2.02374032754294,-2.17255207859573,-2.08965267932028,-0.828945083074217,0.000217097276210368,1
7.76,-0.828996550079149,-2.021680805673,-2.17242144105769,-2.09184270799386,-0.828996770731526,0.000216903783053387,1
7.762,-0.829049325772424,-2.01962255726757,-2.17229112425389,-2.0940311397374,-0.829049546223841,0.000216706236294151,1
7.764,-0.829103156933731,-2.01756562031732,-2.17216098531148,-2.09621807951616,-0.829103377180188,0.000216504758260193,1
7.766,-0.829158012920565,-2.01551003044989,-2.17203088906133,-2.09840362695039,-0.829158232958181,0.000216299464785777,1
7.768,-0.829213864694944,-2.01345582116042,-2.17190070748864,-2.10058787663433,-0.829214084519949,0.000216090465677087,1
7.77,-0.829270684710445,-2.01140302401642,-2.17177031923264,-2.10277091843213,-0.829270904319176,0.000215877865135859,1
7.772,-0.829328446809171,-2.00935166884024,-2.17163960912998,-2.10495283775207,-0.829328666198064,0.000215661762145787,1
7.774,-0.829387126127605,-2.00730178387196,-2.1715084677974,-2.10713371580134,-0.829387345293194,0.000215442250825661,1
7.776,-0.829446699010444,-2.00525339591491,-2.17137679124967,-2.1093136298228,-0.829446917949352,0.000215219420752596,1
7.778,-0.82950714293161,-2.00320653046614,-2.17124448054916,-2.11149265331507,-0.829507361640548,0.000214993357258376,1
7.78,-0.829568436421716,-2.00116121183332,-2.17111144148403,-2.11367085623769,-0.829568654897477,0.000214764141701612,1
7.782,-0.829630559001378,-1.99911746323992,-2.17097758427221,-2.1158483052021,-0.829630777240834,0.000214531851717999,1
7.784,-0.829693491119787,-1.99707530691981,-2.1708428232887,-2.11802506364993,-0.829693709119887,0.00021429656145084,1
7.786,-0.82975721409807,-1.99503476420249,-2.17070707681405,-2.12020119201937,-0.829757431855834,0.000214058341763647,1
7.788,-0.829821710076984,-1.99299585559011,-2.17057026680198,-2.12237674790074,-0.8298219275895,0.000213817260436497,1
7.79,-0.829886961968536,-1.99095860082703,-2.17043231866449,-2.12455178618184,-0.82988717923296,0.000213573382347631,1
7.792,-0.829952953411208,-1.98892301896279,-2.17029316107286,-2.12672635918425,-0.829953170424758,0.000213326769641608,1
7.794,-0.830019668728432,-1.98688912840919,-2.17015272577307,-2.12890051679075,-0.830019885488386,0.000213077481885204,1
7.796,-0.830087092890056,-1.98485694699206,-2.17001094741453,-2.13107430656509,-0.830087309393751,0.000212825576212144,1
7.798,-0.830155211476536,-1.98282649199827,-2.16986776339084,-2.13324777386417,-0.830155427721365,0.000212571107457581,1
7.8,-0.830224010645623,-1.98079778021855,-2.16972311369164,-2.13542096194355,-0.830224226629031,0.000212314128283244,1
7.802,-0.830293477101336,-1.97877082798636,-2.16957694076466,-2.13759391205656,-0.830293692820822,0.000212054689293981,1
7.804,-0.830363598065041,-1.97674565121343,-2.169429189387,-2.1397666635476,-0.830363813518151,0.000211792839146436,1
7.806,-0.830434361248454,-1.97472226542207,-2.16927980654506,-2.14193925393988,-0.830434576432784,0.000211528624650482,1
7.808,-0.830505754828423,-1.97270068577474,-2.16912874132234,-2.14411171901824,-0.830505969741613,0.000211262090863994,1
7.81,-0.830577767423342,-1.97068092710101,-2.16897594479446,-2.14628409290709,-0.830577982063078,0.000210993281181489,1
7.812,-0.830650388071085,-1.9686630039223,-2.16882136993094,-2.14845640814409,-0.830650602435093,0.00021072223741708,1
7.814,-0.830723606208314,-1.96664693047441,-2.16866497150315,-2.1506286957496,-0.830723820294363,0.00021044899988224,1
7.816,-0.830797411651096,-1.96463272072822,-2.16850670599798,-2.15280098529244,-0.830797625456994,0.000210173607458698,1
7.818,-0.830871794576696,-1.96262038840868,-2.1683465315368,-2.15497330495193,-0.830872008100288,0.000209896097666884,1
7.82,-0.830946745506481,-1.96060994701215,-2.16818440779934,-2.15714568157675,-0.83094695874565,0.00020961650673022,1
7.822,-0.831022255289847,-1.95860140982242,-2.16802029595213,-2.15931814074054,-0.831022468242512,0.000209334869635565,1
7.824,-0.831098315089098,-1.95659478992526,-2.16785415858115,-2.16149070679465,-0.831098527753211,0.000209051220190106,1
7.826,-0.831174916365198,-1.95459010022197,-2.16768595962842,-2.16366340291817,-0.831175128738747,0.000208765591074928,1
7.828,-0.831252050864361,-1.9525873534417,-2.16751566433218,-2.16583625116532,-0.831252262945363,0.000208478013895492,1
7.83,-0.831329710605387,-1.95058656215278,-2.16734323917061,-2.16800927251054,-0.831329922391891,0.00020818851922926,1
7.832,-0.831407887867721,-1.94858773877328,-2.16716865180854,-2.17018248689123,-0.831408099357808,0.000207897136670636,1
7.834,-0.831486575180176,-1.94659089558052,-2.16699187104725,-2.1723559132484,-0.831486786371953,0.000207603894873417,1
7.836,-0.831565765310268,-1.94459604471996,-2.16681286677697,-2.17452956956539,-0.831565976201873,0.000207308821590911,1
7.838,-0.831645451254136,-1.94260319821338,-2.16663160993196,-2.17670347290461,-0.831645661843733,0.000207011943713903,1
7.84,-0.831725626227005,-1.94061236796636,-2.16644807244798,-2.17887763944259,-0.831725836512784,0.000206713287306548,1
7.842,-0.831806283654141,-1.93862356577516,-2.16626222722206,-2.1810520845034,-0.831806493634319,0.000206412877640412,1
7.844,-0.831887417162302,-1.93663680333312,-2.16607404807435,-2.18322682259036,-0.831887626835121,0.000206110739226691,1
7.846,-0.831969020571612,-1.9346520922365,-2.1658835097119,-2.1854018674165,-0.831969229935337,0.000205806895846788,1
7.848,-0.832051087887865,-1.93266944398987,-2.16569058769439,-2.18757723193342,-0.832051296940785,0.000205501370581319,1
7.85,-0.832133613295211,-1.9306888700111,-2.16549525840152,-2.18975292835895,-0.832133822035638,0.000205194185837635,1
7.852,-0.832216591149216,-1.92871038163591,-2.16529749900205,-2.19192896820357,-0.832216799575484,0.000204885363376002,1
7.854,-0.83230001597026,-1.92673399012208,-2.1650972874244,-2.19410536229561,-0.832300224080724,0.00020457492433444,1
7.856,-0.832383882437265,-1.92475970665332,-2.16489460232869,-2.19628212080538,-0.832384090230301,0.000204262889252382,1
7.858,-0.832468185380886,-1.92278754104661,-2.16468942049728,-2.19845926153956,-0.83246839285903,0.000203953349002206,1
7.86,-0.832552919781762,-1.92081750695559,-2.16448172712844,-2.20063677687468,-0.83255312693929,0.000203638180669086,1
7.862,-0.832638080757737,-1.91884961404197,-2.16427150035909,-2.20281468341773,-0.832638287593086,0.000203321474541579,1
7.864,-0.832723663565572,-1.9168838732347,-2.16405872151514,-2.20499298892653,-0.832723870077195,0.00020300324897708,1
7.866,-0.832809663592839,-1.91492029539516,-2.16384337254027,-2.20717170060831,-0.832809869779209,0.000202683521838878,1
7.868,-0.832896076353824,-1.91295889132813,-2.16362543596783,-2.20935082513692,-0.832896282213433,0.000202362310511634,1
7.87,-0.83298289748505,-1.9109996717839,-2.16340489490094,-2.21153036867064,-0.832983103016403,0.000202039631918285,1
7.872,-0.833070122741001,-1.90904264746024,-2.1631817329934,-2.21371033686926,-0.833070327942623,0.000201715502536136,1
7.874,-0.833157747990044,-1.90708782900418,-2.16295593443147,-2.21589073491059,-0.833157952860475,0.000201389938412274,1
7.876,-0.833245769210528,-1.90513522701356,-2.16272748391645,-2.21807156750625,-0.833245973748325,0.000201062955178259,1
7.878,-0.833334182487059,-1.90318485203863,-2.16249636664804,-2.22025283891684,-0.833334386690794,0.000200734568064203,1
7.88,-0.833422984006928,-1.90123671458325,-2.16226256830846,-2.22243455296654,-0.833423187875187,0.00020040479191223,1
7.882,-0.833512170056703,-1.89929082510621,-2.16202607504712,-2.22461671305714,-0.833512373588088,0.000200073641189338,1
7.884,-0.833601737018964,-1.89734719402228,-2.16178687346612,-2.22679932218154,-0.833601940212092,0.000199741129999734,1
7.886,-0.833691681369173,-1.89540583170321,-2.1615449506062,-2.22898238293678,-0.833691884222673,0.000199407272096642,1
7.888,-0.83378199967268,-1.8934667484786,-2.16130029393341,-2.23116589753647,-0.833782202185196,0.000199072080893601,1
7.89,-0.833872688581848,-1.89152995463674,-2.16105289132623,-2.23334986782294,-0.833872890752037,0.000198735569475326,1
7.892,-0.833963744833306,-1.88959546042526,-2.16080273106327,-2.23553429527878,-0.833963946659838,0.000198397750608085,1
7.894,-0.834055165245304,-1.8876632760518,-2.16054980181148,-2.23771918103807,-0.834055366726861,0.000198058636749682,1
7.896,-0.83414694671518,-1.88573341168453,-2.16029409261477,-2.23990452589712,-0.834147147850458,0.000197718240059017,1
7.898,-0.834239086216932,-1.88380587745266,-2.16003559288316,-2.24209033032496,-0.834239287004637,0.000197376572405284,1
7.9,-0.83433158079888,-1.88188068344684,-2.15977429238235,-2.24427659447331,-0.834331781237731,0.000197033645376776,1
7.902,-0.834424427581425,-1.8799578397195,-2.15951018122362,-2.24646331818631,-0.834424627670154,0.000196689470289364,1
7.904,-0.834517623754896,-1.87803735628517,-2.1592432498542,-2.24865050100989,-0.834517823492243,0.000196344058194643,1
7.906,-0.834611166577479,-1.87611924312072,-2.158973489048,-2.25083814220077,-0.834611365962196,0.000195997419887748,1
7.908,-0.834705053373222,-1.87420351016554,-2.15870088989669,-2.25302624073524,-0.834705252404074,0.000195649565914888,1
7.91,-0.834799281530127,-1.87229016732171,-2.15842544380108,-2.25521479531758,-0.834799480205887,0.000195300506580586,1
7.912,-0.834893848498303,-1.8703792244541,-2.15814714246287,-2.25740380438826,-0.834894046817755,0.000194950251954634,1
7.914,-0.834988751788197,-1.86847069139044,-2.15786597787668,-2.25959326613177,-0.834988949750135,0.000194598811878808,1
7.916,-0.835083988968883,-1.86656457792134,-2.15758194232241,-2.26178317848432,-0.835084186572112,0.00019424619597332,1
7.918,-0.835179557666424,-1.8646608938003,-2.15729502835782,-2.26397353914122,-0.835179754909756,0.000193892413643024,1
7.92,-0.835275455562283,-1.86275964874368,-2.15700522881142,-2.26616434556403,-0.835275652444542,0.000193537474083426,1
7.922,-0.835371680391805,-1.86086085243062,-2.15671253677562,-2.26835559498749,-0.835371876911822,0.000193181386286432,1
7.924,-0.835468229942738,-1.85896451450293,-2.15641694560011,-2.27054728442623,-0.835468426099354,0.000192824159045933,1
7.926,-0.835565102053825,-1.85707064456504,-2.15611844888545,-2.27273941068129,-0.83556529784589,0.000192465800963151,1
7.928,-0.835662294613432,-1.85517925218381,-2.15581704047694,-2.27493197034642,-0.835662490039804,0.000192106320451824,1
7.93,-0.83575980555823,-1.85329034688835,-2.15551271445864,-2.2771249598142,-0.835760000617775,0.000191745725743196,1
7.932,-0.835857632871923,-1.85140393816989,-2.15520546514767,-2.27931837528193,-0.835857827563517,0.000191384024890832,1
7.934,-0.835955774584024,-1.84952003548154,-2.15489528708862,-2.28151221275745,-0.835955968906548,0.000191021225775267,1
7.936,-0.836054228768663,-1.84763864823808,-2.15458217504823,-2.28370646806467,-0.83605442272101,0.0001906573361085,1
7.938,-0.836152993543451,-1.84575978581575,-2.15426612401018,-2.28590113684895,-0.836153187124517,0.000190292363438325,1
7.94,-0.836252067068366,-1.84388345755195,-2.15394712917011,-2.28809621458246,-0.836252260277058,0.000189926315152522,1
7.942,-0.836351447544692,-1.84200967274504,-2.15362518593075,-2.2902916965692,-0.836351640379923,0.000189559198482904,1
7.944,-0.836451133213983,-1.84013844065401,-2.1533002898973,-2.29248757794998,-0.836451325674673,0.000189191020509235,1
7.946,-0.836551122357068,-1.83826977049822,-2.1529724368728,-2.29468385370725,-0.836551314442145,0.000188821788162991,1
7.948,-0.836651413293086,-1.83640367145712,-2.15264162285387,-2.29688051866978,-0.836651605001483,0.000188451508231044,1
7.95,-0.83675200437855,-1.83454015266989,-2.15230784402637,-2.29907756751718,-0.836752195709209,0.000188080187359185,1
7.952,-0.836852894006451,-1.83267922323519,-2.15197109676134,-2.30127499478438,-0.836853084958321,0.000187707832055541,1
7.954,-0.836954080605384,-1.83082089221078,-2.15163137761101,-2.30347279486588,-0.836954271177417,0.000187334448693894,1
7.956,-0.837055562638699,-1.82896516861326,-2.15128868330496,-2.30567096201993,-0.837055752829856,0.000186960043516883,1
7.958,-0.837157338603689,-1.82711206141763,-2.15094301074636,-2.30786949037268,-0.837157528412937,0.000186584622639104,1
7.96,-0.837259407030795,-1.82526157955706,-2.15059435700841,-2.31006837392204,-0.837259596457108,0.000186208192050119,1
7.962,-0.837361766482845,-1.82341373192247,-2.15024271933073,-2.3122676065416,-0.837361955525201,0.000185830757617355,1
7.964,-0.837464415554307,-1.82156852736219,-2.14988809511609,-2.31446718198436,-0.83746460421169,0.000185452325088932,1
7.966,-0.83756735287057,-1.81972597468164,-2.14953048192699,-2.3166670938864,-0.837567541141971,0.000185072900096389,1
7.968,-0.837670577087255,-1.81788608264294,-2.14916987748256,-2.31886733577042,-0.83767076497167,0.000184692488157326,1
7.97,-0.83777408688921,-1.81604885958207,-2.14880627847368,-2.32106790442235,-0.837774274387333,0.000184312766216706,1
7.972,-0.837877880991385,-1.81421431494506,-2.14843968528221,-2.32326878639998,-0.83787806810053,0.000183930396240878,1
7.974,-0.837981958135316,-1.81238245696903,-2.14807009490431,-2.3254699782829,-0.837982144854495,0.000183547055213209,1
7.976,-0.838086317091224,-1.81055329424309,-2.14769750565261,-2.32767147317298,-0.838086503419454,0.000183162748219554,1
7.978,-0.838190956656145,-1.80872683530745,-2.14732191598434,-2.32987326407635,-0.83819114259245,0.00018277748024478,1
7.98,-0.838295875653593,-1.80690308865678,-2.14694332449603,-2.33207534390532,-0.838296061196998,0.000182391256174077,1
7.982,-0.838401072932993,-1.80508206273991,-2.14656172992084,-2.33427770548132,-0.838401258082531,0.000182004080795105,1
7.984,-0.838506547369143,-1.80326376595944,-2.14617713112607,-2.33648034153783,-0.838506732123852,0.000181615958800051,1
7.986,-0.838612297861683,-1.80144820667137,-2.14578952711069,-2.33868324472319,-0.838612482220604,0.000181226894787655,1
7.988,-0.838718323334581,-1.79963539318471,-2.14539891700297,-2.34088640760336,-0.83871850729676,0.000180836893265159,1
7.99,-0.838824622735637,-1.79782533376114,-2.1450053000581,-2.34308982266463,-0.838824806300126,0.00018044595865019,1
7.992,-0.838931195036004,-1.79601803661463,-2.144608675656,-2.34529348231626,-0.838931378201857,0.000180054095272617,1
7.994,-0.83903803922971,-1.7942135099111,-2.14420904329906,-2.347497378893,-0.839038221995987,0.000179661307376324,1
7.996,-0.83914515433321,-1.79241176176797,-2.14380640261006,-2.34970150465767,-0.839145336698975,0.000179267599120966,1
7.998,-0.83925253938494,-1.79061280025389,-2.14340075333002,-2.35190585180353,-0.839252721349259,0.000178872974583641,1
8,-0.839360193444887,-1.78881663338833,-2.14299209531621,-2.35411041245675,-0.839360375006834,0.000178477437760535,1
8.002,-0.839468115594173,-1.78702326914126,-2.14258042854018,-2.35631517867865,-0.839468296752824,0.000178080992568519,1
8.004,-0.839576304934648,-1.7852327154327,-2.14216575308586,-2.35852014246808,-0.839576485689082,0.000177683642846696,1
8.006,-0.839684760588495,-1.78344498013249,-2.14174806914759,-2.36072529576358,-0.839684940937795,0.000177285392357907,1
8.008,-0.839793481697847,-1.78166007105984,-2.14132737702844,-2.36293063044559,-0.839793661641102,0.000176886244790199,1
8.01,-0.839902467424414,-1.77987799598301,-2.14090367713832,-2.36513613833857,-0.839902646960715,0.000176486203758245,1
8.012,-0.840011716949123,-1.77809876261898,-2.14047696999229,-2.36734181121305,-0.840011896077563,0.000176085272804733,1
8.014,-0.840121229471759,-1.77632237863307,-2.1400472562089,-2.36954764078773,-0.840121408191438,0.000175683455401715,1
8.016,-0.840231004210631,-1.77454885163865,-2.13961453650849,-2.3717536187314,-0.84023118252065,0.000175280754951912,1
8.018,-0.840341040402231,-1.77277818919672,-2.13917881171164,-2.3739597366649,-0.840341218301695,0.00017487717479,1
8.02,-0.840451337300915,-1.77101039881566,-2.13874008273758,-2.37616598616306,-0.840451514788932,0.000174472718183836,1
8.022,-0.840561894178581,-1.76924548795084,-2.13829835060266,-2.37837235875649,-0.840562071254264,0.000174067388335687,1
8.024,-0.840672710324372,-1.76748346400433,-2.13785361641891,-2.38057884593345,-0.840672886986835,0.000173661188383386,1
8.026,-0.840783785044368,-1.76572433432453,-2.13740588139252,-2.38278543914158,-0.840783961292729,0.000173254121401491,1
8.028,-0.840895117661298,-1.76396810620589,-2.13695514682248,-2.38499212978971,-0.840895293494679,0.00017284619040239,1
8.03,-0.841006707514262,-1.76221478688857,-2.13650141409919,-2.38719890924945,-0.841006882931785,0.000172437398337393,1
8.032,-0.841118553958447,-1.76046438355814,-2.13604468470309,-2.38940576885695,-0.841118728959241,0.000172027748097786,1
8.034,-0.841230656364866,-1.75871690334523,-2.13558496020338,-2.3916126999145,-0.841230830948059,0.000171617242515863,1
8.036,-0.841343014120094,-1.7569723533253,-2.13512224225671,-2.39381969369206,-0.84134318828482,0.000171205884365916,1
8.038,-0.841455626626013,-1.75523074051824,-2.13465653260593,-2.39602674142892,-0.841455800371407,0.000170793676365238,1
8.04,-0.841568493299567,-1.75349207188816,-2.1341878330789,-2.39823383433511,-0.841568666624768,0.00017038062117504,1
8.042,-0.841681613572521,-1.75175635434303,-2.13371614558724,-2.400440963593,-0.84168178647667,0.000169966721401409,1
8.044,-0.841794986891224,-1.75002359473443,-2.13324147212523,-2.40264812035867,-0.841795159373463,0.000169551979596191,1
8.046,-0.841908612716382,-1.74829379985723,-2.13276381476859,-2.40485529576338,-0.841908784775858,0.000169136398257877,1
8.048,-0.842022490522833,-1.74656697644936,-2.13228317567345,-2.40706248091496,-0.842022662158694,0.00016871997983247,1
8.05,-0.842136619799337,-1.74484313119145,-2.13179955707522,-2.40926966689917,-0.842136791010733,0.0001683027267143,1
8.052,-0.842251000048356,-1.74312227070665,-2.13131296128752,-2.41147684478104,-0.842251170834442,0.000167884641246857,1
8.054,-0.842365630785854,-1.74140440156028,-2.13082339070117,-2.41368400560617,-0.842365801145785,0.000167465725723578,1
8.056,-0.842480511541094,-1.73968953025959,-2.13033084778316,-2.41589114040203,-0.842480681474028,0.000167045982388625,1
8.058,-0.842595641856446,-1.73797766325354,-2.12983533507564,-2.4180982401792,-0.842595811361542,0.000166625413437629,1
8.06,-0.842711021287191,-1.73626880693249,-2.129336855195,-2.4203052959326,-0.842711190363612,0.000166204021018443,1
8.062,-0.842826649401339,-1.73456296762794,-2.12883541083089,-2.42251229864268,-0.84282681804825,0.000165781807231846,1
8.064,-0.84294252577945,-1.73286015161234,-2.12833100474528,-2.42471923927662,-0.842942693996018,0.000165358774132247,1
8.066,-0.843058650014455,-1.73116036509878,-2.1278236397716,-2.42692610878946,-0.843058817799847,0.000164934923728369,1
8.068,-0.843175021711485,-1.72946361424082,-2.12731331881381,-2.42913289812521,-0.843175189064872,0.00016451025798391,1
8.07,-0.843291640487703,-1.72776990513218,-2.12680004484557,-2.431339598218,-0.843291807408258,0.0001640847788182,1
8.072,-0.843408505972144,-1.72607924380654,-2.12628382090936,-2.43354619999311,-0.843408672459042,0.000163658488106822,1
8.074,-0.843525617805552,-1.72439163623735,-2.12576465011568,-2.43575269436807,-0.843525783857969,0.000163231387682244,1
8.076,-0.843642975640229,-1.72270708833753,-2.12524253564223,-2.43795907225364,-0.843643141257342,0.000162803479334409,1
8.078,-0.843760579139881,-1.72102560595933,-2.12471748073313,-2.44016532455487,-0.843760744320871,0.000162374764811327,1
8.08,-0.843878427979473,-1.71934719489405,-2.12418948869813,-2.44237144217204,-0.843878592723521,0.000161945245819651,1
8.082,-0.843996521845084,-1.71767186087188,-2.12365856291185,-2.44457741600169,-0.843996686151373,0.000161514924025235,1
8.084,-0.844114860433767,-1.71599960956168,-2.12312470681307,-2.44678323693748,-0.844115024301483,0.000161083801053673,1
8.086,-0.844233443453416,-1.71433044657073,-2.12258792390396,-2.44898889587123,-0.844233606881745,0.000160651878490839,1
8.088,-0.84435227062263,-1.71266437744463,-2.12204821774941,-2.45119438369371,-0.84435243361076,0.000160219157883403,1
8.09,-0.844471341670583,-1.71100140766701,-2.12150559197633,-2.4533996912956,-0.844471504217705,0.000159785640739341,1
8.092,-0.844590656336904,-1.7093415426594,-2.12096005027296,-2.45560480956834,-0.844590818442208,0.000159351328528419,1
8.094,-0.844710214371544,-1.70768478778103,-2.12041159638821,-2.45780972940495,-0.844710376034223,0.000158916222682692,1
8.096,-0.844830015534665,-1.70603114832865,-2.11986023413102,-2.46001444170091,-0.844830176753913,0.000158480324596957,1
8.098,-0.844950059596518,-1.70438062953635,-2.11930596736971,-2.46221893735493,-0.84495022037153,0.000158043635629225,1
8.1,-0.845070346337332,-1.70273323657537,-2.1187488000314,-2.46442320726974,-0.845070506667306,0.000157606157101164,1
8.102,-0.845190875547204,-1.70108897455399,-2.11818873610133,-2.46662724235291,-0.845191035431337,0.000157167890298531,1
8.104,-0.845311647025986,-1.69944784851731,-2.11762577962235,-2.46883103351756,-0.845311806463478,0.000156728836471612,1
8.106,-0.845432660583184,-1.6978098634471,-2.11705993469427,-2.47103457168311,-0.845432819573235,0.000156288996835624,1
8.108,-0.845553916037855,-1.69617502426167,-2.11649120547335,-2.47323784777603,-0.845554074579667,0.000155848372571124,1
8.11,-0.845675413218505,-1.69454333581571,-2.11591959617169,-2.4754408527305,-0.845675571311282,0.000155406964824417,1
8.112,-0.845797151962995,-1.69291480290011,-2.11534511105673,-2.47764357748916,-0.84579730960594,0.000154964774707921,1
8.114,-0.845919132118441,-1.69128943024185,-2.1147677544507,-2.47984601300373,-0.84591928931076,0.000154521803300565,1
8.116,-0.846041353541128,-1.68966722250389,-2.1141875307301,-2.4820481502357,-0.846041510282026,0.000154078051648147,1
8.118,-0.846163816096413,-1.68804818428493,-2.11360444432521,-2.48424998015695,-0.846163972385099,0.00015363352076369,1
8.12,-0.846286519658645,-1.68643232011941,-2.11301849971956,-2.4864514937504,-0.846286675494326,0.000153188211627796,1
8.122,-0.846409464111073,-1.68481963447729,-2.1124297014495,-2.48865268201062,-0.846409619492958,0.000152742125188991,1
8.124,-0.846532649345765,-1.68321013176394,-2.11183805410366,-2.49085353594441,-0.846532804273065,0.000152295262364047,1
8.126,-0.846656075263531,-1.68160381632008,-2.11124356232252,-2.49305404657142,-0.846656229735457,0.000151847624038314,1
8.128,-0.846779741773839,-1.68000069242157,-2.110646230798,-2.49525420492463,-0.846779895789603,0.000151399211066041,1
8.13,-0.846903648794739,-1.67840076427938,-2.11004606427293,-2.49745400205104,-0.846903802353554,0.000150950024270678,1
8.132,-0.847027796252794,-1.67680403603944,-2.1094430675407,-2.49965342901209,-0.847027949353873,0.000150500064445176,1
8.134,-0.847152184082999,-1.67521051178253,-2.10883724544476,-2.50185247688425,-0.847152336725557,0.000150049332352285,1
8.136,-0.847276812228718,-1.67362019552421,-2.1082286028783,-2.50405113675951,-0.84727696441197,0.000149597828724836,1
8.138,-0.84740168064161,-1.67203309121471,-2.10761714478378,-2.50624939974588,-0.847401832364772,0.000149145554266028,1
8.14,-0.847526789281568,-1.6704492027388,-2.10700287615255,-2.5084472569679,-0.847526940543857,0.000148692509649685,1
8.142,-0.847652138116647,-1.66886853391575,-2.10638580202449,-2.51064469956707,-0.847652288917279,0.00014823869552054,1
8.144,-0.847777727123009,-1.66729108849924,-2.10576592748763,-2.51284171870235,-0.847777877461202,0.000147784112494472,1
8.146,-0.847903556284853,-1.66571687017722,-2.10514325767776,-2.5150383055506,-0.847903706159826,0.000147328761158781,1
8.148,-0.848029625594363,-1.6641458825719,-2.10451779777812,-2.51723445130697,-0.848029775005335,0.000146872642072408,1
8.15,-0.848155935051,-1.66257812895623,-2.10388954988103,-2.51943015480549,-0.84815608400109,0.000146419617348281,1
8.152,-0.848282484664581,-1.66101361340322,-2.10325852553044,-2.52162539203187,-0.848282633149108,0.000145961963614821,1
8.154,-0.848409274449162,-1.65945233902897,-2.10262472692608,-2.52382016187,-0.848409422467347,0.00014550354364057,1
8.156,-0.848536304428838,-1.65789430920103,-2.10198815943234,-2.52601445558849,-0.848536451979901,0.000145044357871451,1
8.158,-0.848663574634874,-1.65633952721165,-2.1013488284646,-2.52820826448019,-0.848663721718037,0.000144584406728129,1
8.16,-0.848791085106192,-1.65478799628693,-2.1007067394837,-2.53040157985869,-0.848791231720677,0.000144123690604263,1
8.162,-0.848918835889331,-1.65323971958669,-2.10006189799568,-2.53259439305858,-0.848918982034359,0.000143662209866712,1
8.164,-0.849046827038391,-1.65169470020448,-2.09941430955149,-2.53478669543582,-0.849046972713186,0.000143199964855726,1
8.166,-0.849175058615,-1.65015294116752,-2.0987639797467,-2.53697847836809,-0.849175203818784,0.000142736955885135,1
8.168,-0.849303530688259,-1.64861444543661,-2.09811091422126,-2.53916973325504,-0.849303675420255,0.000142273183242544,1
8.17,-0.849432243334707,-1.64707921590613,-2.0974551186592,-2.54136045151868,-0.849432387594139,0.000141808647189506,1
8.172,-0.849561196638278,-1.64554725540395,-2.09679659878841,-2.54355062460362,-0.849561340424369,0.000141343347961705,1
8.174,-0.849690390690261,-1.64401856669147,-2.0961353603804,-2.54574024397736,-0.849690534002235,0.000140877285769118,1
8.176,-0.849819825589264,-1.64249315246348,-2.09547140925004,-2.54792930113058,-0.849819968426346,0.000140410460796186,1
8.178,-0.849949501441177,-1.64097101534822,-2.09480475125531,-2.5501177875774,-0.849949643802591,0.000139942873201979,1
8.18,-0.850079418359136,-1.63945215790728,-2.09413539229715,-2.55230569485561,-0.850079560244105,0.000139474523120342,1
8.182,-0.850209576463488,-1.63793658263563,-2.09346333831919,-2.55449301452695,-0.850209717871237,0.000139005410660051,1
8.184,-0.850339975881761,-1.63642429196153,-2.09278859530755,-2.55667973817731,-0.850340116811515,0.000138535535904962,1
8.186,-0.850470616748631,-1.63491528824656,-2.09211116929065,-2.55886585741697,-0.850470757199616,0.000138064898914145,1
8.188,-0.850601499205894,-1.63340957378557,-2.09143106633904,-2.5610513638808,-0.850601639177332,0.000137593499722034,1
8.19,-0.850732623402434,-1.63190715080668,-2.09074829256517,-2.56323624922848,-0.850732762893551,0.000137121338338542,1
8.192,-0.850863989494196,-1.63040802147125,-2.09006285412326,-2.56542050514465,-0.850864128504216,0.000136648414749206,1
8.194,-0.850995597644163,-1.62891218787387,-2.08937475720911,-2.56760412333916,-0.850995736172312,0.000136174728915299,1
8.196,-0.851127448022327,-1.62741965204235,-2.08868400805992,-2.56978709554718,-0.851127586067827,0.000135700280773961,1
8.198,-0.851259540805664,-1.6259304159377,-2.08799061295418,-2.57196941352938,-0.851259678367742,0.000135225070238302,1
8.2,-0.851391876178119,-1.62444448145417,-2.08729457821149,-2.57415106907212,-0.851392013255998,0.000134749097197519,1
8.202,-0.851524454330572,-1.62296185041916,-2.08659591019244,-2.57633205398754,-0.851524590923476,0.00013427236151701,1
8.204,-0.851657275460826,-1.6214825245933,-2.08589461529845,-2.57851236011372,-0.85165741156798,0.000133794863038463,1
8.206,-0.851790339773589,-1.62000650567039,-2.08519069997169,-2.58069197931484,-0.851790475394216,0.000133316601579967,1
8.208,-0.851923647480446,-1.61853379527747,-2.08448417069492,-2.58287090348121,-0.851923782613771,0.0001328375769361,1
8.21,-0.852057198799852,-1.61706439497474,-2.08377503399139,-2.58504912452947,-0.852057333445096,0.000132357788878027,1
8.212,-0.852190993957107,-1.61559830625562,-2.08306329642476,-2.58722663440261,-0.852191128113495,0.00013187723715358,1
8.214,-0.852325033184349,-1.61413553054673,-2.08234896459897,-2.58940342507014,-0.852325166851103,0.000131395921487347,1
8.216,-0.852459316720533,-1.61267606920793,-2.08163204515818,-2.59157948852809,-0.852459449896876,0.000130913841580749,1
8.218,-0.852593844811422,-1.61121992353232,-2.08091254478666,-2.59375481679914,-0.852593977496577,0.00013043099711212,1
8.22,-0.852728617709572,-1.60976709474622,-2.08019047020876,-2.59592940193265,-0.85272874990276,0.000129947387736775,1
8.222,-0.852863635674325,-1.60831758400921,-2.07946582818877,-2.59810323600472,-0.852863767374768,0.000129463013087081,1
8.224,-0.852998898971793,-1.60687139241415,-2.07873862553094,-2.60027631111826,-0.852999030178712,0.000128977872772526,1
8.226,-0.853134407874856,-1.60542852098721,-2.07800886907936,-2.602448619403,-0.853134538587471,0.000128491966379769,1
8.228,-0.853270162663146,-1.60398897068784,-2.07727656571795,-2.60462015301551,-0.853270292880678,0.000128005293472717,1
8.23,-0.853406163623048,-1.60255274240884,-2.07654172237042,-2.60679090413924,-0.853406293344716,0.000127517853592562,1
8.232,-0.853542411047688,-1.60111983697634,-2.07580434600023,-2.60896086498455,-0.853542540272711,0.000127029646257844,1
8.234,-0.853678905236929,-1.59969025514985,-2.07506444361054,-2.61113002778868,-0.853679033964526,0.000126540670964493,1
8.236,-0.853815646497368,-1.5982639976223,-2.07432202224425,-2.61329838481572,-0.853815774726759,0.000126050927185879,1
8.238,-0.853952635142336,-1.59684106501999,-2.07357708898392,-2.61546592835668,-0.853952762872736,0.000125560414372847,1
8.24,-0.854089871491885,-1.59542145790272,-2.07282965095182,-2.61763265072939,-0.854089998722514,0.000125069131953763,1
8.242,-0.8542273558728,-1.59400517676371,-2.07207971530992,-2.61979854427852,-0.854227482602873,0.000124577079334538,1
8.244,-0.854365088618591,-1.59259222202974,-2.07132728925988,-2.62196360137549,-0.854365214847323,0.000124084255898669,1
8.246,-0.854503070069491,-1.59118259406107,-2.07057238004308,-2.6241278144185,-0.854503195796098,0.000123590661007265,1
8.248,-0.854641300572465,-1.58977629315153,-2.06981499494066,-2.62629117583239,-0.854641425796162,0.000123096293999071,1
8.25,-0.854779780481208,-1.58837331952857,-2.06905514127352,-2.62845367806863,-0.854779905201209,0.000122601154190491,1
8.252,-0.854918510156148,-1.58697367335323,-2.0682928264024,-2.63061531360525,-0.854918634371665,0.000122105240875602,1
8.254,-0.85505748996445,-1.5855773547202,-2.06752805772787,-2.63277607494675,-0.855057613674697,0.000121608553326183,1
8.256,-0.855196720280025,-1.58418436365787,-2.06676084269046,-2.63493595462399,-0.855196843484212,0.000121111090791708,1
8.258,-0.855336201483531,-1.58279470012835,-2.06599118877063,-2.63709494519416,-0.85533632418087,0.000120612852499371,1
8.26,-0.855475933962381,-1.5814083640275,-2.06521910348894,-2.63925303924059,-0.855476056152081,0.000120113837654091,1
8.262,-0.855615918110754,-1.58002535518494,-2.06444459440602,-2.64141022937274,-0.855616039792025,0.000119614045438505,1
8.264,-0.8557561543296,-1.57864567336415,-2.06366766912273,-2.64356650822598,-0.85575627550165,0.00011911347501298,1
8.266,-0.855896643026651,-1.57726931826243,-2.06288833528025,-2.64572186846156,-0.855896763688688,0.000118612125515602,1
8.268,-0.856037384616431,-1.575896289511,-2.06210660056011,-2.6478763027664,-0.856037504767661,0.000118109996062181,1
8.27,-0.856178379520268,-1.57452658667497,-2.06132247268436,-2.65002980385301,-0.856178499159897,0.000117607085746225,1
8.272,-0.856319628166307,-1.57316020925344,-2.06053595941568,-2.65218236445928,-0.85631974729354,0.000117103393638947,1
8.274,-0.85646113098952,-1.57179715667948,-2.05974706855745,-2.6543339773484,-0.856461249603561,0.000116598918789234,1
8.276,-0.856602888431723,-1.5704374283202,-2.05895580795395,-2.65648463530862,-0.856603006531773,0.000116093660223647,1
8.278,-0.85674490094159,-1.56908102347678,-2.05816218549043,-2.65863433115312,-0.856745018526852,0.000115587616946381,1
8.28,-0.856887168974666,-1.56772794138449,-2.05736620909331,-2.66078305771982,-0.856887286044341,0.00011508078793926,1
8.282,-0.85702969299339,-1.56637818121275,-2.05656788673029,-2.6629308078712,-0.857029809546677,0.000114573172161695,1
8.284,-0.857172473467106,-1.56503174206511,-2.05576722641053,-2.66507757449411,-0.857172589503203,0.000114064768550666,1
8.286,-0.857315510871523,-1.56368862314557,-2.05496423278595,-2.66722335791742,-0.857315626393503,0.000113559409516547,1
8.288,-0.857458805691513,-1.56234882310884,-2.05415892073875,-2.66936813623282,-0.857458920694695,0.000113049426164533,1
8.29,-0.857602358415629,-1.56101234100346,-2.05335129501725,-2.67151190982874,-0.85760247289921,0.000112538651655703,1
8.292,-0.857746169541571,-1.55967917567885,-2.05254136379371,-2.673654671683,-0.857746283504744,0.000112027084835041,1
8.294,-0.857890239573515,-1.55834932590993,-2.05172913528726,-2.67579641480107,-0.857890353015473,0.000111514724526801,1
8.296,-0.858034569022667,-1.55702279040599,-2.05091461775961,-2.67793713221144,-0.858034681942601,0.000111001569532566,1
8.298,-0.858179158407286,-1.55569956781071,-2.05009781951529,-2.68007681696537,-0.858179270804387,0.000110487618631196,1
8.3,-0.858324008252714,-1.55437965670219,-2.04927874890186,-2.6822154621367,-0.858324120126171,0.000109972870578773,1
8.302,-0.858469119091396,-1.55306305559301,-2.04845741431013,-2.68435306082148,-0.858469230440396,0.000109457324108547,1
8.304,-0.858614491462904,-1.5517497629302,-2.04763382417443,-2.68648960613779,-0.858614602286635,0.000108940977930883,1
8.306,-0.858760125913974,-1.55043977709531,-2.04680798697285,-2.68862509122542,-0.858760236211621,0.00010842383073319,1
8.308,-0.858906022998524,-1.54913309640444,-2.04597991122748,-2.69075950924559,-0.85890613276927,0.000107905881179861,1
8.31,-0.85905218327769,-1.54782971910823,-2.04514960550474,-2.69289285338064,-0.859052292520718,0.000107387127912206,1
8.312,-0.859198607319851,-1.54652964339191,-2.04431707841557,-2.69502511683378,-0.859198716034341,0.000106867569548386,1
8.314,-0.859345295700661,-1.54523286737532,-2.0434823386158,-2.69715629282872,-0.859345403885794,0.000106347204683331,1
8.316,-0.859492249003084,-1.54393938911293,-2.04264539480641,-2.69928637460937,-0.859492356658037,0.00010582603188867,1
8.318,-0.859639467817423,-1.54264920659383,-2.04180625573382,-2.70141535543956,-0.859639574941373,0.000105304049712652,1
8.32,-0.859786952741355,-1.54136231774181,-2.04096493019024,-2.70354322860262,-0.859787059333477,0.000104781256680055,1
8.322,-0.859934704379965,-1.5400787204153,-2.04012142701396,-2.70566998740114,-0.859934810439432,0.000104257651292116,1
8.324,-0.860082723345782,-1.53879841240746,-2.03927575508973,-2.70779562515654,-0.860082828871767,0.00010373323202643,1
8.326,-0.860231010258814,-1.53752139144611,-2.03842792334906,-2.70992013520874,-0.860231115250487,0.000103207997336871,1
8.328,-0.860379565746588,-1.53624765519384,-2.03757794077057,-2.71204351091582,-0.860379670203118,0.000102681945653479,1
8.33,-0.860528390444184,-1.53497720124792,-2.0367258163804,-2.71416574565362,-0.860528494364739,0.000102155075382387,1
8.332,-0.86067748499428,-1.53371002714037,-2.03587155925255,-2.71628683281538,-0.860677588378025,0.0001016273849057,1
8.334,-0.860826850047186,-1.53244613033795,-2.03501517850927,-2.71840676581131,-0.860826952893286,0.000101098872581407,1
8.336,-0.860976486260889,-1.53118550824214,-2.03415668332146,-2.72052553806824,-0.860976588568505,0.000100569536743265,1
8.338,-0.861126394301094,-1.52992815818919,-2.03329608290905,-2.72264314302921,-0.861126496069387,0.000100039375700694,1
8.34,-0.861276574841267,-1.52867407745007,-2.03243338654145,-2.72475957415303,-0.861276676069396,9.95083877386628e-05,1
8.342,-0.861427028562678,-1.52742326323046,-2.03156860353795,-2.72687482491386,-0.861427129249799,9.89765711175771e-05,1
8.344,-0.861577756154449,-1.5261757126708,-2.03070174326819,-2.72898888880083,-0.861577856299718,9.84439240731552e-05,1
8.346,-0.861728758313596,-1.52493142284624,-2.02983281515254,-2.73110175931754,-0.861728857916167,9.79104448163116e-05,1
8.348,-0.86188003574508,-1.52369039076662,-2.02896182866263,-2.73321342998164,-0.861880134804104,9.7376131533029e-05,1
8.35,-0.862031589161853,-1.52245261337647,-2.0280887933218,-2.73532389432438,-0.86203168767648,9.6840982384224e-05,1
8.352,-0.862183419284905,-1.52121808755501,-2.02721371870554,-2.73743314589017,-0.862183517254282,9.63049955056389e-05,1
8.354,-0.862335526843319,-1.51998681011609,-2.02633661444203,-2.73954117823603,-0.862335624266592,9.57681690076725e-05,1
8.356,-0.862487912574009,-1.51875877804321,-2.02545748807351,-2.74164798937013,-0.86248800945267,9.52328176222968e-05,1
8.358,-0.862640577223332,-1.51753398755825,-2.02457635360859,-2.74375356399106,-0.862640673554174,9.46943056041265e-05,1
8.36,-0.862793521544001,-1.51631243549985,-2.02369321870464,-2.74585790013699,-0.862793617326164,9.41549481447764e-05,1
8.362,-0.862946746298303,-1.51509411842542,-2.02280809320315,-2.74796099140805,-0.862946841530925,9.36147432508062e-05,1
8.364,-0.863100252256559,-1.51387903282163,-2.02192098700348,-2.75006283141722,-0.863100346938776,9.30736889038614e-05,1
8.366,-0.863254040197505,-1.51266717510964,-2.02103191006085,-2.7521634137871,-0.863254134328451,9.25317830593779e-05,1
8.368,-0.863408110908348,-1.51145854164503,-2.02014087238697,-2.75426273214941,-0.863408204487155,9.19890236464352e-05,1
8.37,-0.863562465184823,-1.51025312871772,-2.01924788405054,-2.75636078014444,-0.86356255821062,9.14454085675874e-05,1
8.372,-0.863717103831257,-1.509050932552,-2.01835295517796,-2.7584575514205,-0.863717196303171,9.09009356987015e-05,1
8.374,-0.863872027660624,-1.50785194930637,-2.01745609595387,-2.76055303963335,-0.863872119577781,9.03556028887905e-05,1
8.376,-0.864027237494614,-1.50665617507357,-2.01655731662183,-2.7626472384456,-0.864027328856136,8.98094079598346e-05,1
8.378,-0.864182734163691,-1.50546360588049,-2.01565662748492,-2.76474014152621,-0.8641828249687,8.92623487066097e-05,1
8.38,-0.86433851850716,-1.50427423768806,-2.01475403890643,-2.7668317425498,-0.864338608754774,8.87144228965158e-05,1
8.382,-0.864494591373233,-1.50308806639125,-2.01384956131052,-2.76892203519612,-0.864494681062568,8.81656282693741e-05,1
8.384,-0.864650953619094,-1.50190508781896,-2.01294320518291,-2.77101101314943,-0.864651042749264,8.76159625372623e-05,1
8.386,-0.864807606110968,-1.50072529773391,-2.01203498107158,-2.77309867009783,-0.864807694681084,8.70654233843095e-05,1
8.388,-0.86496454972419,-1.49954869183263,-2.01112489958749,-2.77518499973268,-0.864964637733362,8.65140084665078e-05,1
8.39,-0.865121785343279,-1.49837526574529,-2.01021297140527,-2.77726999574793,-0.865121872790613,8.596171541151e-05,1
8.392,-0.865279313862003,-1.49720501503567,-2.00929920726405,-2.7793536518395,-0.865279400746604,8.54085418184341e-05,1
8.394,-0.865437136183459,-1.49603793520102,-2.00838361796815,-2.78143596170458,-0.865437222504428,8.48544852576525e-05,1
8.396,-0.865595253220142,-1.49487402167199,-2.00746621438786,-2.78351691904096,-0.865595338976579,8.4299543270582e-05,1
8.398,-0.865753665894026,-1.49371326981249,-2.00654700746029,-2.78559651754637,-0.865753751085027,8.37437133694736e-05,1
8.4,-0.865912375136635,-1.4925556749196,-2.0056260081901,-2.78767475091779,-0.865912459761295,8.31869930371903e-05,1
8.402,-0.866071381889128,-1.49140123222344,-2.00470322765041,-2.78975161285068,-0.866071465946538,8.26293797269884e-05,1
8.404,-0.866230687102372,-1.49024993688705,-2.00377867698356,-2.79182709703833,-0.866230770591622,8.20708708622898e-05,1
8.406,-0.866390291737029,-1.48910178400626,-2.00285236740202,-2.79390119717111,-0.866390374657204,8.15114638364524e-05,1
8.408,-0.866550196763634,-1.48795676860953,-2.00192431018929,-2.79597390693571,-0.866550279113818,8.09511560125354e-05,1
8.41,-0.866710403162683,-1.48681488565788,-2.0009945167007,-2.79804522001442,-0.866710484941957,8.03899447230599e-05,1
8.412,-0.866870911924713,-1.48567613004464,-2.00006299836444,-2.8001151300843,-0.866870993132155,7.98278272697675e-05,1
8.414,-0.867031724050395,-1.48454049659541,-1.99912976668239,-2.80218363081651,-0.867031804685081,7.92648009233685e-05,1
8.416,-0.867192840550619,-1.48340798006778,-1.99819483323114,-2.8042507158754,-0.867192920611622,7.87008629232925e-05,1
8.418,-0.867354262446582,-1.48227857515129,-1.99725820966292,-2.80631637891778,-0.867354341932971,7.81360104774383e-05,1
8.42,-0.867515990769883,-1.48115227646715,-1.99631990770661,-2.80838061359211,-0.867516069680725,7.75702407618986e-05,1
8.422,-0.867678026562322,-1.48002907894223,-1.99537993684273,-2.81044341815102,-0.86767810489914,7.70059775055166e-05,1
8.424,-0.867840370877495,-1.47890897632134,-1.99443831360371,-2.81250477699239,-0.86784044863689,7.64383640827838e-05,1
8.426,-0.868003024777807,-1.4777919633797,-1.99349504763571,-2.81456468835517,-0.868003101958837,7.58698247254239e-05,1
8.428,-0.868165989337732,-1.47667803446882,-1.99255015098193,-2.81662314584315,-0.868166065939453,7.5300356478471e-05,1
8.43,-0.868329265642297,-1.47556718386567,-1.99160363576996,-2.8186801430502,-0.868329341663759,7.47299563549431e-05,1
8.432,-0.868492854787501,-1.47445940577781,-1.99065551421035,-2.82073567355664,-0.868492930227755,7.41586213344042e-05,1
8.434,-0.868656757880435,-1.4733546943431,-1.9897057985978,-2.82278973092831,-0.868656832738525,7.35863483626493e-05,1
8.436,-0.868820976039371,-1.4722530436295,-1.98875450131227,-2.8248423087157,-0.868821050314341,7.30131343514194e-05,1
8.438,-0.868985510393877,-1.47115444763482,-1.98780163482017,-2.82689340045292,-0.868985584084766,7.24389761780887e-05,1
8.44,-0.869150362084921,-1.47005890028652,-1.98684721167555,-2.82894299965684,-0.869150435190766,7.18638706853586e-05,1
8.442,-0.869315532264981,-1.46896639544138,-1.98589124452135,-2.83099109982604,-0.869315604784814,7.12878146809442e-05,1
8.444,-0.869481022098156,-1.46787692688534,-1.98493374609064,-2.83303769443985,-0.869481094031008,7.07108049372458e-05,1
8.446,-0.869646832760279,-1.46679048833312,-1.98397472920786,-2.83508277695737,-0.869646904105176,7.01328381910267e-05,1
8.448,-0.869812965439033,-1.46570707342806,-1.98301420679015,-2.83712634081638,-0.869813036194998,6.95539111430833e-05,1
8.45,-0.869979421334064,-1.46462667574176,-1.98205219184866,-2.83916837943241,-0.869979491500116,6.89740204579032e-05,1
8.452,-0.870146201657104,-1.46354928877377,-1.9810886974899,-2.84120888619759,-0.870146271232261,6.83931627633238e-05,1
8.454,-0.870313307632089,-1.46247490595139,-1.98012373691712,-2.84324785447959,-0.870313376615362,6.78113346501879e-05,1
8.456,-0.870480740495281,-1.46140352062924,-1.97915732343168,-2.8452852776206,-0.870480808885681,6.72285326719808e-05,1
8.458,-0.870648501495394,-1.46033512608902,-1.97818947043452,-2.84732114893616,-0.870648569291926,6.6644753344479e-05,1
8.46,-0.870816591893721,-1.45926971553914,-1.9772201914276,-2.84935546171402,-0.870816659095387,6.60599931453667e-05,1
8.462,-0.870985012964259,-1.4582072821144,-1.97624950001534,-2.85138820921307,-0.870985079570058,6.54742485138851e-05,1
8.464,-0.871153765993844,-1.45714781887563,-1.97527740990623,-2.85341938466211,-0.87115383200277,6.48875158504351e-05,1
8.466,-0.871322852282278,-1.45609131880933,-1.97430393491426,-2.85544898125869,-0.871322917693323,6.42997915162029e-05,1
8.468,-0.871492273142472,-1.45503777482732,-1.97332908896058,-2.85747699216791,-0.871492337954623,6.37110718327624e-05,1
8.47,-0.871662029900574,-1.45398717976634,-1.97235288607507,-2.85950341052118,-0.871662094112815,6.31213530816789e-05,1
8.472,-0.871832123896116,-1.45293952638765,-1.97137534039794,-2.86152822941502,-0.871832187507427,6.25306315040994e-05,1
8.474,-0.872002556482149,-1.45189480737664,-1.97039646618147,-2.86355144190973,-0.872002619491506,6.19389033003557e-05,1
8.476,-0.872173329025393,-1.45085301534246,-1.96941627779163,-2.86557304102817,-0.872173391431768,6.1346164629522e-05,1
8.478,-0.872344442906378,-1.44981414281751,-1.96843478970989,-2.86759301975438,-0.872344504708739,6.07524116090106e-05,1
8.48,-0.87251589951934,-1.44877818272544,-1.96745201420331,-2.86961137548461,-0.872515960719038,6.0159995280875e-05,1
8.482,-0.872687700273708,-1.44774512651555,-1.96646797064831,-2.87162809221258,-0.872687760867316,5.95642011625774e-05,1
8.484,-0.872859846591458,-1.44671496694261,-1.96548267155864,-2.87364316725703,-0.872859906577931,5.89673807925614e-05,1
8.486,-0.873032339910194,-1.44568769623268,-1.96449613189328,-2.87565659343074,-0.873032399288484,5.83695301160564e-05,1
8.488,-0.873205181681782,-1.4446633065279,-1.9635083667382,-2.87766836350344,-0.873205240450837,5.77706450354845e-05,1
8.49,-0.873378373372826,-1.44364178989093,-1.96251939130592,-2.87967847019774,-0.87337843153159,5.71707214089022e-05,1
8.492,-0.873551916464835,-1.44262313830441,-1.96152922093753,-2.88168690618762,-0.873551974012246,5.65697550495121e-05,1
8.494,-0.873725812454384,-1.44160734367047,-1.96053787110474,-2.88369366409701,-0.873725869389378,5.5967741725178e-05,1
8.496,-0.873900062853289,-1.44059439781019,-1.95954535741192,-2.88569873649817,-0.873900119174796,5.53646771579428e-05,1
8.498,-0.874074669188774,-1.43958429246303,-1.95855169559819,-2.88770211591019,-0.87407472489572,5.47605570235109e-05,1
8.5,-0.874249633003646,-1.43857701928629,-1.95755690153958,-2.88970379479738,-0.874249688094953,5.41553769507563e-05,1
8.502,-0.874424955856473,-1.43757256985453,-1.95656099125124,-2.89170376556768,-0.874425010331059,5.35491325211925e-05,1
8.504,-0.874600639321767,-1.43657093565898,-1.95556398088965,-2.89370202057097,-0.874600693178544,5.29418192684495e-05,1
8.506,-0.874776684990158,-1.43557210810691,-1.9545658867549,-2.89569855209747,-0.874776738228035,5.23334326777454e-05,1
8.508,-0.874953094468591,-1.43457607852104,-1.95356672529301,-2.89769335237598,-0.874953147086471,5.17239681853365e-05,1
8.51,-0.875129869380508,-1.43358283813892,-1.95256651309831,-2.89968641357214,-0.875129921377289,5.11134211779621e-05,1
8.512,-0.875307011366039,-1.43259237811221,-1.95156526691584,-2.90167772778671,-0.875307062740616,5.05017869922972e-05,1
8.514,-0.875484522082204,-1.43160468950608,-1.95056300364386,-2.90366728705375,-0.875484572833466,4.98890609143651e-05,1
8.516,-0.875662403203105,-1.43061976329853,-1.9495597403363,-2.90565508333877,-0.875662453329937,4.92752381789624e-05,1
8.518,-0.87584065642013,-1.42963759037962,-1.94855549420536,-2.90764110853689,-0.875840705921411,4.86603139690792e-05,1
8.52,-0.876019283442158,-1.42865816155082,-1.94755028262414,-2.9096253544709,-0.876019332316762,4.80442834152855e-05,1
8.522,-0.876198285995764,-1.42768146752426,-1.9465441231293,-2.91160781288938,-0.876198334242561,4.74271415951348e-05,1
8.524,-0.876377665825438,-1.42670749892197,-1.94553703342376,-2.91358847546468,-0.876377713443293,4.68088835325345e-05,1
8.526,-0.876557424693792,-1.42573624627511,-1.94452903137954,-2.9155673337909,-0.876557471681564,4.61895041971222e-05,1
8.528,-0.876737564381783,-1.42476770002321,-1.94352013504053,-2.91754437938187,-0.876737610738325,4.55689985036261e-05,1
8.53,-0.876918086688933,-1.42380185051332,-1.94251036262541,-2.91951960366905,-0.876918132413096,4.49473613112139e-05,1
8.532,-0.877098993433557,-1.42283868799923,-1.94149973253066,-2.9214929979994,-0.877099038524184,4.43245874228323e-05,1
8.534,-0.877280286452991,-1.4218782026406,-1.94048826333348,-2.92346455363319,-0.87728033090892,4.3700671584532e-05,1
8.536,-0.877461967603826,-1.42092038450212,-1.93947597379494,-2.92543426174178,-0.87746201142389,4.3075608484793e-05,1
8.538,-0.877644038762144,-1.41996522355259,-1.9384628828631,-2.92740211340542,-0.87764408194517,4.24493927538191e-05,1
8.54,-0.877826501823759,-1.41901270966405,-1.93744900967621,-2.92936809961084,-0.877826544368569,4.18220189628472e-05,1
8.542,-0.878009358704465,-1.41806283261086,-1.93643437356598,-2.93133221124901,-0.878009400609876,4.11934816234099e-05,1
8.544,-0.878192611340279,-1.41711558206872,-1.93541899406096,-2.93329443911268,-0.878192652605102,4.05637751866299e-05,1
8.546,-0.878376261687701,-1.41617094761374,-1.93440289088989,-2.93525477389394,-0.878376302310741,3.9932894042464e-05,1
8.548,-0.878560311723967,-1.41522891872142,-1.93338608398523,-2.93721320618173,-0.878560351704022,3.93008325189484e-05,1
8.55,-0.87874476344731,-1.41428948476567,-1.93236859348673,-2.9391697264593,-0.878744802783175,3.86675848814467e-05,1
8.552,-0.878929618877229,-1.41335263501775,-1.93135043974498,-2.94112432510162,-0.87892965756769,3.80331453318581e-05,1
8.554,-0.879114880054756,-1.41241835864524,-1.93033164332523,-2.9430769923727,-0.879114918098596,3.73975080078334e-05,1
8.556,-0.879300549042735,-1.41148664471092,-1.92931222501109,-2.9450277184229,-0.879300586438728,3.67606669819683e-05,1
8.558,-0.879486627926095,-1.41055748217168,-1.92829220580845,-2.94697649328618,-0.879486664673012,3.61226162609854e-05,1
8.56,-0.879673118812139,-1.40963085987742,-1.92727160694938,-2.94892330687727,-0.879673154908742,3.54833497849112e-05,1
8.562,-0.87986002383083,-1.40870676656986,-1.92625044989621,-2.95086814898878,-0.879860059275877,3.48428614262204e-05,1
8.564,-0.880047345135089,-1.40778519088135,-1.92522875634566,-2.95281100928828,-0.88004737992733,3.4201144988978e-05,1
8.566,-0.880235084901084,-1.40686612133369,-1.92420654823298,-2.95475187731527,-0.880235119039263,3.35581942079796e-05,1
8.568,-0.880423245328542,-1.40594954633688,-1.92318384773634,-2.95669074247814,-0.880423278811398,3.29140027478474e-05,1
8.57,-0.880611828641055,-1.40503545418785,-1.92216067728115,-2.95862759405105,-0.880611861467319,3.22685642021401e-05,1
8.572,-0.880800837086389,-1.4041238330692,-1.92113705954462,-2.96056242117067,-0.880800869254785,3.16218720924334e-05,1
8.574,-0.880990272936437,-1.40321467221153,-1.92011301293078,-2.96249522099083,-0.880990304450073,3.09782597305907e-05,1
8.576,-0.881180138489598,-1.40230795725167,-1.91908856968514,-2.9644259660407,-0.881180169342794,3.03290395835171e-05,1
8.578,-0.881370436066589,-1.40140367716198,-1.91806374875055,-2.96635465319423,-0.881370466258049,2.96785459955056e-05,1
8.58,-0.881561168015698,-1.40050181966262,-1.91703857385424,-2.96828127100031,-0.881561197544121,2.90267721887513e-05,1
8.582,-0.881752336710465,-1.39960237234401,-1.91601306900312,-2.97020580785787,-0.881752365574541,2.83737113106077e-05,1
8.584,-0.881943944550602,-1.39870532267387,-1.91498725848489,-2.97212825200771,-0.881943972749014,2.77193564306113e-05,1
8.586,-0.882135993962341,-1.39781065799565,-1.91396116687336,-2.97404859152871,-0.882136021493766,2.70637005394624e-05,1
8.588,-0.882328487398795,-1.39691836552706,-1.91293481903376,-2.97596681433406,-0.882328514261902,2.64067365479768e-05,1
8.59,-0.882521427340318,-1.39602843235848,-1.91190824012821,-2.97788290816734,-0.88252145353377,2.5748457286012e-05,1
8.592,-0.882714816294881,-1.39514084545132,-1.91088145562132,-2.97979686059855,-0.882714841817332,2.50888555014156e-05,1
8.594,-0.882908656798358,-1.39425559192676,-1.90985449020017,-2.98170866095202,-0.882908681649498,2.44289520760928e-05,1
8.596,-0.883102951415375,-1.39337265790602,-1.90882737212118,-2.98361829257264,-0.883102975592801,2.37666828698495e-05,1
8.598,-0.883297702738669,-1.39249203023872,-1.9078001267083,-2.98552574441953,-0.883297726241012,2.31030688811459e-05,1
8.6,-0.883492913390616,-1.39161369535569,-1.90677278069366,-2.98743100332557,-0.883492936216501,2.24381025180966e-05,1
8.602,-0.883688586023013,-1.39073763954827,-1.90574536114266,-2.98933405592978,-0.883688608171055,2.17717761015733e-05,1
8.604,-0.883884723317621,-1.38986384896843,-1.90471789545953,-2.99123488867171,-0.88388474478643,2.11040818635578e-05,1
8.606,-0.884081327986579,-1.38899230962695,-1.90369041139383,-2.99313348778672,-0.884081348774755,2.04350119459366e-05,1
8.608,-0.884278402772827,-1.38812300739145,-1.90266293704714,-2.99502983930123,-0.884278422878963,1.97645583992682e-05,1
8.61,-0.884475950450537,-1.38725592798449,-1.90163550087996,-2.99692392902778,-0.884475969873217,1.90927131815213e-05,1
8.612,-0.884673973825543,-1.38639105698153,-1.90060813171867,-2.99881574256004,-0.884673992563343,1.84194681568249e-05,1
8.614,-0.884872475735789,-1.38552837980893,-1.89958085876277,-3.00070526526765,-0.884872493787277,1.77448150941645e-05,1
8.616,-0.885071459051779,-1.38466788174185,-1.89855371159215,-3.00259248229096,-0.885071476415513,1.70687456660721e-05,1
8.618,-0.885270926677032,-1.38380954790211,-1.89752672017468,-3.00447737853567,-0.885270943351564,1.6391251447294e-05,1
8.62,-0.885470881548552,-1.38295336325606,-1.89649991487386,-3.00635993866724,-0.885470897532423,1.57123239134383e-05,1
8.622,-0.885671326637297,-1.3820993126123,-1.89547332645673,-3.00824014710528,-0.885671341929041,1.50319544395909e-05,1
8.624,-0.885872264948663,-1.38124738061944,-1.89444698610193,-3.01011798801775,-0.885872279546804,1.43501342989296e-05,1
8.626,-0.886073699522971,-1.3803975517638,-1.89342092540793,-3.011993445315,-0.886073713426024,1.36668546612873e-05,1
8.628,-0.886275633435963,-1.379549810367,-1.89239517640156,-3.01386650264366,-0.886275646642435,1.29821065917265e-05,1
8.63,-0.886478069799311,-1.37870414058357,-1.8913697715466,-3.01573714338044,-0.886478082307698,1.22958810490547e-05,1
8.632,-0.886681011761124,-1.37786052639846,-1.89034474375271,-3.0176053506257,-0.886681023569915,1.16081688843456e-05,1
8.634,-0.886884462506477,-1.37701895162452,-1.88932012638447,-3.01947110719691,-0.886884473614149,1.09189608394231e-05,1
8.636,-0.887088425257932,-1.37617939989992,-1.88829595327077,-3.02133439562187,-0.887088435662954,1.02282475453276e-05,1
8.638,-0.887292903276084,-1.37534185468549,-1.88727225871424,-3.02319519813187,-0.887292912976916,9.53601952074853e-06,1
8.64,-0.887497899860105,-1.37450629926208,-1.88624907750112,-3.02505349665455,-0.887497908855196,8.84226717044276e-06,1
8.642,-0.887703418348297,-1.37367271672772,-1.88522644491125,-3.02690927280669,-0.887703426636086,8.14698078362813e-06,1
8.644,-0.887909462118664,-1.37284108999489,-1.88420439672829,-3.02876250788673,-0.88790946969758,7.45015053233915e-06,1
8.646,-0.888116034589476,-1.37201140178759,-1.88318296925032,-3.03061318286711,-0.88811604145794,6.75176646978073e-06,1
8.648,-0.888323139219861,-1.37118363463844,-1.88216219930054,-3.03246127838647,-0.888323145376281,6.05181852863178e-06,1
8.65,-0.888530779510388,-1.37035777088565,-1.88114212423839,-3.03430677474153,-0.888530784953164,5.35029651934294e-06,1
8.652,-0.888738959003676,-1.36953379266997,-1.88012278197085,-3.03614965187889,-0.888738963731195,4.64719012840013e-06,1
8.654,-0.888947681284998,-1.36871168193155,-1.87910421096405,-3.0379898893865,-0.888947685295638,3.94248891655578e-06,1
8.656,-0.889156949982904,-1.36789142040675,-1.87808645025521,-3.03982746648495,-0.889156953275031,3.23618231705405e-06,1
8.658,-0.889366768769846,-1.36707298962488,-1.87706953946486,-3.04166236201851,-0.889366771341817,2.52825963380991e-06,1
8.66,-0.889577141362824,-1.36625637090482,-1.87605351880932,-3.043494554446,-0.889577143212984,1.8187100395663e-06,1
8.662,-0.889788071524025,-1.36544154535167,-1.87503842911362,-3.04532402183126,-0.889788072650708,1.10752257404328e-06,1
8.664,-0.88999956306149,-1.3646284938532,-1.87402431182464,-3.04715074183351,-0.889999563463019,3.94686142029251e-07,1
8.666,-0.890211619780024,-1.36381734484865,-1.87301279118808,-3.04897296626475,-0.890211619458817,7.89348581104006e-08,1
8.668,-0.890424279323836,-1.36300883998266,-1.87199392962936,-3.05079988224234,-0.890424278274215,-1.98465401018662e-06,1
8.67,-0.89063744452858,-1.36219979800228,-1.87098820926594,-3.05261419306937,-0.890637442748816,-1.74952813136654e-06,1
8.672,-0.890851220777049,-1.36139363980634,-1.86997841346825,-3.05442969452737,-0.890851218265302,-2.4690760830786e-06,1
8.674,-0.891065577968764,-1.36058916404777,-1.86896980263482,-3.05624232763075,-0.891065574723298,-3.19032995061076e-06,1
8.676,-0.891280520385495,-1.35978634289923,-1.86796242673971,-3.05805207022582,-0.891280516404562,-3.91330230042044e-06,1
8.678,-0.891496052175828,-1.35898515562661,-1.86695633197329,-3.05985889684961,-0.891496047457668,-4.6380052286098e-06,1
8.68,-0.891712177539443,-1.35818558124453,-1.86595156527513,-3.06166278154119,-0.891712172082282,-5.36445098104871e-06,1
8.682,-0.891928900728222,-1.35738759851535,-1.86494817434197,-3.0634636978346,-0.891928894530276,-6.09265195672247e-06,1
8.684,-0.892146226047014,-1.35659118594491,-1.86394620764483,-3.06526161874606,-0.892146219106484,-6.82262070989411e-06,1
8.686,-0.892364157854392,-1.35579632177811,-1.86294571444658,-3.06705651676079,-0.892364150169467,-7.55436995228103e-06,1
8.688,-0.892582700563431,-1.3550029839944,-1.86194674481994,-3.06884836381949,-0.892582692132287,-8.28791255524069e-06,1
8.69,-0.892801858642489,-1.35421115030323,-1.86094934966606,-3.07063713130438,-0.892801849463288,-9.02326155200587e-06,1
8.692,-0.893021636616,-1.35342079813933,-1.85995358073351,-3.07242279002487,-0.89302162668689,-9.76043013992114e-06,1
8.694,-0.893242039065276,-1.35263190465794,-1.85895949063784,-3.07420531020278,-0.893242028384393,-1.0499431682715e-05,1
8.696,-0.893463070629315,-1.35184444672995,-1.85796713288168,-3.07598466145712,-0.893463059194782,-1.1240279712783e-05,1
8.698,-0.893684736005626,-1.35105840093686,-1.85697656187539,-3.07776081278849,-0.893684723815549,-1.19829879335046e-05,1
8.7,-0.893907039951047,-1.35027374356572,-1.85598783295823,-3.07953373256287,-0.893907027003521,-1.27275702215593e-05,1
8.702,-0.894129987282588,-1.34949045060397,-1.85500100242021,-3.08130338849508,-0.894129973575691,-1.34740406292852e-05,1
8.704,-0.894353582878272,-1.34870849773406,-1.85401612752449,-3.08306974763165,-0.894353568410069,-1.4222413387043e-05,1
8.706,-0.894577831677979,-1.34792786032809,-1.85303326653041,-3.08483277633318,-0.894577816446521,-1.49727029055734e-05,1
8.708,-0.894802738684314,-1.34714851344228,-1.85205247871714,-3.08659244025622,-0.894802722687635,-1.57249237784247e-05,1
8.71,-0.895028308963461,-1.34637043181132,-1.85107382440811,-3.08834870433448,-0.895028292199583,-1.64790907843283e-05,1
8.712,-0.895254547646059,-1.34559358984261,-1.85009736499598,-3.09010153275965,-0.895254530112986,-1.72352188896367e-05,1
8.714,-0.895481459928074,-1.34481796161044,-1.84912316296842,-3.09185088896141,-0.895481441623796,-1.79933232507376e-05,1
8.716,-0.895709051071677,-1.34404352084992,-1.84815128193462,-3.09359673558697,-0.895709031994168,-1.87534192164831e-05,1
8.718,-0.895937326406134,-1.34327024095097,-1.84718178665245,-3.09533903447995,-0.895937306553351,-1.95155223306401e-05,1
8.72,-0.896166291328684,-1.34249809495203,-1.84621474305659,-3.09707774665857,-0.896166270698571,-2.02796483343102e-05,1
8.722,-0.896395951305312,-1.34172705679404,-1.84525021442453,-3.09881283868815,-0.896395929899248,-2.10424055164042e-05,1
8.724,-0.896626311872553,-1.34095709628259,-1.84428827685128,-3.10054425707336,-0.896626289684991,-2.18106264438606e-05,1
8.726,-0.896857378635982,-1.34018818660781,-1.84332899612379,-3.10227196662135,-0.896857355664816,-2.25809186942069e-05,1
8.728,-0.897089157274074,-1.33942029934338,-1.84237244317805,-3.10399592481333,-0.897089133517179,-2.33532988236086e-05,1
8.73,-0.897321653537328,-1.33865340567271,-1.84141869028199,-3.10571608818869,-0.897321628992564,-2.41277835963195e-05,1
8.732,-0.897554873249565,-1.33788747638782,-1.84046781106632,-3.10743241231536,-0.897554847914773,-2.49043899884221e-05,1
8.734,-0.89778882230881,-1.33712248188217,-1.83951988055879,-3.10914485176264,-0.897788796181815,-2.56831351901692e-05,1
8.736,-0.898023506688172,-1.33635839214345,-1.83857497521939,-3.11085336007325,-0.898023479766779,-2.64640366083247e-05,1
8.738,-0.89825893243671,-1.33559517674621,-1.83763317297668,-3.11255788973435,-0.89825890471871,-2.72471118684435e-05,1
8.74,-0.898495105680302,-1.3348328048444,-1.83669455326514,-3.1142583921477,-0.898495077163464,-2.80323788171239e-05,1
8.742,-0.898732032622487,-1.33407124516367,-1.83575919706368,-3.11595481759875,-0.898732003304563,-2.88198555242109e-05,1
8.744,-0.898969719545309,-1.33331046599368,-1.83482718693519,-3.11764711522489,-0.898969689424033,-2.96095602849432e-05,1
8.746,-0.899208172810135,-1.33255043518018,-1.83389860706742,-3.11933523298243,-0.899208141883222,-3.04015116220464e-05,1
8.748,-0.899447398858464,-1.331791120117,-1.83297354331493,-3.12101911761262,-0.899447367123609,-3.1195728287747e-05,1
8.75,-0.899687404212708,-1.33103248773792,-1.83205208324239,-3.12269871460656,-0.899687371667588,-3.19922292657174e-05,1
8.752,-0.899928195476903,-1.33027450535945,-1.83113431364659,-3.12437397227807,-0.899928162121391,-3.2788848024528e-05,1
8.754,-0.900169779337912,-1.32951713727432,-1.83022033068896,-3.12604482528645,-0.900169745167427,-3.35899762656963e-05,1
8.756,-0.900412162564797,-1.32876034982742,-1.82931022482002,-3.12771121926361,-0.900412127576955,-3.43934471782487e-05,1
8.758,-0.900655352011223,-1.32800410803198,-1.8284040909028,-3.12937309432232,-0.900655316203621,-3.51992806900326e-05,1
8.76,-0.900899354615035,-1.32724837639503,-1.82750202574867,-3.13103038913308,-0.900899317985249,-3.60074969677003e-05,1
8.762,-0.901144177399102,-1.32649311891217,-1.82660412816754,-3.1326830408792,-0.901144139944687,-3.68181164188094e-05,1
8.764,-0.901389827471874,-1.32573829905852,-1.82571049902115,-3.13433098521245,-0.901389789190365,-3.76311596929235e-05,1
8.766,-0.901636312027879,-1.32498387977975,-1.82482124127798,-3.1359741562072,-0.901636272916789,-3.84466476825258e-05,1
8.768,-0.901883638348174,-1.32422982348283,-1.82393646006984,-3.13761248631308,-0.901883598404995,-3.92646015237689e-05,1
8.77,-0.902131813800729,-1.32347609202685,-1.8230562627501,-3.1392459063059,-0.90213177302293,-4.00850425969846e-05,1
8.772,-0.902380845840747,-1.32272264671361,-1.8221807589538,-3.14087434523694,-0.902380804225776,-4.09079925269888e-05,1
8.774,-0.902630742010913,-1.32196944827832,-1.8213100606595,-3.14249773038046,-0.902630699556196,-4.1733473183132e-05,1
8.776,-0.902881509941561,-1.32121645688001,-1.82044428225306,-3.14411598717943,-0.902881466644501,-4.25615066790784e-05,1
8.778,-0.903133157350755,-1.32046363209212,-1.81958354059332,-3.14572903918935,-0.903133113208732,-4.3392115372286e-05,1
8.78,-0.903385692044252,-1.31971093379465,-1.81872795248236,-3.1473368121906,-0.903385647056872,-4.4223106888805e-05,1
8.782,-0.903639121915726,-1.31895831856343,-1.81787764512131,-3.14893921744354,-0.903639076078072,-4.50589348189416e-05,1
8.784,-0.903893454945414,-1.31820574504991,-1.81703274060996,-3.15053617665965,-0.903893408254799,-4.58974064731365e-05,1
8.786,-0.904148699201329,-1.31745317039268,-1.81619336639543,-3.15212760524048,-0.904148651655038,-4.67385451729165e-05,1
8.788,-0.904404862837771,-1.31670055109334,-1.81535965275873,-3.15371341639057,-0.904404814433068,-4.75823744748694e-05,1
8.79,-0.904661954094948,-1.31594784301044,-1.81453173289191,-3.1552935210463,-0.904661904829071,-4.84289181685673e-05,1
8.792,-0.904919981298183,-1.31519500135003,-1.81370974297903,-3.1568678278045,-0.904919931168347,-4.9278200273164e-05,1
8.794,-0.905178952856968,-1.31444198065634,-1.81289382227935,-3.15843624284846,-0.905178901860363,-5.01302450334478e-05,1
8.796,-0.905438877263818,-1.31368873480247,-1.81208411321323,-3.15999866987139,-0.905438825397608,-5.09850769152794e-05,1
8.798,-0.905699763092941,-1.31293521698136,-1.81128076145035,-3.16155500999728,-0.905699710354266,-5.18427206004032e-05,1
8.8,-0.905961618998682,-1.31218137969685,-1.81048391600063,-3.16310516169881,-0.905961565384656,-5.27032009805188e-05,1
8.802,-0.906224453713743,-1.311427174755,-1.80969372930786,-3.16464902071252,-0.906224399221454,-5.35665431506432e-05,1
8.804,-0.906488276047147,-1.31067255325563,-1.80891035734591,-3.16618647995102,-0.90648822067366,-5.44327724016206e-05,1
8.806,-0.906753094881938,-1.30991746558422,-1.80813395971777,-3.16771742941202,-0.906753038624289,-5.53019142117826e-05,1
8.808,-0.907018919172583,-1.30916186140411,-1.80736469975746,-3.16924175608429,-0.907018862027783,-5.61739942376481e-05,1
8.81,-0.907285757942061,-1.30840568964907,-1.80660274463475,-3.17075934385033,-0.907285699907096,-5.70490383036142e-05,1
8.812,-0.907553620278619,-1.3076488985164,-1.80584826546284,-3.17227007338563,-0.907553561350447,-5.79270723905543e-05,1
8.814,-0.907822515332152,-1.30689143546047,-1.80510143740896,-3.1737738220545,-0.907822455507704,-5.88081226232362e-05,1
8.816,-0.908092452310201,-1.3061332471869,-1.80436243980801,-3.1752704638023,-0.908092391586382,-5.96922152564828e-05,1
8.818,-0.908363440473517,-1.30537427964729,-1.80363145627929,-3.17675986904395,-0.908363378847207,-6.05793766599692e-05,1
8.82,-0.908635489131184,-1.30461447803483,-1.80290867484619,-3.1782419045487,-0.908635426599232,-6.14696333015691e-05,1
8.822,-0.908908607635234,-1.30385378678057,-1.80219428805902,-3.17971643332096,-0.908908544194466,-6.23630117291314e-05,1
8.824,-0.909182805374753,-1.30309214955065,-1.80148849312097,-3.18118331447718,-0.909182741021966,-6.32595385505683e-05,1
8.826,-0.909458091769409,-1.30232950924459,-1.80079149201714,-3.18264240311856,-0.909458026501373,-6.41592404121537e-05,1
8.828,-0.909734476262379,-1.30156580799457,-1.80010349164661,-3.18409355019962,-0.909734410075837,-6.50621439748794e-05,1
8.83,-0.910011968312623,-1.30080098716605,-1.79942470395768,-3.18553660239248,-0.91001190120429,-6.5968275888739e-05,1
8.832,-0.910290577386454,-1.30003498735966,-1.79875534608606,-3.18697140194671,-0.910290509353021,-6.68776627647924e-05,1
8.834,-0.910570312948367,-1.2992677484146,-1.79809564049605,-3.18839778654478,-0.910570243986494,-6.77903311448457e-05,1
8.836,-0.910851184451045,-1.29849920941372,-1.79744581512466,-3.18981558915295,-0.910851114557368,-6.87063074685803e-05,1
8.838,-0.911133201324525,-1.29772930869029,-1.79680610352847,-3.19122463786756,-0.911133130495652,-6.96256180379584e-05,1
8.84,-0.91141637296442,-1.29695798383683,-1.79617674503327,-3.19262475575664,-0.911416301196932,-7.0548288978704e-05,1
8.842,-0.911700708719165,-1.29618517171606,-1.79555798488617,-3.19401576069691,-0.911700636009618,-7.14743461986738e-05,1
8.844,-0.911986217876191,-1.29541080847415,-1.79495007441009,-3.19539746520593,-0.911986144221114,-7.24038153428642e-05,1
8.846,-0.912272909646984,-1.29463482955663,-1.79435327116055,-3.19676967626965,-0.912272835042881,-7.33367217448896e-05,1
8.848,-0.912560793150913,-1.29385716972696,-1.79376783908415,-3.19813219516516,-0.912560717594261,-7.42730903746243e-05,1
8.85,-0.912849877397776,-1.29307776308824,-1.79319404867897,-3.19948481727879,-0.912849800885029,-7.5212945781789e-05,1
8.852,-0.913140171268967,-1.29229654310822,-1.79263217715604,-3.20082733191956,-0.913140093796553,-7.61563120352293e-05,1
8.854,-0.91343168349716,-1.29151344264784,-1.79208250860195,-3.20215952212815,-0.913431605061483,-7.71032126575443e-05,1
8.856,-0.913724422644429,-1.29072839399366,-1.79154533414185,-3.2034811644814,-0.913724343241871,-7.80536705548244e-05,1
8.858,-0.914018397078688,-1.28994132889463,-1.79102095210254,-3.20479202889265,-0.914018316705609,-7.90077079411463e-05,1
8.86,-0.91431361494836,-1.28915217860325,-1.79050966817498,-3.20609187840796,-0.914313533601095,-7.99653462575116e-05,1
8.862,-0.914610084155135,-1.28836087392182,-1.79001179557568,-3.20738046899865,-0.91461000183,-8.09266060848861e-05,1
8.864,-0.914907812324727,-1.28756734525393,-1.78952765520617,-3.20865754935033,-0.914907729018019,-8.18915070509433e-05,1
8.866,-0.915206806775489,-1.28677152266173,-1.78905757580983,-3.20992286064887,-0.915206722483486,-8.28600677302011e-05,1
8.868,-0.915507074484762,-1.28597333592942,-1.78860189412514,-3.21117613636373,-0.915506989203722,-8.38323055370844e-05,1
8.87,-0.915808622052824,-1.28517271463338,-1.78816095503438,-3.21241710202917,-0.915808535778991,-8.48082366115708e-05,1
8.872,-0.916111455664297,-1.28436958821951,-1.78773511170668,-3.21364547502402,-0.916111368393898,-8.5787875696951e-05,1
8.874,-0.916415581046884,-1.2835638860882,-1.78732472573414,-3.21486096435058,-0.916415492776134,-8.67712360093234e-05,1
8.876,-0.916721003427266,-1.28275553768761,-1.78693016725968,-3.21606327041354,-0.916720914152367,-8.77583290983292e-05,1
8.878,-0.917027727484029,-1.28194447261579,-1.78655181509523,-3.21725208479993,-0.917027637201175,-8.87491646987288e-05,1
8.88,-0.917335757297469,-1.28113062073214,-1.78619005682835,-3.21842709006094,-0.917335666002845,-8.97437505723362e-05,1
8.882,-0.917645096296107,-1.28031391227905,-1.78584528891575,-3.21958795949699,-0.917645003985892,-9.07420923398736e-05,1
8.884,-0.917955747199782,-1.27949427801418,-1.7855179167615,-3.22073435694725,-0.917955653870153,-9.1744193302292e-05,1
8.886,-0.918267711959823,-1.27867165424536,-1.78520834176198,-3.22186595646121,-0.918267617617451,-9.27396292332248e-05,1
8.888,-0.918580991692889,-1.27784596344156,-1.78491701339896,-3.22298236258703,-0.918580896323445,-9.37492528851134e-05,1
8.89,-0.918895586613968,-1.2770171436771,-1.78464435119943,-3.22408322948335,-0.918895490213633,-9.4762629776956e-05,1
8.892,-0.91921149596598,-1.27618512934351,-1.78439079675261,-3.22516818117726,-0.919211398530946,-9.57797519202563e-05,1
8.894,-0.91952871794132,-1.27534985618251,-1.78415680067638,-3.22623683131902,-0.919528619467788,-9.68006079380993e-05,1
8.896,-0.91984724960213,-1.27451126150873,-1.78394282254948,-3.22728878302741,-0.919847150086317,-9.78251828170499e-05,1
8.898,-0.920167086795527,-1.27366928443656,-1.78374933081056,-3.22832362876385,-0.920166986233668,-9.88534576436234e-05,1
8.9,-0.920488224064432,-1.27282386612332,-1.78357680261862,-3.229340950229,-0.920488122452788,-9.9885409327535e-05,1
8.902,-0.920810654553975,-1.27197495002935,-1.78342572367096,-3.23034031828493,-0.920810551888834,-0.000100921010311614,1
8.904,-0.921134369913449,-1.27112248219576,-1.78329658797424,-3.23132129290642,-0.921134266191131,-0.000101960228268439,1
8.906,-0.921459360193851,-1.27026641154015,-1.78318989756444,-3.23228342316554,-0.921459255410714,-0.000103003025783819,1
8.908,-0.92178561374108,-1.26940669017088,-1.783106162171,-3.23322624725332,-0.921785507893528,-0.000104049360027412,1
8.91,-0.922113117084922,-1.26854327372035,-1.78304589882032,-3.23414929254332,-0.922113010169405,-0.000105099182410941,1
8.912,-0.922441854823979,-1.26767612169722,-1.78300963137364,-3.23505207570159,-0.922441746837006,-0.000106152438234613,1
8.914,-0.922771809506831,-1.26680519785793,-1.78299788999424,-3.23593410284825,-0.922771700444971,-0.000107209066322625,1
8.916,-0.923102961509707,-1.26593047059735,-1.78301121053868,-3.23679486977582,-0.923102851369598,-0.000108268998648789,1
8.918,-0.923435288911108,-1.26505191335809,-1.78305013386689,-3.23763386222998,-0.923435177689466,-0.00010933215995366,1
8.92,-0.923768767363866,-1.26416950505824,-1.78311520506591,-3.23845055625834,-0.923768655057491,-0.00011039846735478,1
8.922,-0.924103369965237,-1.26328323053652,-1.78320697258223,-3.23924441863324,-0.92410325657102,-0.000111467829951973,1
8.924,-0.924439067125741,-1.26239308101374,-1.7833259872578,-3.24001490735442,-0.924438952640676,-0.00011254014843002,1
8.926,-0.92477582643759,-1.26149905456929,-1.78347280126517,-3.24076147223762,-0.924775710858781,-0.000113615314661335,1
8.928,-0.925113612543643,-1.2606011566307,-1.78364796693769,-3.24148355559513,-0.925113495868311,-0.000114693211311728,1
8.93,-0.925452387007989,-1.25969940047413,-1.78385203549108,-3.2421805930139,-0.925452269233486,-0.000115773711452694,1
8.932,-0.925792108189393,-1.25879380773302,-1.78408555563361,-3.24285201423685,-0.92579198931321,-0.000116856678184143,1
8.934,-0.926132731118959,-1.25788440891205,-1.78434907206296,-3.24349724415241,-0.926132611138737,-0.000117941964271882,1
8.936,-0.926474207383545,-1.25697124390239,-1.78464312384873,-3.24411570389681,-0.926474086297085,-0.0001190294118046,1
8.938,-0.926816485016566,-1.25605436249444,-1.78496824270096,-3.24470681207304,-0.926816362821842,-0.000120118851875557,1
8.94,-0.927159508397991,-1.25513382488326,-1.78532495112654,-3.24526998608922,-0.927159385093158,-0.000121210104294541,1
8.942,-0.927503218165432,-1.25420970216154,-1.78571376047658,-3.24580464361833,-0.927503093748843,-0.00012230297733608,1
8.944,-0.927847551138367,-1.25328207679432,-1.78613516889023,-3.24631020417978,-0.927847425608579,-0.000123397267530138,1
8.946,-0.928192440257591,-1.25235104306951,-1.7865896591419,-3.2467860908418,-0.928192313613383,-0.000124492759501866,1
8.948,-0.928537814542091,-1.2514167075173,-1.78707769640123,-3.24723173204203,-0.928537686782471,-0.000125589225867089,1
8.95,-0.92888359906554,-1.25047918929168,-1.78759972591742,-3.24764656352176,-0.928883470189762,-0.000126686427190289,1
8.952,-0.929229714954625,-1.2495386205066,-1.78815617064183,-3.24803003036709,-0.929229584962195,-0.000127784112011828,1
8.954,-0.929576079411345,-1.24859514651937,-1.78874742880533,-3.24838158914808,-0.929575948302041,-0.000128882016950921,1
8.956,-0.929922605761363,-1.24764892615363,-1.78937387146914,-3.24870071014488,-0.92992247353524,-0.000129979866890541,1
8.958,-0.930269203530278,-1.24670013185438,-1.79003584007055,-3.24898687964672,-0.930269070187685,-0.000131077375249945,1
8.96,-0.930615778549531,-1.24574894976772,-1.79073364398686,-3.24923960230807,-0.930615644091117,-0.000132174244349766,1
8.962,-0.930962233093349,-1.24479557973844,-1.79146755814322,-3.24945840354283,-0.930962097520078,-0.000133270165873776,1
8.964,-0.9313084660478,-1.2438402352191,-1.79223782069162,-3.24964283193602,-0.931308329360961,-0.000134364821430318,1
8.966,-0.931654373112665,-1.24288314308506,-1.79304463078967,-3.24979246164947,-0.931654235313879,-0.000135457883215169,1
8.968,-0.931999847036339,-1.24192454335083,-1.79388814650895,-3.2499068947967,-0.93199970812757,-0.00013654901477616,1
8.97,-0.932344777883489,-1.24096468878459,-1.79476848290272,-3.24998576376014,-0.932344637867051,-0.000137637871878244,1
8.972,-0.932689053334685,-1.24000384441858,-1.79568571026298,-3.25002873342311,-0.932688912213248,-0.000138724103466132,1
8.974,-0.933032559016563,-1.23904228695511,-1.79663985259555,-3.25003550328805,-0.933032416793162,-0.000139807352719619,1
8.976,-0.933375178860597,-1.23808030406933,-1.79763088634075,-3.25000580945248,-0.933375035538633,-0.000140887258195131,1
8.978,-0.933716795487858,-1.23711819361158,-1.79865873936439,-3.24993942641485,-0.933716651071104,-0.000141963455044973,1
8.98,-0.934057290616648,-1.23615626271415,-1.7997232902414,-3.24983616868339,-0.934057145109251,-0.000143035576304157,1
8.982,-0.934396545489314,-1.23519482680914,-1.80082436785008,-3.24969589216321,-0.934396398895793,-0.000144103254233005,1
8.984,-0.934734441314062,-1.23423420856535,-1.80196175129146,-3.24951849529925,-0.934734293639312,-0.000145166121702193,1
8.986,-0.935070859717216,-1.23327473675461,-1.80313517014273,-3.24930391995569,-0.935070710966501,-0.000146223813605803,1
8.988,-0.93540568320099,-1.23231674505852,-1.80434430504901,-3.24905215201652,-0.935405533379943,-0.000147275968286881,1
8.99,-0.935738795601672,-1.23136057082867,-1.80558878865229,-3.24876322169566,-0.93573864471629,-0.000148322228959477,1
8.992,-0.936070082542965,-1.23040655381372,-1.80686820685062,-3.24843720354979,-0.936069930599599,-0.000149362245110795,1
8.994,-0.936399431879263,-1.22945503486792,-1.80818210037537,-3.24807421619179,-0.936399278884616,-0.000150395673867255,1
8.996,-0.936726734127262,-1.22850636201744,-1.80952994752652,-3.24767445010762,-0.936726580103004,-0.000151407607172216,1
8.998,-0.937051882859159,-1.22756085971993,-1.81091124291281,-3.24723805317493,-0.937051727798017,-0.000152426876283842,1
9,-0.937374775110801,-1.22661887180913,-1.81232538494921,-3.24676529994771,-0.937374619020463,-0.000153438587962374,1
9.002,-0.937695311717295,-1.22568073078333,-1.81377175514164,-3.24625647659354,-0.937695154605754,-0.000154442442292993,1
9.004,-0.938013397643041,-1.22474676402675,-1.81524970170399,-3.2457119076779,-0.938013239518582,-0.000155438152776275,1
9.006,-0.938328942268775,-1.22381729270031,-1.8167585425441,-3.24513195428693,-0.93832878313996,-0.000156425447184189,1
9.008,-0.938641859642291,-1.2228926307127,-1.81829756835131,-3.24451701196836,-0.938641699517943,-0.000157404068300448,1
9.01,-0.938952068690357,-1.22197308377485,-1.81986604576333,-3.24386750850992,-0.938951907579544,-0.000158373774537976,1
9.012,-0.939259493390925,-1.22105894854448,-1.82146322057615,-3.24318390158449,-0.939259331302947,-0.000159334340431211,1
9.014,-0.939564062905426,-1.2201505118663,-1.82308832096133,-3.24246667629255,-0.939563899849793,-0.000160285557003053,1
9.016,-0.939865711671531,-1.21924805011113,-1.82474056065716,-3.24171634263167,-0.93986554765795,-0.000161227232008196,1
9.018,-0.940164379457395,-1.21835182861588,-1.82641914210242,-3.24093343292278,-0.940164214495751,-0.000162159190056449,1
9.02,-0.940460011378879,-1.2174621012244,-1.82812325948439,-3.24011849922132,-0.940459845479218,-0.00016308127262119,1
9.022,-0.94075255788174,-1.21657910992781,-1.82985210167605,-3.2392721107398,-0.940752391054253,-0.000163993337939526,1
9.024,-0.94104197469113,-1.21570308460139,-1.83160485504085,-3.23839485130627,-0.941041806946134,-0.000164895260811856,1
9.026,-0.94132822273106,-1.21483424283427,-1.83338070608685,-3.23748731688069,-0.941328054078984,-0.000165786932309433,1
9.028,-0.941611268016691,-1.21397278984659,-1.83517884395611,-3.23655011314861,-0.941611098468058,-0.000166668259399115,1
9.03,-0.941891081522483,-1.21311891848856,-1.83699846273816,-3.23558385320895,-0.941890911087895,-0.000167539164494986,1
9.032,-0.942167639029264,-1.21227280931487,-1.83883876360016,-3.23458915536975,-0.942167467719387,-0.000168399584946579,1
9.034,-0.942440920953337,-1.21143463072743,-1.84069895672956,-3.23356664106309,-0.942440748778886,-0.000169249472473535,1
9.036,-0.942710912160643,-1.21060453917959,-1.84257826308753,-3.23251693288784,-0.942710739132369,-0.000170088792556218,1
9.038,-0.942977601768936,-1.20978267943433,-1.8444759159747,-3.23144065278612,-0.94297742789761,-0.000170917523791529,1
9.04,-0.94324098294075,-1.20896918486933,-1.8463911624123,-3.23033842035751,-0.943240808237153,-0.000171735657222618,1
9.042,-0.943501052669796,-1.20816417782193,-1.84832326434436,-3.22921085131229,-0.943500877144707,-0.000172543195650673,1
9.044,-0.943757811563207,-1.2073677699672,-1.85027149966771,-3.22805855606382,-0.943757635227389,-0.00017334015293629,1
9.046,-0.944011263621827,-1.20658006272256,-1.85223516309825,-3.226882138458,-0.94401108648602,-0.000174126553297202,1
9.048,-0.944261416020556,-1.20580114767324,-1.85421356688264,-3.22568219463667,-0.944261238095465,-0.000174902430608521,1
9.05,-0.944508278890491,-1.20503110701273,-1.85620604136535,-3.2244593120304,-0.944508100186776,-0.000175667827710819,1
9.052,-0.944751865104392,-1.20427001399332,-1.85821193542158,-3.2232140684755,-0.944751685632664,-0.000176422795730718,1
9.054,-0.944992190066816,-1.20351793338219,-1.86023061676659,-3.22194703144899,-0.944992009837623,-0.000177167393417984,1
9.056,-0.945229271509986,-1.20277492191875,-1.86226147215223,-3.22065875741508,-0.945229090533813,-0.000177901686502394,1
9.058,-0.945463129296347,-1.20204102876998,-1.86430390746121,-3.21934979127601,-0.945462947583601,-0.000178625747073118,1
9.06,-0.945693785228501,-1.20131629598034,-1.86635734770933,-3.21802066592014,-0.945693602789514,-0.000179339652982718,1
9.062,-0.945921262867109,-1.20060075891375,-1.86842123696582,-3.21667190186008,-0.945921079712125,-0.000180043487277383,1
9.064,-0.946145587357156,-1.19989444668542,-1.87049503820109,-3.21530400695338,-0.946145403496333,-0.000180737337654559,1
9.066,-0.94636678526286,-1.19919738258151,-1.87257823307098,-3.2139174761989,-0.946366600706261,-0.00018142129594867,1
9.068,-0.946584884411383,-1.19850958446536,-1.87467032164599,-3.21251279160173,-0.946584699168973,-0.00018209545764534,1
9.07,-0.946799913745393,-1.19783106516886,-1.87677082209316,-3.21109042210004,-0.946799727827038,-0.000182759921424122,1
9.072,-0.947011903184448,-1.19716183286836,-1.87887927031811,-3.20965082354759,-0.94701171659991,-0.000183414788729535,1
9.074,-0.947220883495089,-1.19650189144422,-1.88099521957364,-3.20819443874564,-0.947220696254025,-0.000184060163369953,1
9.076,-0.947426886169463,-1.19585124082382,-1.88311824004124,-3.20672169751876,-0.947426698281421,-0.000184696151143704,1
9.078,-0.94762994331226,-1.19520987730774,-1.88524791839071,-3.20523301682912,-0.947629754786681,-0.000185322859491596,1
9.08,-0.94783008753569,-1.19457779387914,-1.88738385732316,-3.20372880092444,-0.947829898381904,-0.000185940397174939,1
9.082,-0.948027351862209,-1.19395498049636,-1.88952567510159,-3.20220944151488,-0.948027162089432,-0.000186548873978088,1
9.084,-0.948221769634662,-1.19334142436913,-1.89167300507309,-3.2006753179748,-0.948221579251999,-0.000187148400434391,1
9.086,-0.948413374433516,-1.19273711021861,-1.89382549518622,-3.19912679756553,-0.94841318344996,-0.000187739087574471,1
9.088,-0.948602200000827,-1.19214202052173,-1.89598280750649,-3.19756423567563,-0.948602008425256,-0.000188321046695662,1
9.09,-0.948788280170582,-1.19155613574038,-1.89814461773269,-3.19598797607552,-0.948788088011762,-0.000188894389151463,1
9.092,-0.948971648805071,-1.19097943453584,-1.90031061471641,-3.19439835118363,-0.948971456071655,-0.000189459226159839,1
9.094,-0.949152339736933,-1.19041189396922,-1.90248049998666,-3.19279568234146,-0.949152146437459,-0.000190015668629263,1
9.096,-0.949330386716514,-1.18985348968833,-1.90465398728129,-3.19118028009534,-0.949330192859411,-0.000190563827001324,1
9.098,-0.949505823364227,-1.1893041961017,-1.90683080208671,-3.1895524444828,-0.949505628957809,-0.000191103811108888,1
9.1,-0.949678683127553,-1.1887639865404,-1.90901068118691,-3.18791246532178,-0.949678488180026,-0.000191635730048694,1
9.102,-0.949848999242397,-1.18823283340818,-1.91119337222291,-3.18626062250114,-0.949848803761854,-0.000192159692067424,1
9.104,-0.950016804698465,-1.18771070832057,-1.91337863326333,-3.184597186271,-0.950016608692892,-0.000192675804460244,1
9.106,-0.950182132208394,-1.18719758223376,-1.91556623238662,-3.18292241753174,-0.950181935685669,-0.000193184173480917,1
9.108,-0.950345014180354,-1.18669342556343,-1.91775594727552,-3.18123656812065,-0.950344817148245,-0.000193684904262608,1
9.11,-0.950505482693841,-1.18619820829462,-1.91994756482393,-3.17953988109534,-0.950505285160014,-0.000194178100748533,1
9.112,-0.950663569478444,-1.18571190008274,-1.92214088075654,-3.17783259101308,-0.950663371450459,-0.000194663865631694,1
9.114,-0.950819305895326,-1.1852344703466,-1.92433569926115,-3.17611492420547,-0.95081910738064,-0.00019514230030296,1
9.116,-0.950972722921211,-1.18476588835375,-1.92653183263383,-3.17438709904799,-0.95097252392718,-0.000195613504806786,1
9.118,-0.951123851134674,-1.18430612329879,-1.92872910093682,-3.1726493262238,-0.951123651668551,-0.000196077577803946,1
9.12,-0.951272720704527,-1.18385514437496,-1.93092733166902,-3.17090180898162,-0.951272520773468,-0.000196534616540667,1
9.122,-0.951419361380138,-1.18341292083966,-1.93312635944894,-3.16914474338738,-0.951419160991202,-0.000196984716823592,1
9.124,-0.951563802483505,-1.18297942207408,-1.93532602570992,-3.16737831856929,-0.951563601643654,-0.000197427973000062,1
9.126,-0.951706072902933,-1.18255461763759,-1.93752617840726,-3.16560271695639,-0.951705871619035,-0.00019786447794324,1
9.128,-0.951846201088161,-1.18213847731702,-1.93972667173712,-3.16381811451028,-0.951845999366991,-0.000198294323041587,1
9.13,-0.95198421504682,-1.18173097117147,-1.94192736586677,-3.16202468095018,-0.951984012895061,-0.000198717598192323,1
9.132,-0.952120142342082,-1.18133206957267,-1.944128126676,-3.16022257997106,-0.952119939766329,-0.000199134391798443,1
9.134,-0.952254010091396,-1.1809417432415,-1.94632882550923,-3.15841196945509,-0.952253807098153,-0.00019954479076897,1
9.136,-0.952385844966196,-1.1805599632807,-1.94852933893803,-3.15659300167631,-0.952385641561881,-0.000199948880522094,1
9.138,-0.952515673192489,-1.18018670120435,-1.95072954853375,-3.15476582349864,-0.952515469383435,-0.000200346744990881,1
9.14,-0.952643520552236,-1.17982192896399,-1.95292934064983,-3.1529305765673,-0.952643316344692,-0.000200738466631328,1
9.142,-0.952769412385428,-1.17946561897203,-1.9551286062135,-3.15108739749379,-0.952769207785561,-0.00020112412643245,1
9.144,-0.9528933735928,-1.17911774412234,-1.95732724052654,-3.14923641803454,-0.952893168606695,-0.00020150380392819,1
9.146,-0.953015428639101,-1.1787782778085,-1.95952514307461,-3.14737776526324,-0.953015223272765,-0.000201877577210957,1
9.148,-0.953135601556857,-1.17844719393962,-1.96172221734506,-3.14551156173727,-0.953135395816219,-0.000202245522946551,1
9.15,-0.953253915950573,-1.17812446695422,-1.96391837065262,-3.14363792565806,-0.953253709841482,-0.000202607716390347,1
9.152,-0.953370395001311,-1.17781007183211,-1.96611351397289,-3.14175697102581,-0.953370188529546,-0.000202964231404529,1
9.154,-0.953485061471615,-1.17750398410448,-1.96830756178309,-3.13986880778849,-0.953484854642878,-0.000203315140476258,1
9.156,-0.953597937710708,-1.17720617986246,-1.97050043190992,-3.13797354198555,-0.953597730530629,-0.000203660514736629,1
9.158,-0.953709045659947,-1.17691663576408,-1.97269204538418,-3.1360712758862,-0.953708838134086,-0.000204000423980278,1
9.16,-0.953818406858485,-1.17663532904002,-1.97488232630184,-3.13416210812273,-0.953818198992332,-0.000204334936685548,1
9.162,-0.953926042449113,-1.17636223749793,-1.97707120169126,-3.13224613381877,-0.953925834248089,-0.000204664120035107,1
9.164,-0.954031973184244,-1.17609733952579,-1.97925860138642,-3.13032344471285,-0.954031764653703,-0.000204988039936931,1
9.166,-0.954136219432016,-1.17584061409412,-1.98144445790568,-3.12839412927733,-0.954136010577247,-0.000205306761045534,1
9.168,-0.954238801182493,-1.17559204075732,-1.98362870633601,-3.12645827283284,-0.95423859200872,-0.000205620346783436,1
9.17,-0.954339738053927,-1.17535159965408,-1.98581128422239,-3.12451595765843,-0.954339528566312,-0.000205928859362735,1
9.172,-0.954439049299084,-1.17511927150705,-1.98799213146209,-3.12256726309764,-0.954438839502724,-0.00020623235980677,1
9.174,-0.954536753811583,-1.17489503762186,-1.99017119020366,-3.1206122656605,-0.954536543711517,-0.000206530907971792,1
9.176,-0.954632870135857,-1.17467888372181,-1.99234839291225,-3.11865105759982,-0.954632659746147,-0.000206815487988818,1
9.178,-0.954727416457592,-1.17447078456406,-1.99452370964948,-3.11668367310888,-0.954727205774071,-0.000207104307813257,1
9.18,-0.954820410637882,-1.17427072708356,-1.99669707688541,-3.11471019922604,-0.954820199665412,-0.000207388348125646,1
9.182,-0.954911870195786,-1.17407869487468,-1.99886844486318,-3.11273070208068,-0.954911658939173,-0.000207667664324831,1
9.184,-0.955001812324482,-1.17389467212177,-2.00103776562287,-3.11074524541591,-0.955001600788476,-0.000207942310754475,1
9.186,-0.955090253895948,-1.17371864357446,-2.00320499293722,-3.10875389067754,-0.955090042085245,-0.000208212340719211,1
9.188,-0.955177211467143,-1.17355059454326,-2.00537008223805,-3.10675669709207,-0.955176999386387,-0.000208477806505325,1
9.19,-0.955262701286147,-1.1733905108949,-2.00753299054583,-3.10475372174167,-0.955262488939928,-0.000208738759401226,1
9.192,-0.955346739298213,-1.17323837904737,-2.00969367640249,-3.10274501963645,-0.955346526691071,-0.000208995249717641,1
9.194,-0.955429341151766,-1.17309418596476,-2.01185209980699,-3.10073064378395,-0.95542912828819,-0.000209247326807529,1
9.196,-0.955510522204307,-1.17295791915189,-2.01400822215378,-3.09871064525602,-0.955510309088738,-0.000209495039085698,1
9.198,-0.95559029752825,-1.17282956664878,-2.01616200617398,-3.0966850732533,-0.95559008416508,-0.000209738434048135,1
9.2,-0.955668681916662,-1.1727091170249,-2.01831341587894,-3.09465397516716,-0.955668468310234,-0.000209977558291,1
9.202,-0.955745689888921,-1.17259655937341,-2.02046241650643,-3.09261739663951,-0.955745476043535,-0.000210212457529333,1
9.204,-0.955821335696284,-1.17249188330518,-2.02260897446903,-3.09057538162022,-0.955821121616192,-0.000210443176615399,1
9.206,-0.95589563332736,-1.17239507894277,-2.02475305730469,-3.0885279724226,-0.955895419016769,-0.000210669759556733,1
9.208,-0.955968596513485,-1.17230613691436,-2.02689463362955,-3.08647520977667,-0.955968381976559,-0.000210892249533843,1
9.21,-0.956040238734012,-1.17222504834756,-2.02903367309262,-3.08441713288062,-0.956040023974872,-0.00021111068891757,1
9.212,-0.956110573221495,-1.17215180486324,-2.0311701463325,-3.08235377945033,-0.956110358244218,-0.000211325119286129,1
9.214,-0.956179612966778,-1.17208639856928,-2.03330402493579,-3.08028518576706,-0.956179397775402,-0.000211535581441797,1
9.216,-0.956247370723994,-1.17202882205434,-2.03543528139741,-3.07821138672346,-0.956247155322515,-0.000211742115427277,1
9.218,-0.956313859015457,-1.17197906838161,-2.03756388908248,-3.07613241586792,-0.956313643407831,-0.000211944760541727,1
9.22,-0.956379090136464,-1.17193713108254,-2.03968982218981,-3.07404830544731,-0.956378874326607,-0.000212143555356443,1
9.222,-0.956443076159995,-1.17190300415058,-2.04181305571693,-3.0719590864482,-0.956442860151786,-0.000212338537730243,1
9.224,-0.956505828941326,-1.17187668203503,-2.04393356542656,-3.06986478863656,-0.956505612738606,-0.000212529744824489,1
9.226,-0.956567360122534,-1.17185815963473,-2.04605132781447,-3.06776544059616,-0.956567143729106,-0.000212717213117806,1
9.228,-0.956627681136918,-1.17184743229197,-2.04816632007863,-3.06566106976552,-0.956627464556549,-0.000212900978420477,1
9.23,-0.956686803213325,-1.17184449578633,-2.0502785200897,-3.06355170247361,-0.956686586449745,-0.000213081075888524,1
9.232,-0.956744737380374,-1.17184934632859,-2.05238790636263,-3.06143736397428,-0.956744520437281,-0.000213257540037474,1
9.234,-0.956801494470606,-1.17186198055466,-2.05449445802949,-3.05931807847951,-0.95680127735166,-0.000213430404755817,1
9.236,-0.956857085124524,-1.1718823955196,-2.05659815481332,-3.0571938691915,-0.956856867833355,-0.000213599703318168,1
9.238,-0.956911519794565,-1.17191058869168,-2.05869897700316,-3.05506475833365,-0.956911302334765,-0.00021376546839813,1
9.24,-0.956964808748963,-1.17194655794648,-2.06079690542992,-3.0529307671805,-0.956964591124095,-0.00021392773208086,1
9.242,-0.957016962075544,-1.17199030156104,-2.06289192144338,-3.05079191608663,-0.957016744289138,-0.000214086525875345,1
9.244,-0.957067989685428,-1.17204181820811,-2.06498400688994,-3.04864822451462,-0.957067771740983,-0.000214241880726419,1
9.246,-0.957117901316816,-1.17210110709669,-2.06707314356814,-3.0464997119091,-0.95711768321821,-0.000214393421005681,1
9.248,-0.957166706537789,-1.17216816737941,-2.06915931530206,-3.04434639433552,-0.957166488288048,-0.000214541988633971,1
9.25,-0.957214414751056,-1.17224299903136,-2.07124250477905,-3.04218828958427,-0.957214196353586,-0.00021468720688385,1
9.252,-0.957261035196231,-1.17232560225053,-2.07332269562801,-3.04002541381147,-0.957260816654412,-0.000214829104557844,1
9.254,-0.957306576953598,-1.17241597760376,-2.07539987187561,-3.03785778240696,-0.957306358270778,-0.000214967709950499,1
9.256,-0.95735104894726,-1.17251412602028,-2.07747401792931,-3.03568541001767,-0.957350830126759,-0.00021510305085859,1
9.258,-0.957394459948295,-1.17262004878641,-2.07954511856059,-3.0335083105697,-0.957394240993408,-0.000215235154591297,1
9.26,-0.957436818577838,-1.17273374754029,-2.08161315888888,-3.03132649728972,-0.95743659949183,-0.000215364047980139,1
9.262,-0.957478133310091,-1.17285522426668,-2.08367812436599,-3.02913998272561,-0.957477914096201,-0.00021548975738869,1
9.264,-0.95751841247526,-1.17298448129187,-2.08574000076125,-3.02694877876655,-0.957518193136701,-0.000215612308722051,1
9.266,-0.957557664262434,-1.17312152127859,-2.08779877414708,-3.0247528966624,-0.957557444802392,-0.000215731727436105,1
9.268,-0.957595896722387,-1.17326634722107,-2.08985443088522,-3.0225523470425,-0.957595677144024,-0.000215848038546558,1
9.27,-0.957633117770321,-1.17341896244005,-2.09190695761346,-3.02034713993388,-0.957632898076773,-0.00021596126663776,1
9.272,-0.957669335188545,-1.17357937057799,-2.09395634123276,-3.01813728477894,-0.957669115382923,-0.000216071435871321,1
9.274,-0.957704556629088,-1.17374757559421,-2.09600256889497,-3.01592279045254,-0.957704336714481,-0.000216178569994525,1
9.276,-0.95773878961626,-1.17392358176024,-2.09804562799097,-3.0137036652786,-0.957738569595732,-0.000216282692348543,1
9.278,-0.957772041549145,-1.17410739365506,-2.1000855061392,-3.01147991704625,-0.957771821425734,-0.000216383825876452,1
9.28,-0.957804319704036,-1.17429901616054,-2.10212219117465,-3.0092515530254,-0.957804099480762,-0.000216481993131073,1
9.282,-0.957835631236823,-1.17449845445688,-2.10415567113825,-3.00701857998191,-0.957835410916681,-0.000216577216282609,1
9.284,-0.95786598318532,-1.17470571401812,-2.10618593426666,-3.00478100419234,-0.957865762771282,-0.000216669517126125,1
9.286,-0.957895382471532,-1.17492080060772,-2.10821296898234,-3.00253883145821,-0.957895161966548,-0.00021675891708882,1
9.288,-0.95792383590388,-1.17514372027414,-2.11023676388411,-3.00029206711991,-0.957923615310881,-0.000216845437237168,1
9.29,-0.957951350179369,-1.17537447934656,-2.11225730773794,-2.99804071607019,-0.957951129501263,-0.000216929098283859,1
9.292,-0.957977931885709,-1.1756130844306,-2.11427458946807,-2.99578478276723,-0.957977711125384,-0.00021700992059459,1
9.294,-0.95800358750338,-1.17585954240411,-2.11628859814858,-2.99352427124746,-0.958003366663703,-0.000217087924194696,1
9.296,-0.95802832340766,-1.17611386041299,-2.11829932299503,-2.99125918513789,-0.958028102491479,-0.00021716312877563,1
9.298,-0.958052145870598,-1.17637604586707,-2.1203067533566,-2.98898952766819,-0.95805192488074,-0.000217235553701279,1
9.3,-0.958075061062945,-1.17664610643608,-2.12231087870836,-2.98671530168244,-0.958074840002219,-0.000217305218014151,1
9.302,-0.958097075056039,-1.17692405004561,-2.12431168864391,-2.98443650965054,-0.958096853927235,-0.000217372140441398,1
9.304,-0.958118193823651,-1.17720988487313,-2.12630917286819,-2.98215315367933,-0.958117972629538,-0.00021743633940071,1
9.306,-0.958138423243782,-1.17750361934409,-2.12830332119059,-2.97986523552341,-0.958138201987113,-0.000217497833006081,1
9.308,-0.958157769100424,-1.177805262128,-2.13029412351827,-2.97757275659574,-0.958157547783933,-0.000217556639073413,1
9.31,-0.958176237085281,-1.17811482213462,-2.13228156984971,-2.97527571797786,-0.958176015711683,-0.000217612775126025,1
9.312,-0.958193832799445,-1.17843230851014,-2.13426565026846,-2.97297412043,-0.95819361137144,-0.000217666258400005,1
9.314,-0.958210561755043,-1.17875773063343,-2.13624635493716,-2.97066796440078,-0.958210340275311,-0.000217717105849463,1
9.316,-0.958226429376837,-1.17909109811232,-2.13822367409168,-2.96835725003681,-0.958226207848044,-0.000217765334151638,1
9.318,-0.958241441003796,-1.1794324207799,-2.14019759803548,-2.96604197719201,-0.958241219428588,-0.000217810959711911,1
9.32,-0.958255601890626,-1.17978170869087,-2.14216811713418,-2.96372214543667,-0.958255380271635,-0.000217853998668691,1
9.322,-0.958268917209269,-1.18013897211792,-2.14413522181029,-2.96139775406636,-0.958268695549111,-0.000217894466898192,1
9.324,-0.95828139205037,-1.18050422154817,-2.14609890253812,-2.95906880211061,-0.958281170351644,-0.000217932380019091,1
9.326,-0.958293031424705,-1.18087746767959,-2.1480591498388,-2.95673528834139,-0.958292809689994,-0.000217967753397105,1
9.328,-0.958303840264579,-1.18125872141747,-2.15001595427558,-2.95439721128141,-0.958303618496452,-0.00021800060214943,1
9.33,-0.9583138234252,-1.18164799387096,-2.15196930644911,-2.95205456921223,-0.958313601626209,-0.000218030941149113,1
9.332,-0.958322985686012,-1.18204529634955,-2.15391919699304,-2.94970736018224,-0.958322763858696,-0.000218058785029299,1
9.334,-0.958331331752002,-1.18245064035969,-2.15586561656966,-2.94735558201438,-0.958331109898885,-0.000218084148187393,1
9.336,-0.958338866254981,-1.18286403760133,-2.15780855586566,-2.94499923231379,-0.958338644378572,-0.000218107044789129,1
9.338,-0.958345593754834,-1.18328549996453,-2.15974800558813,-2.94263830847528,-0.958345371857627,-0.000218127488772547,1
9.34,-0.958351518740738,-1.1837150395261,-2.16168395646054,-2.94027280769064,-0.958351296825215,-0.000218145493851873,1
9.342,-0.958356645632363,-1.18415266854625,-2.16361639921896,-2.93790272695579,-0.958356423700991,-0.000218161073521325,1
9.344,-0.958360978781039,-1.18459839946526,-2.16554532460834,-2.93552806307785,-0.958360756836272,-0.000218174241058823,1
9.346,-0.958364522470896,-1.18505224490014,-2.16747072337891,-2.933148812682,-0.958364300515174,-0.000218185009529621,1
9.348,-0.958367280919987,-1.18551421764139,-2.1693925862827,-2.93076497221834,-0.958367058955738,-0.000218193391789856,1
9.35,-0.958369258281376,-1.18598433064967,-2.17131090407016,-2.92837653796847,-0.958369036311015,-0.00021819940049002,1
9.352,-0.958370458644214,-1.18646259705256,-2.17322566748683,-2.92598350605206,-0.958370236670142,-0.000218203048078359,1
9.354,-0.95837088603478,-1.18694903014132,-2.17513686727024,-2.92358587243332,-0.958370664059387,-0.000218204346804182,1
9.356,-0.958370544417507,-1.18744364336763,-2.17704449414673,-2.92118363292726,-0.95837032244317,-0.000218203308721119,1
9.358,-0.958369437695982,-1.18794645034038,-2.17894853882849,-2.918776783206,-0.958369215725065,-0.000218199945690287,1
9.36,-0.958367569713961,-1.18845746484313,-2.18084899189834,-2.9163653190014,-0.958367347748912,-0.000218194178710156,1
9.362,-0.958364944256168,-1.18897670074761,-2.18274584425629,-2.91394923532523,-0.958364722299234,-0.000218186200612161,1
9.364,-0.958361565049514,-1.18950417213663,-2.18463908644229,-2.91152852765321,-0.958361343103027,-0.000218175932025344,1
9.366,-0.958357435763773,-1.19003989321552,-2.18652870908365,-2.90910319114629,-0.95835721383005,-0.000218163384071105,1
9.368,-0.958352560012579,-1.19058387833114,-2.18841470277967,-2.90667322085206,-0.958352338093928,-0.000218148567693243,1
9.37,-0.958346941354287,-1.19113614196838,-2.19029705809916,-2.90423861171067,-0.958346719453006,-0.00021813149366068,1
9.372,-0.958340583292837,-1.19169669874699,-2.19217576557802,-2.90179935856039,-0.958340361411211,-0.000218112172570191,1
9.374,-0.958333489278592,-1.19226556341839,-2.19405081571683,-2.89935545614325,-0.958333267418896,-0.000218090614849055,1
9.376,-0.95832566270916,-1.19284275086252,-2.19592219897856,-2.89690689911049,-0.958325440873659,-0.000218066830757664,1
9.378,-0.958317106930203,-1.19342827608467,-2.19778990578626,-2.89445368202802,-0.958316885121152,-0.000218040830392068,1
9.38,-0.958307825236224,-1.19402215421229,-2.19965392652089,-2.89199579938174,-0.958307603455867,-0.000218012623686467,1
9.382,-0.958297820871337,-1.19462440049184,-2.20151425151918,-2.88953324558292,-0.958297599121909,-0.00021798222041565,1
9.384,-0.958287097030027,-1.19523503028557,-2.20337087107154,-2.88706601497338,-0.958286875313752,-0.00021794963019738,1
9.386,-0.958275656857883,-1.19585405906842,-2.20522377542002,-2.88459410183079,-0.958275435176977,-0.00021791486249473,1
9.388,-0.958263503452329,-1.19648150242478,-2.20707295475634,-2.88211750037374,-0.958263281808997,-0.000217877926618368,1
9.39,-0.958250639863328,-1.19711737604529,-2.20891839921996,-2.87963620476689,-0.958250418259767,-0.000217838831728793,1
9.392,-0.958237069094079,-1.19776169572411,-2.21076009889344,-2.87715020913106,-0.958236847532478,-0.000217797584564669,1
9.394,-0.958222794101691,-1.19841447735403,-2.21259804381174,-2.87465950752822,-0.958222572584225,-0.000217754198540333,1
9.396,-0.958207817797853,-1.19907573692578,-2.21443222394371,-2.87216409399647,-0.958207596326693,-0.000217708680104912,1
9.398,-0.958192143049486,-1.19974549052312,-2.21626262920152,-2.86966396253502,-0.958191921626791,-0.000217661037839654,1
9.4,-0.958175772679376,-1.20042375432003,-2.21808924943616,-2.86715910711414,-0.958175551307299,-0.000217611280186125,1
9.402,-0.9581587094668,-1.20111054457747,-2.21991207443583,-2.86464952167996,-0.958158488147484,-0.000217559415448167,1
9.404,-0.958140956148141,-1.20180587764017,-2.22173109392427,-2.8621352001594,-0.958140734883721,-0.000217505451793838,1
9.406,-0.95812251541748,-1.20250976993334,-2.22354629755925,-2.85961613646498,-0.958122294210084,-0.000217449397257285,1
9.408,-0.958103389927188,-1.20322223795935,-2.225357674931,-2.8570923244996,-0.958103168778934,-0.000217391259740593,1
9.41,-0.958083582288496,-1.20394329829454,-2.22716521556074,-2.85456375816138,-0.958083361201495,-0.000217331047015582,1
9.412,-0.95806309507206,-1.20467296758582,-2.22896890889919,-2.85203043134835,-0.958062874048415,-0.000217268766725585,1
9.414,-0.95804193080851,-1.2054112625474,-2.23076874432521,-2.84949233796326,-0.958041709850318,-0.000217204426387173,1
9.416,-0.958020091988992,-1.20615819995744,-2.23256471114432,-2.84694947191825,-0.95801987109834,-0.000217138033391851,1
9.418,-0.957997581065691,-1.2069137966547,-2.23435679858743,-2.84440182713961,-0.95799736024466,-0.000217069595007708,1
9.42,-0.957974400452351,-1.20767806953513,-2.23614499580948,-2.84184939757242,-0.957974179703015,-0.00021699911838105,1
9.422,-0.957950552524784,-1.20845103554856,-2.23792929188812,-2.83929217718529,-0.957950331849209,-0.00021692661053799,1
9.424,-0.957926039621363,-1.2092327116952,-2.23970967582251,-2.836730159975,-0.957925819021608,-0.000216852078385994,1
9.426,-0.957900864043508,-1.21002311502222,-2.24148613653204,-2.83416333997118,-0.957900643521626,-0.000216775528715417,1
9.428,-0.957875028056166,-1.21082226262037,-2.24325866285515,-2.83159171124095,-0.957874807614202,-0.000216696968200984,1
9.43,-0.95784853388827,-1.21163017162041,-2.24502724354813,-2.82901526789361,-0.957848313528263,-0.000216616403403259,1
9.432,-0.957821383733203,-1.21244685918964,-2.24679186728401,-2.82643400408524,-0.957821163457186,-0.000216533840770072,1
9.434,-0.957793579749244,-1.21327234252841,-2.2485525226514,-2.82384791402337,-0.957793359559242,-0.000216449286637916,1
9.436,-0.957765124060001,-1.21410663886652,-2.2503091981534,-2.82125699197166,-0.957764903958034,-0.000216362747233325,1
9.438,-0.957736018754847,-1.21494976545967,-2.25206188220655,-2.81866123225446,-0.957735798742929,-0.000216274228674209,1
9.44,-0.957706265889338,-1.21580173958587,-2.25381056313977,-2.81606062926156,-0.957706045969475,-0.000216183736971177,1
9.442,-0.957675867485622,-1.21666257854177,-2.25555522919334,-2.81345517745275,-0.957675647659815,-0.000216091278028812,1
9.444,-0.957644825532849,-1.21753229963906,-2.25729586851788,-2.81084487136253,-0.957644605803095,-0.000215996857646949,1
9.446,-0.957613141987559,-1.21841092020074,-2.25903246917341,-2.80822970560476,-0.957612922355847,-0.000215900481521884,1
9.448,-0.957580818774076,-1.21929845755744,-2.26076501912837,-2.80560967487729,-0.957580599242389,-0.000215802155247606,1
9.45,-0.957547857784883,-1.22019492904366,-2.2624935062587,-2.80298477396669,-0.957547638355201,-0.000215701884316968,1
9.452,-0.957514260880995,-1.22110035199399,-2.26421791834691,-2.8003549977529,-0.957514041555288,-0.000215599674122842,1
9.454,-0.957480029892321,-1.22201474373934,-2.2659382430812,-2.79772034121392,-0.957479810672559,-0.000215495529959261,1
9.456,-0.957445166618025,-1.22293812160306,-2.26765446805462,-2.79508079943052,-0.957444947506169,-0.000215389457022523,1
9.458,-0.957409672826873,-1.22387050289713,-2.26936658076416,-2.79243636759097,-0.957409453824879,-0.000215281460412282,1
9.46,-0.957373550257571,-1.22481190491819,-2.27107456860997,-2.78978704099576,-0.957373331367392,-0.000215171545132604,1
9.462,-0.957336800619107,-1.22576234494367,-2.27277841889452,-2.78713281506232,-0.957336581842691,-0.000215059716093018,1
9.464,-0.957299425591077,-1.22672184022778,-2.27447811882184,-2.78447368532983,-0.957299206930364,-0.000214945978109532,1
9.466,-0.957261426824004,-1.22769040799753,-2.27617365549669,-2.78180964746395,-0.957261208280932,-0.000214830335905629,1
9.468,-0.957222805939653,-1.22866806544868,-2.27786501592389,-2.77914069726163,-0.957222587516154,-0.000214712794113238,1
9.47,-0.957183564531345,-1.22965482974169,-2.27955218700748,-2.77646683065593,-0.957183346229347,-0.000214593357273704,1
9.472,-0.957143704164252,-1.23065071799756,-2.2812351555501,-2.77378804372083,-0.957143485985678,-0.000214472029838714,1
9.474,-0.957103226375696,-1.23165574729375,-2.2829139082522,-2.77110433267607,-0.957103008322465,-0.000214348816171211,1
9.476,-0.957062132675442,-1.23266993465993,-2.28458843171144,-2.76841569389207,-0.957061914749469,-0.000214223720546301,1
9.478,-0.957020424545975,-1.2336932970738,-2.28625871242195,-2.76572212389475,-0.957020206749169,-0.000214096747152116,1
9.48,-0.956978103442783,-1.23472585145683,-2.28792473677372,-2.76302361937051,-0.956977885777051,-0.000213967900090687,1
9.482,-0.956935170794625,-1.23576761466992,-2.28958649105195,-2.76032017717111,-0.956934953261869,-0.000213837183378766,1
9.484,-0.956891628003804,-1.23681860350908,-2.29124396143645,-2.75761179431866,-0.956891410605921,-0.000213704600948667,1
9.486,-0.956847476446419,-1.23787883470108,-2.29289713400102,-2.75489846801058,-0.956847259185305,-0.000213570156649053,1
9.488,-0.95680271747263,-1.23894832489899,-2.29454599471285,-2.75218019562463,-0.956802500350173,-0.000213433854245734,1
9.49,-0.956757352406897,-1.2400270906777,-2.296190529432,-2.74945697472394,-0.956757135424985,-0.000213295697422428,1
9.492,-0.956711382548237,-1.2411151485295,-2.2978307239108,-2.74672880306204,-0.956711165708752,-0.000213155689781518,1
9.494,-0.956664809170453,-1.24221251485941,-2.29946656379333,-2.74399567858797,-0.956664592475275,-0.000213013834844788,1
9.496,-0.956617633522375,-1.24331920598072,-2.3010980346149,-2.7412575994514,-0.956617416973379,-0.000212870136054135,1
9.498,-0.956569856828087,-1.24443523811024,-2.30272512180154,-2.73851456400774,-0.956569640427145,-0.000212724596772283,1
9.5,-0.956521480287151,-1.24556062736372,-2.30434781066949,-2.73576657082332,-0.956521264036133,-0.000212577220283465,1
9.502,-0.956472505074827,-1.24669538975107,-2.30596608642476,-2.73301361868059,-0.956472288975598,-0.000212428009794087,1
9.504,-0.956422932342292,-1.2478395411716,-2.30757993416264,-2.73025570658337,-0.956422716396714,-0.000212276968433406,1
9.506,-0.956372763216844,-1.24899309740926,-2.30918933886725,-2.72749283376204,-0.956372547426777,-0.000212124099254149,1
9.508,-0.956321998802112,-1.25015607412773,-2.31079428541116,-2.72472499967888,-0.956321783169413,-0.000211969405233156,1
9.51,-0.956270640178317,-1.25132848686364,-2.31239475837938,-2.72195220438453,-0.956270424704992,-0.000211812738913514,1
9.512,-0.956218688402201,-1.25251035102797,-2.31399074277142,-2.71917444711962,-0.956218473089948,-0.000211654403827914,1
9.514,-0.956166144507686,-1.25370168189415,-2.31558222294655,-2.71639172842381,-0.956165929358352,-0.000211494252381746,1
9.516,-0.956113009505662,-1.25490249459473,-2.31716918332717,-2.71360404874088,-0.956112794521092,-0.000211332287254185,1
9.518,-0.956059284384342,-1.25611280411773,-2.31875160822192,-2.71081140877286,-0.956059069566378,-0.000211168511051517,1
9.52,-0.956004970109409,-1.25733262530089,-2.32032948182562,-2.708013809486,-0.956004755459892,-0.000211002926307608,1
9.522,-0.955950067624195,-1.25856197282637,-2.32190278821887,-2.70521125211633,-0.955949853144962,-0.000210835535484424,1
9.524,-0.955894577849854,-1.25980086121565,-2.3234715113678,-2.70240373817512,-0.95589436354274,-0.000210666340972561,1
9.526,-0.955838501685528,-1.26104930482417,-2.32503563512373,-2.6995912694545,-0.955838287552364,-0.000210495345091742,1
9.528,-0.955781840008509,-1.26230731783604,-2.32659514322293,-2.69677384803306,-0.955781626051126,-0.000210322550091314,1
9.53,-0.955724593674404,-1.26357491425868,-2.32815001928631,-2.69395147628144,-0.955724379894631,-0.000210147958150727,1
9.532,-0.955666763517289,-1.26485210791741,-2.32970024681921,-2.69112415686803,-0.955666549916951,-0.000209971571379999,1
9.534,-0.955608350349861,-1.26613891244994,-2.33124580921113,-2.68829189276469,-0.955608136930782,-0.000209793391820184,1
9.536,-0.955549354963587,-1.26743534130088,-2.33278668973555,-2.68545468725243,-0.955549141727588,-0.0002096134214438,1
9.538,-0.955489778128851,-1.26874140771623,-2.33432287154967,-2.68261254392721,-0.955489565077753,-0.000209431662155277,1
9.54,-0.955429620595095,-1.27005712473769,-2.33585433769431,-2.67976546670574,-0.955429407730716,-0.000209248115791366,1
9.542,-0.955368883090958,-1.27138250519701,-2.33738107109364,-2.67691345983131,-0.955368670415113,-0.000209062784121558,1
9.544,-0.955307566324409,-1.27271756171037,-2.33890305455507,-2.67405652787962,-0.955307353838913,-0.000208875668848481,1
9.546,-0.95524567098288,-1.27406230667248,-2.34042027076913,-2.67119467576475,-0.955245458689546,-0.000208686771608282,1
9.548,-0.955183197733396,-1.27541675225091,-2.3419327023093,-2.66832790874501,-0.955182985634034,-0.000208496093971014,1
9.55,-0.955120147222694,-1.27678091038015,-2.34344033163193,-2.66545623242897,-0.955119935319116,-0.000208303637440994,1
9.552,-0.955056520077356,-1.27815479275575,-2.34494314107613,-2.66257965278141,-0.955056308371368,-0.000208109403457169,1
9.554,-0.954992316903912,-1.27953841082831,-2.34644111286371,-2.65969817612939,-0.954992105397321,-0.000207913393393445,1
9.556,-0.954927538288967,-1.28093177579756,-2.3479342290991,-2.65681180916828,-0.95492732698358,-0.000207715608559038,1
9.558,-0.954862184799312,-1.28233489860625,-2.34942247176932,-2.65392055896785,-0.954861973696931,-0.000207516050198795,1
9.56,-0.954796256982026,-1.28374778993407,-2.35090582274397,-2.65102443297844,-0.954796046084456,-0.000207314719493501,1
9.562,-0.95472975536459,-1.28517046019151,-2.35238426377518,-2.64812343903707,-0.954729544673631,-0.000207111617560193,1
9.564,-0.954662680454984,-1.28660291951365,-2.35385777649764,-2.64521758537362,-0.954662469972438,-0.000206906745452454,1
9.566,-0.954595032741793,-1.28804517775391,-2.35532634242862,-2.64230688061712,-0.954594822469459,-0.000206700104160694,1
9.568,-0.954526812694297,-1.28949724447782,-2.35678994296801,-2.63939133380192,-0.954526602633975,-0.000206491694612432,1
9.57,-0.954458020762572,-1.29095912895659,-2.35824855939841,-2.63647095437401,-0.95445781091606,-0.000206281517672556,1
9.572,-0.954388657377576,-1.29243084016078,-2.35970217288513,-2.63354575219733,-0.95438844774667,-0.000206069574143585,1
9.574,-0.954318722951242,-1.29391238675387,-2.36115076447636,-2.63061573756008,-0.954318513537738,-0.000205855864765916,1
9.576,-0.954248217876559,-1.29540377708577,-2.36259431510325,-2.62768092118111,-0.954248008682254,-0.000205640390218062,1
9.578,-0.95417714252766,-1.29690501918629,-2.36403280558006,-2.62474131421632,-0.954176933554347,-0.000205423151116882,1
9.58,-0.954105497259897,-1.29841612075855,-2.36546621660425,-2.62179692826507,-0.954105288509373,-0.000205204148017804,1
9.582,-0.954033282409923,-1.29993708917243,-2.36689452875674,-2.61884777537661,-0.95403307388398,-0.000204983381415024,1
9.584,-0.953960498295764,-1.30146793145784,-2.36831772250201,-2.61589386805662,-0.953960289996197,-0.000204760851741736,1
9.586,-0.953887145216894,-1.30300865429802,-2.36973577818836,-2.61293521927361,-0.953886937145495,-0.000204536559370295,1
9.588,-0.9538132234543,-1.30455926402285,-2.3711486760481,-2.60997184246556,-0.953813015612863,-0.00020431050461243,1
9.59,-0.953738733270553,-1.30611976660197,-2.37255639619784,-2.60700375154638,-0.953738525660871,-0.000204082687719398,1
9.592,-0.953663674909872,-1.30769016763804,-2.37395891863868,-2.60403096091252,-0.953663467533736,-0.00020385310888217,1
9.594,-0.953588048598183,-1.30927047235975,-2.37535622325657,-2.60105348544959,-0.953587841457385,-0.000203621768231584,1
9.596,-0.953511854543182,-1.31086068561501,-2.37674828982256,-2.59807134053891,-0.953511647639515,-0.000203388665838496,1
9.598,-0.953435092934389,-1.31246081186391,-2.37813509799312,-2.59508454206422,-0.953434886269645,-0.000203153801713928,1
9.6,-0.953357763943205,-1.31407085517175,-2.37951662731054,-2.59209310641831,-0.953357557519176,-0.000202917175809201,1
9.602,-0.953279867722959,-1.31569081920199,-2.38089285720324,-2.58909705050967,-0.953279661541438,-0.000202678788016059,1
9.604,-0.953201404408966,-1.31732070720917,-2.38226376698616,-2.58609639176928,-0.953201198471745,-0.000202438638166797,1
9.606,-0.953122374118566,-1.31896052203181,-2.38362933586118,-2.58309114815718,-0.953122168427438,-0.000202196726034367,1
9.608,-0.953042776951172,-1.32061026608522,-2.38498954291755,-2.58008133816932,-0.95304257150793,-0.000201953051332478,1
9.61,-0.952962612988313,-1.32226994135432,-2.38634436713233,-2.57706698084427,-0.952962407794749,-0.000201707613715698,1
9.612,-0.952881882293672,-1.32393954938643,-2.38769378737083,-2.57404809576995,-0.952881677351582,-0.000201460412779543,1
9.614,-0.952800584913127,-1.325619091284,-2.38903778238717,-2.57102470309044,-0.952800380224304,-0.00020121144806055,1
9.616,-0.952718720874781,-1.32730856769728,-2.39037633082473,-2.56799682351273,-0.952718516441021,-0.000200960719036352,1
9.618,-0.952636290189004,-1.32900797881705,-2.3917094112167,-2.56496447831355,-0.9526360860121,-0.000200708225125749,1
9.62,-0.952553292848451,-1.33071732436719,-2.39303700198668,-2.56192768934615,-0.952553088930202,-0.000200453965688751,1
9.622,-0.952469728828104,-1.33243660359736,-2.39435908144919,-2.55888647904709,-0.952469525170305,-0.000200197940026643,1
9.624,-0.952385598085289,-1.33416581527552,-2.39567562781033,-2.55584087044311,-0.952385394689737,-0.000199940147382015,1
9.626,-0.952300900559703,-1.33590495768051,-2.3969866191684,-2.55279088715791,-0.952300697428197,-0.000199680586938805,1
9.628,-0.952215636173437,-1.33765402859459,-2.3982920335145,-2.549736553419,-0.952215433307777,-0.000199419257822322,1
9.63,-0.952129804830995,-1.33941302529589,-2.39959184873328,-2.5466778940645,-0.952129602232981,-0.00019915615909926,1
9.632,-0.952043406419312,-1.34118194455091,-2.40088604260359,-2.54361493455001,-0.952043204090744,-0.000198891289777725,1
9.634,-0.951956440807766,-1.34296078260699,-2.40217459279918,-2.5405477009554,-0.951956238750447,-0.000198624648807221,1
9.636,-0.951868907848195,-1.3447495351847,-2.40345747688952,-2.53747621999167,-0.951868706063928,-0.000198356235078663,1
9.638,-0.951780807374907,-1.34654819747026,-2.40473467234051,-2.53440051900775,-0.951780605865498,-0.000198086047424358,1
9.64,-0.95169213920469,-1.34835676410794,-2.40600615651527,-2.53132062599731,-0.951691937971943,-0.000197814084617993,1
9.642,-0.951602903136815,-1.35017522919242,-2.40727190667502,-2.52823656960562,-0.951602702182538,-0.000197540345374605,1
9.644,-0.951513098953043,-1.35200358626112,-2.40853189997985,-2.52514837913629,-0.951512898279045,-0.000197264828350559,1
9.646,-0.951422726417629,-1.35384182828659,-2.40978611348966,-2.5220560845581,-0.951422526025719,-0.000196987532143493,1
9.648,-0.951331785277321,-1.35568994766878,-2.41103452416499,-2.51895971651178,-0.951331585169311,-0.00019670845529229,1
9.65,-0.951240275261357,-1.35754793622739,-2.41227710886798,-2.51585930631676,-0.951240075439059,-0.000196427596277015,1
9.652,-0.951148196081463,-1.35941578519417,-2.41351384436333,-2.51275488597792,-0.951147996546692,-0.000196144953518855,1
9.654,-0.951055547431846,-1.36129348520519,-2.41474470731922,-2.50964648819234,-0.951055348186419,-0.000195860525380052,1
9.656,-0.950962328989189,-1.36318102629312,-2.41596967430839,-2.50653414635601,-0.950962130034924,-0.000195574310163832,1
9.658,-0.950868540412637,-1.36507839787957,-2.41718872180904,-2.50341789457051,-0.950868341751353,-0.00019528630611432,1
9.66,-0.950774181343787,-1.36698558876733,-2.41840182620604,-2.50029776764968,-0.950773982977306,-0.000194996511416451,1
9.662,-0.950679251406675,-1.36890258713261,-2.41960896379188,-2.49717380112628,-0.95067905333682,-0.000194704924195878,1
9.664,-0.950583750207757,-1.3708293805174,-2.42081011076785,-2.4940460312586,-0.950583552436354,-0.000194411542518862,1
9.666,-0.950487677335894,-1.3727659558217,-2.42200524324512,-2.49091449503701,-0.950487479864771,-0.000194116364392171,1
9.668,-0.950391032362332,-1.3747122992958,-2.42319433724595,-2.48777923019059,-0.950390835193317,-0.000193819387762956,1
9.67,-0.950293814840675,-1.37666839653256,-2.42437736870485,-2.4846402751936,-0.950293617975601,-0.000193520610518629,1
9.672,-0.950196024306867,-1.37863423245976,-2.4255543134698,-2.48149766927197,-0.950195827747568,-0.000193220030486738,1
9.674,-0.950097660279162,-1.38060979133239,-2.42672514730349,-2.47835145240975,-0.950097464027473,-0.000192917645434812,1
9.676,-0.949998722258097,-1.38259505672491,-2.42788984588461,-2.47520166535556,-0.949998526315858,-0.000192613453070242,1
9.678,-0.949899209726463,-1.38459001152366,-2.4290483848091,-2.47204834962888,-0.949899014095514,-0.000192307451040103,1
9.68,-0.949799122149271,-1.38659463791918,-2.43020073959156,-2.46889154752645,-0.949798926831455,-0.000191999636931014,1
9.682,-0.949698458973716,-1.38860891739859,-2.43134688566651,-2.46573130212849,-0.94969826397088,-0.00019169000826896,1
9.684,-0.949597219629147,-1.39063283073795,-2.43248679838984,-2.46256765730495,-0.949597024943139,-0.000191378562519119,1
9.686,-0.949495403527025,-1.3926663579947,-2.43362045304021,-2.45940065772171,-0.949495209159696,-0.000191065297085697,1
9.688,-0.949393010060878,-1.3947094785001,-2.43474782482046,-2.45623034884663,-0.949392816014082,-0.000190750209311717,1
9.69,-0.949290038606271,-1.39676217085169,-2.43586888885914,-2.4530567769557,-0.949289844881864,-0.000190433296478847,1
9.692,-0.949186488520749,-1.39882441290575,-2.43698362021191,-2.44987998913899,-0.949186295120592,-0.000190114555807182,1
9.694,-0.949082359143801,-1.4008961817699,-2.43809199386319,-2.44670003330662,-0.949082166069754,-0.000189793984455046,1
9.696,-0.948977649796803,-1.40297745379558,-2.4391939847276,-2.44351695819464,-0.948977457050734,-0.000189471579518769,1
9.698,-0.948872359782978,-1.40506820457072,-2.44028956765164,-2.44033081337085,-0.948872167366753,-0.000189147338032473,1
9.7,-0.948766488387334,-1.40716840891232,-2.44137871741523,-2.43714164924053,-0.948766296302825,-0.000188821256967839,1
9.702,-0.948660034876617,-1.40927804085915,-2.44246140873339,-2.43394951705215,-0.948659843125699,-0.000188493333233856,1
9.704,-0.948552998499251,-1.41139707366449,-2.44353761625792,-2.43075446890297,-0.948552807083802,-0.000188163563676607,1
9.706,-0.948445378485284,-1.41352547978886,-2.44460731457906,-2.42755655774456,-0.948445187407184,-0.000187831945078989,1
9.708,-0.948337174046323,-1.41566323089287,-2.44567047822727,-2.42435583738824,-0.948336983307457,-0.000187498474160471,1
9.71,-0.948228384375478,-1.41781029783009,-2.44672708167495,-2.42115236251048,-0.948228193977733,-0.000187163147576826,1
9.712,-0.948119008647852,-1.41996664994815,-2.44777709780808,-2.41794619258721,-0.948118818594639,-0.000186824476258754,1
9.714,-0.948009046017984,-1.42213225783228,-2.44882050405377,-2.41473737619459,-0.94800885630968,-0.000186485427824144,1
9.716,-0.947898495624179,-1.4243070891816,-2.44985727312865,-2.41152597468767,-0.947898306262735,-0.000186144459826083,1
9.718,-0.947787356584582,-1.42649111159149,-2.450887379403,-2.40831204598077,-0.947787167571846,-0.000185801675613952,1
9.72,-0.947675627998841,-1.42868429175123,-2.45191079703165,-2.40509564929374,-0.947675439336719,-0.000185457018049003,1
9.722,-0.947563308947645,-1.43088659552516,-2.45292750017738,-2.40187684460211,-0.947563120638046,-0.000185110483398823,1
9.724,-0.947450398492699,-1.43309798792265,-2.45393746295797,-2.39865569278148,-0.947450210537538,-0.000184762067865259,1
9.726,-0.947336895676647,-1.43531843309111,-2.45494065944824,-2.39543225561238,-0.94733670807784,-0.000184411767584093,1
9.728,-0.947222799522982,-1.43754789430946,-2.45593706368211,-2.39220659578476,-0.947222612282451,-0.00018405957862469,1
9.73,-0.947108109036045,-1.43978633388151,-2.45692664945585,-2.38897877742641,-0.947107922155914,-0.000183705301034855,1
9.732,-0.946992823200614,-1.44203371352783,-2.45790939112599,-2.38574886401313,-0.946992636682613,-0.000183349322627683,1
9.734,-0.946876940982385,-1.44428999378658,-2.45888526241624,-2.38251692151097,-0.946876754828448,-0.00018299144334843,1
9.736,-0.946760461327399,-1.44655513439749,-2.459854237218,-2.37928301629178,-0.946760275539465,-0.000182631658997276,1
9.738,-0.946643383162158,-1.44882909420142,-2.4608162893919,-2.37604721565709,-0.946643197742168,-0.000182269965306325,1
9.74,-0.946525705393495,-1.45111183113314,-2.46177139277032,-2.37280958784284,-0.946525520343396,-0.000181906357939142,1
9.742,-0.946407426908485,-1.45340330221529,-2.46271952115971,-2.36957020202303,-0.946407242230229,-0.000181540832490357,1
9.744,-0.946288546574349,-1.4557034635526,-2.46366064834272,-2.36632912831346,-0.946288362269891,-0.000181173384485289,1
9.746,-0.946169063238355,-1.45801227032606,-2.46459474808051,-2.36308643777515,-0.946168879309656,-0.000180804009379537,1
9.748,-0.946048975727821,-1.46032967663456,-2.46552179384087,-2.35984220315994,-0.946048792177125,-0.000180432427822381,1
9.75,-0.945928282849563,-1.46265563609712,-2.46644175989836,-2.35659649594708,-0.945928099678561,-0.000180059184554141,1
9.752,-0.945806983390581,-1.46499010094206,-2.46735461968781,-2.35334939079198,-0.945806800601247,-0.000179684000129557,1
9.754,-0.945685076117274,-1.46733302259816,-2.46826034690822,-2.35010096257023,-0.945684893711588,-0.000179306869721117,1
9.756,-0.94556255977562,-1.4696843515449,-2.4691589152483,-2.3468512871171,-0.945562377755567,-0.000178927788429636,1
9.758,-0.945439433091016,-1.4720440373056,-2.47005029838945,-2.34360044123133,-0.945439251458585,-0.000178546751283677,1
9.76,-0.945315694768172,-1.47441202844244,-2.47093447000819,-2.34034850267776,-0.945315513525359,-0.000178163753239102,1
9.762,-0.945191343490994,-1.47678827255152,-2.47181140377865,-2.33709555018973,-0.945191162639797,-0.000177778789178608,1
9.764,-0.945066377922469,-1.47917271625811,-2.47268107337507,-2.33384166347133,-0.945066197464894,-0.000177391853911277,1
9.766,-0.944940796704549,-1.481565305212,-2.47354345247432,-2.33058692319961,-0.944940616642607,-0.00017700294217208,1
9.768,-0.944814598458035,-1.48396598408288,-2.47439851475844,-2.32733141102653,-0.944814418793742,-0.000176612048621426,1
9.77,-0.94468778178245,-1.48637469655606,-2.47524623391722,-2.32407520958078,-0.944687602517828,-0.000176219167844651,1
9.772,-0.944560345255918,-1.48879138532809,-2.47608658365079,-2.32081840246948,-0.944560166392994,-0.000175824294351528,1
9.774,-0.944432287435043,-1.49121599210263,-2.47691953767223,-2.31756107427978,-0.944432108975849,-0.000175427422575776,1
9.776,-0.944303606854777,-1.49364845758643,-2.47774506971023,-2.31430331058013,-0.944303428801352,-0.00017502854687453,1
9.778,-0.944174302028294,-1.49608872148547,-2.47856315351171,-2.31104519792162,-0.944174124382683,-0.000174627661527844,1
9.78,-0.944044371446859,-1.49853672250115,-2.47937376284454,-2.30778682383899,-0.944044194211111,-0.000174224760738144,1
9.782,-0.943913813579694,-1.50099239832673,-2.4801768715002,-2.30452827685157,-0.943913636755866,-0.000173819838629709,1
9.784,-0.943782626873846,-1.50345568564383,-2.48097245329654,-2.30126964646401,-0.943782450464,-0.000173412889248127,1
9.786,-0.94365080975405,-1.50592652011908,-2.48176048208049,-2.29801102316691,-0.943650633760255,-0.000173003906559743,1
9.788,-0.943518360622589,-1.50840483640097,-2.48254093173084,-2.29475249843725,-0.943518185046919,-0.000172592884451099,1
9.79,-0.943385277859155,-1.51089056811673,-2.48331377616099,-2.29149416473864,-0.943385102703692,-0.000172179816728383,1
9.792,-0.943251559820709,-1.51338364786952,-2.48407898932178,-2.28823611552144,-0.943251385087539,-0.000171764697116846,1
9.794,-0.943117204841335,-1.51588400723558,-2.48483654520426,-2.28497844522274,-0.943117030532553,-0.000171347519260222,1
9.796,-0.942982211232093,-1.51839157676167,-2.48558641784256,-2.28172124926606,-0.942982037349799,-0.000170928276720146,1
9.798,-0.942846577280878,-1.5209062859626,-2.48632858131671,-2.27846462406109,-0.942846403827178,-0.000170506962975565,1
9.8,-0.942710301252262,-1.52342806331891,-2.48706300975551,-2.27520866700301,-0.94271012822927,-0.000170083571422121,1
9.802,-0.942573381387352,-1.52595683627472,-2.48778967733938,-2.2719534764719,-0.942573208797189,-0.000169658095371557,1
9.804,-0.94243581590363,-1.52849253123571,-2.4885085583033,-2.26869915183176,-0.942435643748424,-0.00016923052805109,1
9.806,-0.942297602994806,-1.53103507356726,-2.48921962693966,-2.26544579342952,-0.94229743127669,-0.000168800862602792,1
9.808,-0.942158740830653,-1.53358438759275,-2.48992285760119,-2.26219350259383,-0.94215856955177,-0.000168369092082957,1
9.81,-0.94201922755686,-1.53614039659205,-2.49061822470393,-2.25894238163364,-0.942019056719358,-0.000167935209461461,1
9.812,-0.941879061294863,-1.53870302280004,-2.49130570273008,-2.25569253383673,-0.941878890900897,-0.000167499207621118,1
9.814,-0.94173824014169,-1.54127218740541,-2.49198526623106,-2.25244406346795,-0.941738070193424,-0.000167061079357025,1
9.816,-0.941596762169799,-1.54384781054963,-2.49265688983037,-2.24919707576733,-0.941596592669403,-0.00016662081737591,1
9.818,-0.941454625426908,-1.5464298113259,-2.49332054822661,-2.24595167694812,-0.941454456376561,-0.000166178414295446,1
9.82,-0.941311827935838,-1.54901810777844,-2.49397621619646,-2.24270797419454,-0.941311659337725,-0.000165733862643596,1
9.822,-0.94116836769434,-1.55161261690189,-2.49462386859765,-2.2394660756594,-0.941168199550655,-0.000165287154857927,1
9.824,-0.941024242674929,-1.55421325464079,-2.49526348037194,-2.23622609046165,-0.941024074987873,-0.000164838283284913,1
9.826,-0.940879450824714,-1.55681993588927,-2.49589502654816,-2.23298812868361,-0.940879283596495,-0.000164387240179253,1
9.828,-0.940733990065228,-1.5594325744909,-2.4965184822452,-2.22975230136822,-0.940733823298064,-0.000163934017703167,1
9.83,-0.940587858292254,-1.56205108323867,-2.49713382267496,-2.22651872051597,-0.94058769198837,-0.000163478607925679,1
9.832,-0.940441053375655,-1.56467537387511,-2.49774102314547,-2.22328749908181,-0.940440887537284,-0.00016302100282192,1
9.834,-0.940293573159194,-1.56730535709264,-2.49834005906382,-2.22005875097177,-0.940293407788578,-0.000162561194272392,1
9.836,-0.940145415460364,-1.56994094253391,-2.49893090593922,-2.21683259103959,-0.940145250559752,-0.00016209917406226,1
9.838,-0.93999657807021,-1.5725820387925,-2.49951353938603,-2.21360913508304,-0.939996413641861,-0.000161634933880608,1
9.84,-0.939847058753146,-1.57522855341355,-2.50008793512673,-2.21038849984021,-0.939846894799327,-0.000161168465319701,1
9.842,-0.939696855246787,-1.57788039289467,-2.50065406899502,-2.2071708029856,-0.939696691769773,-0.000160699759874254,1
9.844,-0.939545965261758,-1.580537462687,-2.50121191693879,-2.20395616312607,-0.939545802263834,-0.000160228808940671,1
9.846,-0.939394386481526,-1.58319966719633,-2.50176145502313,-2.20074469979666,-0.939394223964984,-0.000159755603816312,1
9.848,-0.939242116562207,-1.58586690978436,-2.50230265943341,-2.1975365334563,-0.93924195452935,-0.000159280135698714,1
9.85,-0.939089153132395,-1.58853909277023,-2.50283550647824,-2.19433178548332,-0.939088991585534,-0.000158802395684838,1
9.852,-0.938935493792974,-1.59121611743199,-2.50335997259251,-2.19113057817091,-0.93893533273443,-0.000158322374770314,1
9.854,-0.938781136116942,-1.59389788400838,-2.50387603434039,-2.18793303472235,-0.938780975549043,-0.000157840063848656,1
9.856,-0.938626077649221,-1.59658429170059,-2.50438366841837,-2.18473927924627,-0.938625917574307,-0.000157355453710488,1
9.858,-0.938470315906481,-1.59927523867427,-2.50488285165818,-2.18154943675162,-0.9384701563269,-0.000156868535042786,1
9.86,-0.938313848376956,-1.60197062206157,-2.50537356102985,-2.17836363314264,-0.938313689295066,-0.000156379298428078,1
9.862,-0.938156672520258,-1.60467033796332,-2.50585577364469,-2.17518199521364,-0.938156513938427,-0.000155887734343664,1
9.864,-0.937998785767202,-1.6073742814514,-2.50632946675824,-2.1720046506438,-0.937998627687807,-0.000155393833160848,1
9.866,-0.937840185519618,-1.61008234657111,-2.50679461777325,-2.16883172799169,-0.937840027945047,-0.000154897585144128,1
9.868,-0.937680869150173,-1.6127944263437,-2.50725120424264,-2.16566335668981,-0.937680712082823,-0.000154398980450426,1
9.87,-0.937520834002189,-1.61551041276905,-2.50769920387247,-2.16249966703903,-0.937520677444467,-0.000153898009128286,1
9.872,-0.937360077389463,-1.61823019682832,-2.50813859452484,-2.15934079020291,-0.937359921343788,-0.000153394661117092,1
9.874,-0.937198596596092,-1.62095366848688,-2.50856935422086,-2.15618685820189,-0.937198441064891,-0.000152888926246274,1
9.876,-0.937036388876289,-1.62368071669716,-2.50899146114354,-2.15303800390753,-0.937036233862001,-0.000152380794234518,1
9.878,-0.936873451454213,-1.62641122940167,-2.50940489364072,-2.14989436103657,-0.936873296959287,-0.000151870254688981,1
9.88,-0.936709781523789,-1.62914509353609,-2.50980963022792,-2.14675606414492,-0.936709627550685,-0.0001513572971045,1
9.882,-0.93654537624854,-1.63188219503244,-2.51020564959129,-2.14362324862165,-0.936545222799729,-0.000150841910862802,1
9.884,-0.936380232761412,-1.63462241882231,-2.51059293059039,-2.14049605068291,-0.936380079839374,-0.000150324085231736,1
9.886,-0.936214348164606,-1.63736564884014,-2.51097145226112,-2.13737460736573,-0.936214195771835,-0.000149803809364477,1
9.888,-0.936047719529415,-1.64011176802661,-2.51134119381852,-2.13425905652185,-0.936047567668414,-0.000149281072298763,1
9.89,-0.935880343896052,-1.64286065833203,-2.5117021346596,-2.13114953681149,-0.935880192569337,-0.000148755862956116,1
9.892,-0.9357122182735,-1.64561220071978,-2.51205425436614,-2.12804618769708,-0.935712067483597,-0.000148228170141089,1
9.894,-0.935543339639346,-1.64836627516989,-2.5123975327075,-2.12494914943694,-0.935543189388792,-0.000147697982540494,1
9.896,-0.935373704939627,-1.65112276068246,-2.51273194964339,-2.12185856307901,-0.935373555230972,-0.00014716528872266,1
9.898,-0.935203311088686,-1.65388153528135,-2.51305748532664,-2.11877457045449,-0.935203161924492,-0.000146630077136691,1
9.9,-0.935032154969018,-1.65664247601764,-2.51337412010594,-2.11569731417153,-0.935032006351857,-0.000146092336111722,1
9.902,-0.934860233431133,-1.65940545897336,-2.51368183452855,-2.11262693760884,-0.93486008536359,-0.00014555205385621,1
9.904,-0.934687543293415,-1.66217035926499,-2.51398060934308,-2.10956358490945,-0.934687395778088,-0.000145009218457213,1
9.906,-0.934514081341992,-1.66493705104715,-2.51427042550211,-2.10650740097434,-0.93451393438149,-0.000144463817879694,1
9.908,-0.934339844330608,-1.66770540751616,-2.51455126416492,-2.10345853145617,-0.934339697927554,-0.00014391583996583,1
9.91,-0.934164828980504,-1.67047530091366,-2.51482310670016,-2.10041712275301,-0.934164683137531,-0.000143365272434347,1
9.912,-0.933989031980301,-1.67324660253016,-2.51508593468849,-2.09738332200212,-0.933988886700057,-0.000142812102879859,1
9.914,-0.933812449985892,-1.6760191827086,-2.51533972992521,-2.09435727707378,-0.933812305271036,-0.000142256318772233,1
9.916,-0.933635079620342,-1.67879291084783,-2.51558447442292,-2.09133913656517,-0.933634935473547,-0.000141697907455966,1
9.918,-0.933456917473795,-1.68156765540607,-2.51582015041408,-2.08832904979429,-0.933456773897746,-0.000141136856149591,1
9.92,-0.933277960103387,-1.68434328390435,-2.51604674035365,-2.08532716679392,-0.933277817100783,-0.000140573151945092,1
9.922,-0.933098204033173,-1.68711966292984,-2.51626422692165,-2.08233363830576,-0.933098061606726,-0.000140006781807359,1
9.924,-0.932917645754054,-1.68989665813907,-2.51647259302573,-2.07934861577456,-0.932917503906489,-0.000139437732573651,1
9.926,-0.932736281723723,-1.69267413426122,-2.51667182180375,-2.07637225134236,-0.93273614045778,-0.000138865990953099,1
9.928,-0.932554108366619,-1.69545195510115,-2.51686189662631,-2.07340469784281,-0.93255396768505,-0.000138291543526226,1
9.93,-0.932371122073885,-1.69822998354244,-2.51704280109931,-2.07044610879568,-0.932370981979456,-0.000137714376744511,1
9.932,-0.932187319203348,-1.70100808155028,-2.51721451906645,-2.06749663840137,-0.93218717969884,-0.000137134476929977,1
9.934,-0.932002696079504,-1.70378611017432,-2.51737703461179,-2.06455644153559,-0.932002557167711,-0.00013655183027481,1
9.936,-0.931817248993519,-1.70656392955124,-2.51753033206223,-2.06162567374422,-0.931817110677248,-0.000135966422841032,1
9.938,-0.931630974203239,-1.7093413989074,-2.5176743959901,-2.05870449123822,-0.931630836485314,-0.000135378240560188,1
9.94,-0.931443867933225,-1.71211837656113,-2.51780921121554,-2.05579305088873,-0.931443730816483,-0.000134787269233104,1
9.942,-0.93125592637479,-1.71489471992506,-2.51793476280917,-2.0528915102223,-0.931255789862083,-0.000134193494529664,1
9.944,-0.931067145686062,-1.71767028550816,-2.51805103609447,-2.05000002741634,-0.931067009780257,-0.000133596901988646,1
9.946,-0.930877521992059,-1.72044492891767,-2.51815801665037,-2.04711876129464,-0.930877386696036,-0.000132997477017611,1
9.948,-0.930687051384782,-1.72321850486084,-2.51825569031373,-2.04424787132311,-0.930686916701439,-0.000132395204892841,1
9.95,-0.930495729923332,-1.72599086714649,-2.51834404318189,-2.04138751760576,-0.930495595855579,-0.000131790070759328,1
9.952,-0.930303553634036,-1.72876186868635,-2.51842306161519,-2.03853786088072,-0.930303420184801,-0.000131182059630827,1
9.954,-0.930110518510609,-1.7315313614962,-2.51849273223953,-2.03569906251664,-0.930110385682833,-0.000130571156389975,1
9.956,-0.929916620514319,-1.73429919669686,-2.5185530419489,-2.03287128450913,-0.92991648831096,-0.000129957345788473,1
9.958,-0.929721855574196,-1.73706522451484,-2.51860397790802,-2.03005468947747,-0.929721723998227,-0.000129340612447335,1
9.96,-0.929526219587244,-1.73982929428285,-2.51864552755486,-2.02724944066157,-0.929526088641655,-0.000128720940857213,1
9.962,-0.929329708418699,-1.74259125444,-2.51867767860334,-2.0244557019191,-0.929329578106494,-0.000128098315378799,1
9.964,-0.929132317902296,-1.74535095253183,-2.51870041904592,-2.02167363772284,-0.929132188226495,-0.00012747272024331,1
9.966,-0.928934043840572,-1.74810823521003,-2.51871373715633,-2.01890341315827,-0.928933914804214,-0.000126844139553062,1
9.968,-0.928734882005205,-1.75086294823184,-2.51871762149222,-2.01614519392144,-0.928734753611342,-0.000126212557282124,1
9.97,-0.928534828137367,-1.75361493645931,-2.518712060898,-2.01339914631698,-0.928534700389069,-0.000125577957277084,1
9.972,-0.928333877948124,-1.7563640438581,-2.51869704450756,-2.01066543725648,-0.928333750848479,-0.000124940323257892,1
9.974,-0.928132027118867,-1.75911011349618,-2.51867256174714,-2.00794423425697,-0.928131900670976,-0.000124299638818836,1
9.976,-0.927929271301771,-1.76185298754206,-2.51863860233825,-2.00523570543979,-0.927929145508755,-0.000123655887429612,1
9.978,-0.927725606120298,-1.76459250726281,-2.51859515630059,-2.00254001952958,-0.927725480985294,-0.000123009052436509,1
9.98,-0.927521027169742,-1.76732851302173,-2.51854221395505,-1.99985734585368,-0.927520902695903,-0.000122359117063728,1
9.982,-0.927315530017805,-1.77006084427569,-2.51847976592682,-1.99718785434162,-0.927315406208303,-0.00012170606441482,1
9.984,-0.927109110205221,-1.77278933957217,-2.51840780314856,-1.99453171552496,-0.927108987063244,-0.000121049877474257,1
9.986,-0.926901763246431,-1.77551383654595,-2.51832631686356,-1.99188910053743,-0.926901640775185,-0.000120390539109167,1
9.988,-0.926693484630291,-1.77823417191545,-2.51823529862911,-1.98926018111517,-0.926693362832999,-0.000119728032071177,1
9.99,-0.926484269820839,-1.78095018147872,-2.5181347403199,-1.9866451295974,-0.926484148700743,-0.00011906233899845,1
9.992,-0.926274114258114,-1.78366170010911,-2.5180246341315,-1.98404411892724,-0.926273993818472,-0.000118393442417868,1
9.994,-0.926063013359019,-1.78636856175056,-2.51790497258398,-1.98145732265281,-0.926062893603108,-0.000117721324747385,1
9.996,-0.92585096251825,-1.7890705994125,-2.51777574852564,-1.97888491492857,-0.925850843449364,-0.000117045968298562,1
9.998,-0.925637957109279,-1.7917676451645,-2.51763695513681,-1.97632707051693,-0.925637838730732,-0.000116367355279291,1
10,-0.925423992485397,-1.79445953013036,-2.51748858593385,-1.97378396479007,-0.92542387480052,-0.000115685467796715,1
10.002,-0.925209063980823,-1.79714608448207,-2.51733063477324,-1.97125577373199,-0.925208946992965,-0.000115000287860347,1
10.004,-0.924993166911877,-1.7998271374332,-2.51716309585579,-1.9687426739408,-0.924993050624405,-0.000114311797385414,1
10.006,-0.924776296578227,-1.80250251723203,-2.51698596373109,-1.96624484263122,-0.924776180994527,-0.000113619978196419,1
10.008,-0.9245584482642,-1.80517205115431,-2.51679923330201,-1.96376245763731,-0.924558333387678,-0.00011292481203094,1
10.01,-0.924339617240178,-1.80783556549559,-2.51660289982947,-1.96129569741533,-0.924339503074257,-0.000112226280543666,1
10.012,-0.924119798764068,-1.81049288556326,-2.51639695893732,-1.95884474104685,-0.92411968531219,-0.00011152436531071,1
10.014,-0.923898988082853,-1.81314383566815,-2.51618140661741,-1.95640976824202,-0.923898875348479,-0.000110819047834168,1
10.016,-0.923677180434231,-1.8157882391159,-2.51595623923497,-1.95399095934292,-0.923677068420841,-0.000110110309546966,1
10.018,-0.923454371048341,-1.81842591819783,-2.51572145353402,-1.95158849532718,-0.923454259759434,-0.000109398131818006,1
10.02,-0.923230555149585,-1.8210566941816,-2.51547704664317,-1.94920255781159,-0.923230444588678,-0.000108682495957598,1
10.022,-0.923005727958542,-1.82368038730143,-2.51522301608157,-1.94683332905585,-0.923005618129173,-0.000107963383223234,1
10.024,-0.922779884693988,-1.82629681674808,-2.51495935976511,-1.94448099196647,-0.922779775599712,-0.000107240774825665,1
10.026,-0.922553020575013,-1.82890580065846,-2.51468607601289,-1.9421457301006,-0.922552912219406,-0.000106514651935355,1
10.028,-0.922325130823259,-1.83150715610499,-2.51440316355399,-1.93982772766999,-0.922325023209915,-0.000105784995689263,1
10.03,-0.922096210665255,-1.83410069908464,-2.51411062153446,-1.93752716954487,-0.922096103797788,-0.000105051787198024,1
10.032,-0.921866255334886,-1.8366862445077,-2.51380844952469,-1.93524424125786,-0.921866149216928,-0.000104315007553498,1
10.034,-0.921635260075971,-1.83926360618633,-2.513496647527,-1.9329791290078,-0.921635154711175,-0.000103574637836755,1
10.036,-0.921403220144977,-1.84183259682287,-2.51317521598363,-1.93073201966346,-0.921403115537014,-0.000102830659126444,1
10.038,-0.921170130813857,-1.84439302799791,-2.51284415578505,-1.92850310076714,-0.921170026966417,-0.000102083052507626,1
10.04,-0.920935987373034,-1.84694471015825,-2.51250346827862,-1.92629256053808,-0.920935884289827,-0.00010133179908107,1
10.042,-0.920700785134518,-1.84948745260462,-2.51215315527756,-1.92410058787567,-0.920700682819274,-0.000100576879972998,1
10.044,-0.920464519435176,-1.85202106347936,-2.51179321907048,-1.92192737236238,-0.920464417891642,-9.98182763453362e-05,1
10.046,-0.92022718564015,-1.85454534975392,-2.51142366243107,-1.91977310426642,-0.920227084872093,-9.90559694064873e-05,1
10.048,-0.919988779146435,-1.8570601172164,-2.51104448862844,-1.91763797454396,-0.919988679157642,-9.82899404226075e-05,1
10.05,-0.919749295386624,-1.85956517045896,-2.51065570143773,-1.91552217484104,-0.919749196180901,-9.75201707294646e-05,1
10.052,-0.919508729835787,-1.86206030058158,-2.51025729766083,-1.91342593011674,-0.919508631428734,-9.673524854929e-05,1
10.054,-0.919267078002274,-1.86454533428033,-2.50984929714935,-1.91134936814376,-0.919266980385966,-9.59579378777776e-05,1
10.056,-0.919024335455395,-1.86702006026102,-2.50943169769802,-1.90929271528008,-0.919024238633692,-9.51768310344366e-05,1
10.058,-0.918780497809623,-1.86948427818278,-2.50900450524907,-1.90725616593752,-0.918780401786407,-9.43919097590416e-05,1
10.06,-0.918535560737777,-1.87193778647263,-2.50856772628436,-1.90523991522033,-0.918535465516945,-9.36031559336136e-05,1
10.062,-0.918289519974483,-1.87438038228845,-2.50812136786589,-1.90324415892168,-0.918289425559954,-9.28105515935665e-05,1
10.064,-0.918042371321225,-1.87681186150775,-2.50766543764997,-1.90126909352073,-0.918042277716933,-9.20140789439637e-05,1
10.066,-0.917794110651602,-1.8792320187167,-2.50719994390202,-1.89931491617876,-0.9177940178615,-9.12137203765328e-05,1
10.068,-0.917544733916817,-1.88164064719966,-2.50672489551195,-1.8973818247343,-0.917544641944876,-9.04094584874176e-05,1
10.07,-0.917294237151373,-1.88403753892926,-2.50624030201008,-1.89547001769705,-0.917294146001581,-8.96012760956893e-05,1
10.072,-0.917042616479017,-1.88642248455706,-2.50574617358379,-1.89357969424062,-0.917042526155379,-8.87891562626617e-05,1
10.074,-0.916789868118907,-1.88879527340499,-2.50524252109468,-1.89171105419388,-0.916789778625446,-8.79730823120161e-05,1
10.076,-0.916535988392031,-1.89115569345754,-2.50472935609655,-1.88986429803079,-0.916535899732786,-8.71530378507618e-05,1
10.078,-0.916280973727869,-1.89350353135487,-2.50420669085393,-1.88803962685878,-0.916280885906895,-8.63290067910641e-05,1
10.08,-0.916024820671317,-1.89583857238685,-2.50367453836135,-1.88623724240533,-0.916024733692686,-8.55009733729481e-05,1
10.082,-0.915767525889866,-1.8981606004883,-2.50313291236333,-1.88445734700285,-0.915767439757665,-8.46689221879166e-05,1
10.084,-0.915509086181052,-1.90046939823534,-2.50258182737509,-1.88270014357149,-0.915509000899384,-8.38328382034929e-05,1
10.086,-0.91524949848018,-1.90276474684312,-2.50202129870395,-1.88096583560008,-0.915249414053162,-8.29927067887163e-05,1
10.088,-0.914988759868321,-1.90504642616499,-2.50145134247157,-1.87925462712466,-0.914988676300085,-8.21485137406078e-05,1
10.09,-0.914726867580599,-1.90731421469319,-2.50087197563688,-1.87756672270486,-0.91472678487529,-8.130024531163e-05,1
10.092,-0.914463819014759,-1.90956788956132,-2.5002832160198,-1.87590232739767,-0.914463737176536,-8.0447888238157e-05,1
10.094,-0.914199611740037,-1.91180722654858,-2.49968508232578,-1.87426164672867,-0.914199530773072,-7.95914297699774e-05,1
10.096,-0.913934243506315,-1.91403200008609,-2.49907759417106,-1.87264488666041,-0.913934163414794,-7.87308577008423e-05,1
10.098,-0.913667712253588,-1.91624198326529,-2.49846077210881,-1.87105225355788,-0.913667633041707,-7.78661604000756e-05,1
10.1,-0.913400016121727,-1.91843694784861,-2.49783463765603,-1.86948395415086,-0.913399937793693,-7.69973268452626e-05,1
10.102,-0.913131153460549,-1.92061666428273,-2.49719921332121,-1.86794019549302,-0.913131076020581,-7.6124346656042e-05,1
10.104,-0.912861122840198,-1.92278090171438,-2.49655452263292,-1.86642118491757,-0.912861046292524,-7.52472101289741e-05,1
10.106,-0.912589923061831,-1.92492942800898,-2.49590059016904,-1.86492712998922,-0.912589847410688,-7.43659082735361e-05,1
10.108,-0.912317553168615,-1.92706200977226,-2.49523744158695,-1.86345823845245,-0.912317478418248,-7.34804328492303e-05,1
10.11,-0.912044012457032,-1.92917841237517,-2.49456510365437,-1.86201471817575,-0.912043938611695,-7.25907764038015e-05,1
10.112,-0.911769300488495,-1.93127839998206,-2.49388360428106,-1.86059677709165,-0.911769227552447,-7.1696932312587e-05,1
10.114,-0.91149341710126,-1.93336173558247,-2.49319297255127,-1.85920462313247,-0.911493345078768,-7.07988948189636e-05,1
10.116,-0.911216362422649,-1.93542818102683,-2.49249323875689,-1.85783846416149,-0.911216291317983,-6.98966590759206e-05,1
10.118,-0.910938136881564,-1.93747749706597,-2.49178443443138,-1.85649850789942,-0.910938066698999,-6.89902211887162e-05,1
10.12,-0.910658741221293,-1.93950944339508,-2.49106659238438,-1.85518496184588,-0.910658671965106,-6.80795782586289e-05,1
10.122,-0.910378176512593,-1.94152377870188,-2.4903397467369,-1.85389803319588,-0.910378108187065,-6.7164728427754e-05,1
10.124,-0.910096444168342,-1.94352025415855,-2.48960392936563,-1.85263794578235,-0.910096376784036,-6.62395363934822e-05,1
10.126,-0.90981354595145,-1.94549863972506,-2.48885918432633,-1.85140487183626,-0.909813479506367,-6.5316269114394e-05,1
10.128,-0.909529483998738,-1.94745868484646,-2.48810554626858,-1.85019903414183,-0.909529418497157,-6.4388796059867e-05,1
10.13,-0.909244260826467,-1.94940014475665,-2.48734305493469,-1.84902063772382,-0.909244196272663,-6.34571200017949e-05,1
10.132,-0.908957879348251,-1.9513227740021,-2.48657175155194,-1.84786988680871,-0.908957815746496,-6.25212449937046e-05,1
10.134,-0.908670342889018,-1.95322632651757,-2.48579167888205,-1.84674698469941,-0.908670280243578,-6.15811764193549e-05,1
10.136,-0.908381655199733,-1.95511055571204,-2.48500288125967,-1.84565213365082,-0.908381593514865,-6.06369210439948e-05,1
10.138,-0.908091820472267,-1.95697521456064,-2.4842054046312,-1.8445855347391,-0.908091759752225,-5.96884870662928e-05,1
10.14,-0.907800843354423,-1.95882005570333,-2.48339929659359,-1.8435473877241,-0.907800783603446,-5.87358841709152e-05,1
10.142,-0.907508728965047,-1.96064483155003,-2.48258460643328,-1.84253789090524,-0.907508670187364,-5.77791235816233e-05,1
10.144,-0.907215482909235,-1.96244929439293,-2.48176138516497,-1.84155724097048,-0.907215425109064,-5.68182181148335e-05,1
10.146,-0.906921111293582,-1.96423319652571,-2.48092968557026,-1.84060563283835,-0.906921054475124,-5.58531822334966e-05,1
10.148,-0.906625620741438,-1.96599629037022,-2.4800895622359,-1.839683259493,-0.906625564908877,-5.48840321012344e-05,1
10.15,-0.906329018408143,-1.96773832861055,-2.47924107159173,-1.83879031181217,-0.906328963565648,-5.39107856365716e-05,1
10.152,-0.906031311996201,-1.96945906433484,-2.47838427194789,-1.83792697838812,-0.906031258147918,-5.29334625671436e-05,1
10.154,-0.905732509770331,-1.97115825118482,-2.47751922353145,-1.83709344534144,-0.905732456920385,-5.19520844837561e-05,1
10.156,-0.905432620572381,-1.97283564351335,-2.47664598852206,-1.83628989612781,-0.905432568724874,-5.09666748941356e-05,1
10.158,-0.905131653836026,-1.97449099654996,-2.47576463108665,-1.83551651133774,-0.905131602995031,-4.99772592761958e-05,1
10.16,-0.904829619601215,-1.97612406657451,-2.47487521741286,-1.83477346848939,-0.90482956977078,-4.89838651306864e-05,1
10.162,-0.90452652852831,-1.97773461109911,-2.47397781574116,-1.83406094181461,-0.904526479712454,-4.79865220330022e-05,1
10.164,-0.904222391911864,-1.97932238905816,-2.47307249639532,-1.83337910203828,-0.90422234411457,-4.69852616840055e-05,1
10.166,-0.903917221693962,-1.98088716100665,-2.4721593318112,-1.83272811615122,-0.903917174919181,-4.59801179596321e-05,1
10.168,-0.903611030477084,-1.98242868932671,-2.47123839656355,-1.83210814717685,-0.903610984728729,-4.49711269590707e-05,1
10.17,-0.903303831536415,-1.98394673844221,-2.47030976739063,-1.8315193539319,-0.903303786818361,-4.39583270513446e-05,1
10.172,-0.902995638831538,-1.98544107504136,-2.4693735232165,-1.8309618907815,-0.902995595147619,-4.29417589200119e-05,1
10.174,-0.902686467017432,-1.98691146830726,-2.46842974517063,-1.83043590738897,-0.902686424371437,-4.19214656057801e-05,1
10.176,-0.902376331454726,-1.98835769015607,-2.46747851660482,-1.82994154846074,-0.902376289850397,-4.08974925468094e-05,1
10.178,-0.902065248219116,-1.98977951548266,-2.46651992310698,-1.82947895348686,-0.902065207660148,-3.9869887616439e-05,1
10.18,-0.901753234109879,-1.99117672241338,-2.46555405251169,-1.82904825647767,-0.901753194599917,-3.8838701158074e-05,1
10.182,-0.901440306657424,-1.99254909256571,-2.46458099490725,-1.82864958569703,-0.901440268200056,-3.78039860170243e-05,1
10.184,-0.901126484129779,-1.99389641131436,-2.46360084263905,-1.82828306339292,-0.901126446728538,-3.67657975689961e-05,1
10.186,-0.900811785537962,-1.99521846806337,-2.46261369030892,-1.82794880552586,-0.900811749196324,-3.57241937449869e-05,1
10.188,-0.90049623064016,-1.99651505652369,-2.46161963477045,-1.82764692149609,-0.900496195361536,-3.46792350523442e-05,1
10.19,-0.900179839944629,-1.99778597499586,-2.46061877511974,-1.82737751387003,-0.900179805732367,-3.36309845917197e-05,1
10.192,-0.899862634711258,-1.99903102665701,-2.45961121268178,-1.82714067810704,-0.899862601568642,-3.25795080696561e-05,1
10.194,-0.89954463695173,-2.00025001985153,-2.45859705099183,-1.82693650228714,-0.89954460488197,-3.15248738065773e-05,1
10.196,-0.899225869428187,-2.00144276838491,-2.45757639577198,-1.8267650668408,-0.899225838434425,-3.04671527399288e-05,1
10.198,-0.898906355650383,-2.00260909181973,-2.45654935490249,-1.82662644428155,-0.898906325735683,-2.94064184222535e-05,1
10.2,-0.89858611987121,-2.00374881577312,-2.45551603838779,-1.82652069894247,-0.898586091038559,-2.83427470139548e-05,1
10.202,-0.898265187080586,-2.00486177221485,-2.45447655831702,-1.82644788671761,-0.898265159332892,-2.72762172705754e-05,1
10.204,-0.897943582997632,-2.00594779976504,-2.45343102881903,-1.82640805480927,-0.897943556337721,-2.62069105243783e-05,1
10.206,-0.897621334061101,-2.00700674399057,-2.45237956601161,-1.8264012414824,-0.897621308491711,-2.51349106600509e-05,1
10.208,-0.897298467418012,-2.00803845769928,-2.45132228794496,-1.82642747582692,-0.897298442941796,-2.40603040844171e-05,1
10.21,-0.896975010910474,-2.00904280123073,-2.45025931453928,-1.82648677752937,-0.896974987529993,-2.29831796899721e-05,1
10.212,-0.896650993060657,-2.01001964274264,-2.44919076751653,-1.8265791566548,-0.896650970778378,-2.19036288121788e-05,1
10.214,-0.896326443053904,-2.0109688584918,-2.44811677032624,-1.82670461344001,-0.896326421872202,-2.082174518042e-05,1
10.216,-0.896001390719981,-2.01189033310837,-2.44703744806544,-1.82686313809935,-0.89600137064113,-1.97376248625566e-05,1
10.218,-0.895675866512449,-2.01278395986241,-2.44595292739285,-1.82705471064412,-0.895675847538624,-1.86513662030816e-05,1
10.22,-0.89534990148619,-2.01364964092154,-2.44486333643721,-1.82727930071653,-0.895349883619464,-1.75630697548466e-05,1
10.222,-0.895023527273089,-2.01448728759851,-2.44376880470008,-1.82753686743937,-0.89502351051543,-1.64728382044429e-05,1
10.224,-0.894696776055913,-2.01529682058769,-2.44266946295313,-1.82782735928238,-0.894696760409183,-1.53807762912644e-05,1
10.226,-0.894369680540426,-2.01607817018913,-2.4415654431301,-1.82815071394618,-0.894369666006379,-1.42869907204e-05,1
10.228,-0.894042273925782,-2.01683127651934,-2.44045687821373,-1.82850685826464,-0.894042260506061,-1.3191590069455e-05,1
10.23,-0.893714589873275,-2.01755608970753,-2.43934390211787,-1.8288957081266,-0.89371457756941,-1.20946846895394e-05,1
10.232,-0.893386662473493,-2.01825257007639,-2.43822664956493,-1.82931716841771,-0.893386651286901,-1.09963866005524e-05,1
10.234,-0.893058526211979,-2.01892068830642,-2.43710525595926,-1.82977113298278,-0.89305851614396,-9.89680938108867e-06,1
10.236,-0.892730215933474,-2.01956042558282,-2.43597985725649,-1.83025748460964,-0.892730206985213,-8.796068053201e-06,1
10.238,-0.892401766804858,-2.02017177372414,-2.43485058982941,-1.8307760950346,-0.892401758977421,-7.69427896233758e-06,1
10.24,-0.892073214276876,-2.02075473529197,-2.43371759033074,-1.83132682497018,-0.892073207571208,-6.5915596528188e-06,1
10.242,-0.891744594044793,-2.02130932368078,-2.43258099555316,-1.83190952415527,-0.891744588461721,-5.48802873920881e-06,1
10.244,-0.891415942009314,-2.02183554871486,-2.43144093425228,-1.83252407103252,-0.891415937565415,-4.36839527279469e-06,1
10.246,-0.891087294230356,-2.02233347465372,-2.43029755914506,-1.83317021436017,-0.891087290910353,-3.26359338760385e-06,1
10.248,-0.890758686893206,-2.0228031331624,-2.42915099854379,-1.83384781117779,-0.890758684697556,-2.15834082176798e-06,1
10.25,-0.890430156260365,-2.02324458147447,-2.4280013883659,-1.83455666825802,-0.890430155189404,-1.05275911744811e-06,1
10.252,-0.890101738630558,-2.02365788776853,-2.42684886394265,-1.83529658201437,-0.890101738684495,5.30298022391035e-08,1
10.254,-0.889773470295661,-2.02404342282187,-2.42569357825701,-1.83606703024392,-0.889773471476095,1.21341007686441e-06,1
10.256,-0.889445387497368,-2.02440039946548,-2.42453560895001,-1.83686871945596,-0.889445389803051,2.2665125319458e-06,1
10.258,-0.889117526384026,-2.02472979828688,-2.42337514577144,-1.83770048021671,-0.889117529814495,3.37219074687219e-06,1
10.26,-0.888789922968642,-2.02503143586475,-2.42221230090446,-1.83856238401362,-0.888789927523612,4.47758756880093e-06,1
10.262,-0.888462613085392,-2.02530543393058,-2.42104720415182,-1.83945418021373,-0.88846261876535,5.58346405116935e-06,1
10.264,-0.888135632347997,-2.02555192652632,-2.4198799852339,-1.84037560302123,-0.888135639151513,6.68793401671091e-06,1
10.266,-0.887809016108604,-2.02577105550899,-2.41871077092083,-1.84132638471043,-0.887809024035022,7.79175921941539e-06,1
10.268,-0.887482799417112,-2.02596297361203,-2.41753968673744,-1.84230624694677,-0.887482808465653,8.89481988266298e-06,1
10.27,-0.887157016981646,-2.02612784342397,-2.41636685637854,-1.84331490337105,-0.887157027151412,9.9969971328987e-06,1
10.272,-0.886831703130077,-2.02626583716703,-2.41519240158711,-1.84435205994276,-0.886831714420049,1.10981731329797e-05,1
10.274,-0.886506891772741,-2.02637713645677,-2.41401644203754,-1.8454174152972,-0.886506904181781,1.21982312119725e-05,1
10.276,-0.886182616366462,-2.02646193204574,-2.41283909522432,-1.8465106611134,-0.886182629893317,1.32970559909588e-05,1
10.278,-0.885858909880011,-2.02652042355158,-2.41166047635612,-1.8476314824918,-0.885858924523309,1.43945335044622e-05,1
10.28,-0.885535804761075,-2.02655281917122,-2.410480698256,-1.84877955834004,-0.885535820519331,1.54905513171701e-05,1
10.282,-0.885213332904838,-2.02655933538201,-2.40929987126768,-1.84995456176562,-0.885213349776455,1.65849986355821e-05,1
10.284,-0.884891525624252,-2.02654019663104,-2.40811810316829,-1.85115616047389,-0.884891543607521,1.76777664143359e-05,1
10.286,-0.884570413622069,-2.02649563501397,-2.4069354990876,-1.85238401717006,-0.884570432715172,1.87687474569182e-05,1
10.288,-0.884250026964681,-2.0264258899444,-2.40575216143408,-1.85363778996381,-0.884250047165694,1.98578365105506e-05,1
10.29,-0.883930395057828,-2.02633120781533,-2.40456818982776,-1.85491713277508,-0.88393041636472,2.09449303550753e-05,1
10.292,-0.883611546624204,-2.02621184165369,-2.40338368103999,-1.85622169573976,-0.883611569034843,2.20299278856599e-05,1
10.294,-0.883293509682994,-2.02606805076939,-2.40219872894017,-1.85755112561405,-0.883293533195146,2.31127301892216e-05,1
10.296,-0.882976311531346,-2.02590010040005,-2.40101342444947,-1.85890506617599,-0.882976336142679,2.41932406144824e-05,1
10.298,-0.882659978727796,-2.02570826135263,-2.39982785550143,-1.86028315862331,-0.882660004435884,2.52713648356057e-05,1
10.3,-0.882344537077645,-2.02549280964326,-2.39864210700941,-1.86168504196614,-0.882344563879966,2.63470109093854e-05,1
10.302,-0.882030011620253,-2.02525402613631,-2.39745626084089,-1.86311035341377,-0.882030039514195,2.74200893260334e-05,1
10.304,-0.881716426618258,-2.02499219618387,-2.39627039579835,-1.86455872875423,-0.881716455601121,2.84905130535702e-05,1
10.306,-0.881403805548674,-2.0247076092668,-2.39508458760667,-1.86602980272591,-0.88140383561767,2.95581975759201e-05,1
10.308,-0.881092171095822,-2.02440055863826,-2.39389890890687,-1.86752320938032,-0.881092202248082,3.06230609248043e-05,1
10.31,-0.88078154514608,-2.02407134097078,-2.39271342925596,-1.86903858243514,-0.880781577378653,3.16850237055426e-05,1
10.312,-0.880471948784361,-2.02372025600781,-2.39152821513272,-1.87057555561699,-0.880471982094218,3.27440091169485e-05,1
10.314,-0.880163402292299,-2.02334760622048,-2.39034332994916,-1.87213376299314,-0.880163436676335,3.37999429654275e-05,1
10.316,-0.879855925148058,-2.02295369647057,-2.38915883406742,-1.87371283929171,-0.879855960603096,3.48527536735225e-05,1
10.318,-0.879549536027701,-2.02253883368026,-2.38797478482182,-1.87531242020983,-0.879549572550494,3.5902372283085e-05,1
10.32,-0.879244252808069,-2.02210332650938,-2.38679123654584,-1.87693214270946,-0.879244290395301,3.69487324532722e-05,1
10.322,-0.878940092571055,-2.02164748504082,-2.38560824060371,-1.87857164530033,-0.878940131219348,3.79917704536489e-05,1
10.324,-0.878637071609256,-2.02117162047459,-2.38442584542631,-1.88023056831005,-0.878637111315168,3.9031425152555e-05,1
10.326,-0.878335205432861,-2.02067604483096,-2.38324409655113,-1.88190855414093,-0.87833524619289,4.00676380010892e-05,1
10.328,-0.878034508777753,-2.02016107066325,-2.38206303666597,-1.8836052475135,-0.87803455058834,4.11003530128553e-05,1
10.33,-0.877734995614702,-2.01962701078043,-2.38088270565616,-1.88532029569673,-0.877735038472235,4.21295167398101e-05,1
10.332,-0.877436679159603,-2.01907417798,-2.37970314065478,-1.88705334872486,-0.877436723060417,4.31550782444281e-05,1
10.334,-0.87713957188465,-2.01850288479123,-2.37852437609595,-1.88880405960089,-0.877139616825032,4.41769890684557e-05,1
10.336,-0.876843685530394,-2.01791344322904,-2.37734644377054,-1.89057208448689,-0.876843731506583,4.51952031985143e-05,1
10.338,-0.876549031118582,-2.01730616455866,-2.37616937288432,-1.8923570828813,-0.876549078126773,4.62096770288131e-05,1
10.34,-0.876255618965721,-2.01668135907105,-2.37499319011804,-1.89415871778329,-0.876255667002066,4.72203693212128e-05,1
10.342,-0.875963458697279,-2.01603933586925,-2.37381791968937,-1.89597665584455,-0.875963507757892,4.8227241162905e-05,1
10.344,-0.875672559262459,-2.01538040266544,-2.37264358341627,-1.89781056750869,-0.875672609343417,4.92302559219294e-05,1
10.346,-0.875382928949467,-2.01470486558898,-2.37147020078174,-1.89966012713862,-0.87538298004681,5.02293792007902e-05,1
10.348,-0.875094575401213,-2.01401302900496,-2.37029778899948,-1.90152501313212,-0.87509462751095,5.12245787883713e-05,1
10.35,-0.874807505631383,-2.01330519534346,-2.36912636308045,-1.90340490802611,-0.874807558749492,5.2215824610398e-05,1
10.352,-0.874521726040801,-2.01258166493922,-2.3679559359,-1.90529949858978,-0.874521780163231,5.32030886786403e-05,1
10.354,-0.874237242434047,-2.01184273588145,-2.3667865182654,-1.90720847590723,-0.874237297556721,5.41863450390618e-05,1
10.356,-0.873954060036261,-2.01108870387382,-2.36561811898354,-1.90913153544972,-0.873954116155077,5.51655697191085e-05,1
10.358,-0.873672183510069,-2.01031986210415,-2.36445074492872,-1.91106837713822,-0.873672240620905,5.61407406743309e-05,1
10.36,-0.873391616972614,-2.00953650112374,-2.36328440111022,-1.9130187053964,-0.873391675071324,5.711183773449e-05,1
10.362,-0.873112364012602,-2.00873890873594,-2.36211909073963,-1.91498222919478,-0.873112423095023,5.8078842549337e-05,1
10.364,-0.872834427707354,-2.00792736989373,-2.36095481529771,-1.91695866208614,-0.872834487769306,5.90417385341945e-05,1
10.366,-0.872557810639808,-2.00710216660611,-2.35979157460069,-1.91894772223295,-0.872557871677097,6.0000510815502e-05,1
10.368,-0.87228251491543,-2.00626357785285,-2.35862936686587,-1.92094913242689,-0.872282576923846,6.09551461764568e-05,1
10.37,-0.87200854217901,-2.00541187950733,-2.35746818877636,-1.9229626201012,-0.872008605154335,6.19056330028511e-05,1
10.372,-0.871735893631303,-2.00454734426732,-2.35630803554503,-1.92498791733603,-0.871735957569304,6.28519612292566e-05,1
10.374,-0.871464570045484,-2.00367024159315,-2.35514890097729,-1.92702476085739,-0.871464634941924,6.379412228562e-05,1
10.376,-0.871194571782502,-2.00278082681381,-2.35399076928246,-1.9290729277221,-0.871194637648709,6.47472326147707e-05,1
10.378,-0.870925898811964,-2.00187938452354,-2.35283364810022,-1.93113209248865,-0.870925965628122,6.56810451644328e-05,1
10.38,-0.87065855071741,-2.00096616320559,-2.35167751918592,-1.93320204151158,-0.870658618479262,6.66106732590439e-05,1
10.382,-0.870392526723046,-2.00004141892901,-2.35052237130097,-1.93528252995573,-0.870392595426332,6.75361137835368e-05,1
10.384,-0.870127825702944,-1.9991054042802,-2.34936819211674,-1.93737331755943,-0.870127895343402,6.84573648652564e-05,1
10.386,-0.869864446197211,-1.99815836837712,-2.3482149682495,-1.93947416858535,-0.869864516770578,6.93744258204568e-05,1
10.388,-0.869602386426567,-1.9972005568512,-2.3470626853145,-1.94158485178444,-0.869602457928582,7.02872971061533e-05,1
10.39,-0.869341644306599,-1.99623221183426,-2.34591132797866,-1.9437051403563,-0.869341716733001,7.11959802729579e-05,1
10.392,-0.869082217461668,-1.9952535719502,-2.34476088001183,-1.94583481190626,-0.869082290808199,7.21004779189257e-05,1
10.394,-0.868824103238483,-1.99426487231112,-2.34361132433652,-1.9479736483994,-0.868824177500888,7.30007936444479e-05,1
10.396,-0.868567298719316,-1.99326634451767,-2.34246264307626,-1.95012143611188,-0.868567373893346,7.38969320082109e-05,1
10.398,-0.868311800734871,-1.99225821666334,-2.34131481760249,-1.95227796557976,-0.868311876816282,7.47888984842484e-05,1
10.4,-0.868057605876789,-1.99124071334237,-2.34016782857988,-1.95444303154564,-0.868057682861343,7.5676699420084e-05,1
10.402,-0.867804710509797,-1.99021405566114,-2.33902165601036,-1.95661643290335,-0.867804788393264,7.65603419960128e-05,1
10.404,-0.867553110783502,-1.98917846125271,-2.33787627927555,-1.9587979726408,-0.86755318956166,7.74398341854862e-05,1
10.406,-0.867302802643816,-1.98813414429441,-2.33673167717783,-1.96098745778144,-0.867302882312452,7.83151847166354e-05,1
10.408,-0.867053781844035,-1.9870813155281,-2.33558782797998,-1.96318469932426,-0.867053862398944,7.91864030349142e-05,1
10.41,-0.866806043955556,-1.98602018228299,-2.33444470944339,-1.96538951218273,-0.866806125392546,8.00534992668696e-05,1
10.412,-0.866559584378246,-1.98495094850083,-2.3333022988649,-1.96760171512283,-0.866559666693134,8.09164841850338e-05,1
10.414,-0.866314398350458,-1.98387381476321,-2.33216057311224,-1.96982113070015,-0.866314481539073,8.17753691739168e-05,1
10.416,-0.866070480958708,-1.98278897832085,-2.33101950865819,-1.97204758519653,-0.866070565016892,8.2630166197113e-05,1
10.418,-0.865827827147013,-1.98169663312472,-2.32987908161339,-1.97428090855612,-0.865827912070619,8.34808877654833e-05,1
10.42,-0.865586431725894,-1.9805969698587,-2.3287392677578,-1.97652093432113,-0.86558651751079,8.43275469064087e-05,1
10.422,-0.865346289380644,-1.97949017311798,-2.32760004003994,-1.97876750984276,-0.865346376027279,8.51746230034292e-05,1
10.424,-0.865107394681764,-1.97837643289373,-2.32646137871818,-1.98102045510224,-0.865107482181469,8.60131998227032e-05,1
10.426,-0.864869742088747,-1.97725592738558,-2.32532325624513,-1.98327962434185,-0.864869830437431,8.68477560984264e-05,1
10.428,-0.864633325962165,-1.97612883457517,-2.32418564736165,-1.98554486484641,-0.864633415155753,8.76783066359709e-05,1
10.43,-0.864398140568876,-1.97499532934832,-2.32304852662418,-1.98781602718128,-0.864398230603309,8.85048666206144e-05,1
10.432,-0.864164180089616,-1.97385558354609,-2.32191186842214,-1.99009296512381,-0.86416427096085,8.93274515912636e-05,1
10.434,-0.863931438625851,-1.972709766005,-2.32077564700126,-1.99237553559985,-0.863931530329858,9.01460774167052e-05,1
10.436,-0.863699910206354,-1.97155804259782,-2.31963983648584,-1.99466359862063,-0.863700002739123,9.09607602727682e-05,1
10.438,-0.863469588793506,-1.97040057627483,-2.31850441090002,-1.99695701722027,-0.863469682151042,9.17715166203916e-05,1
10.44,-0.863240468289332,-1.96923752710553,-2.31736934418802,-1.99925565739375,-0.863240562467659,9.25783631845534e-05,1
10.442,-0.863012542541294,-1.96806905232067,-2.31623461023344,-2.00155938803563,-0.863012637536451,9.33813169340398e-05,1
10.444,-0.862785805347818,-1.9668953063545,-2.31510018287768,-2.00386808087934,-0.862785901155862,9.41803950620414e-05,1
10.446,-0.862560250463591,-1.9657164408872,-2.31396603593737,-2.00618161043726,-0.862560347080598,9.49756149675445e-05,1
10.448,-0.862335871604626,-1.96453260488741,-2.31283214322109,-2.00849985394158,-0.862335969026688,9.57669942375066e-05,1
10.45,-0.862112662453094,-1.96334394465478,-2.3116984785451,-2.0108226912859,-0.862112760676322,9.65545506297666e-05,1
10.452,-0.861890616661941,-1.96215060386254,-2.31056501574834,-2.01315000496765,-0.861890715682466,9.7338302056698e-05,1
10.454,-0.861669727859301,-1.96095272359994,-2.30943172870671,-2.01548168003146,-0.861669827673269,9.81182665695606e-05,1
10.456,-0.861449989652691,-1.95975044241456,-2.30829859134646,-2.01781760401334,-0.861450090256268,9.8894462343527e-05,1
10.458,-0.861231395633019,-1.95854389635449,-2.30716557765705,-2.02015766688569,-0.861231497022391,9.96669076633939e-05,1
10.46,-0.861013939378405,-1.95733321901029,-2.3060326617031,-2.02250176100336,-0.861014041549774,0.000100435620909898,1
10.462,-0.860797614457805,-1.95611854155656,-2.30489981763593,-2.02484978105054,-0.860797717407394,0.000101200620546679,1
10.464,-0.860582414434475,-1.95489999279344,-2.3037670197042,-2.02720162398861,-0.860582518158524,0.00010196192510781,1
10.466,-0.86036833286925,-1.95367769918758,-2.30263424226414,-2.02955718900494,-0.860368437364019,0.000102719553185931,1
10.468,-0.860155363323671,-1.95245178491282,-2.3015014597891,-2.0319163774626,-0.86015546858544,0.000103473523420908,1
10.47,-0.859943499362517,-1.95122236978837,-2.30036864467267,-2.03427910123056,-0.859943605391391,0.000104227582085417,1
10.472,-0.859732734558771,-1.94998957774888,-2.29923577604994,-2.03664524910741,-0.859732841347262,0.000104974293820025,1
10.474,-0.859523062491987,-1.94875352419643,-2.29810282660841,-2.03901473708462,-0.859523170036431,0.000105717403805165,1
10.476,-0.859314476755112,-1.94751432454244,-2.29696977136833,-2.04138747474097,-0.859314585051863,0.000106456930765259,1
10.478,-0.859106970954734,-1.94627209209288,-2.29583658551309,-2.04376337359755,-0.859107080000167,0.000107192893424464,1
10.48,-0.858900538713775,-1.94502693809618,-2.29470324438945,-2.04614234706967,-0.858900648504283,0.000107925310496753,1
10.482,-0.858695173673628,-1.94377897178075,-2.29356972351367,-2.04852431042311,-0.858695284205623,0.000108654200677934,1
10.484,-0.858490869496181,-1.94252830039212,-2.29243599857713,-2.05090918073149,-0.858490980766093,0.000109379582638072,1
10.486,-0.858287619865721,-1.94127502922937,-2.29130204545157,-2.05329687683446,-0.858287731870001,0.000110101475014303,1
10.488,-0.858085418490734,-1.94001926168117,-2.29016784019398,-2.05568731929683,-0.858085531225851,0.000110819896404035,1
10.49,-0.857884259105596,-1.93876109926124,-2.28903335905113,-2.05808043036862,-0.857884372568038,0.000111534865358498,1
10.492,-0.857684135472166,-1.93750064164324,-2.28789857846367,-2.06047613394596,-0.85768424965844,0.000112246400376646,1
10.494,-0.857485041381285,-1.93623798669518,-2.28676347506996,-2.06287435553293,-0.857485156287916,0.000112954519899386,1
10.496,-0.857286970654173,-1.93497323051322,-2.28562802570965,-2.06527502220415,-0.857287086277705,0.000113659242304145,1
10.498,-0.857089917143756,-1.93370646745494,-2.28449220742677,-2.06767806256839,-0.857090033480753,0.000114360585899705,1
10.5,-0.856893874735891,-1.93243779017207,-2.28335599747276,-2.07008340673287,-0.856893991782932,0.000115058568921377,1
10.502,-0.856698837350519,-1.93116728964264,-2.28221937330904,-2.07249098626849,-0.856698955104205,0.000115753209526418,1
10.504,-0.856504798942744,-1.92989505520261,-2.2810823126094,-2.07490073417578,-0.856504917399694,0.000116444525789728,1
10.506,-0.856311753503833,-1.92862117457693,-2.27994479326215,-2.07731258485175,-0.856311872660683,0.000117132535699818,1
10.508,-0.856119695062146,-1.92734573391005,-2.27880679337204,-2.07972647405744,-0.85611981491555,0.00011781725715501,1
10.51,-0.855928617684002,-1.92606881779588,-2.27766829126187,-2.08214233888633,-0.855928738230633,0.000118498707959864,1
10.512,-0.855738515474482,-1.92479050930723,-2.27652926547399,-2.08456011773337,-0.855738636711031,0.000119176905821859,1
10.514,-0.855549382578168,-1.92351089002469,-2.27538969477156,-2.08697975026493,-0.855549504501343,0.000119851868348254,1
10.516,-0.855361213179822,-1.92223004006497,-2.27424955813959,-2.08940117738932,-0.855361335786351,0.000120523613043185,1
10.518,-0.855174001505017,-1.92094803810874,-2.27310883478582,-2.09182434122812,-0.855174124791644,0.000121192157304943,1
10.52,-0.854987741820712,-1.91966496142791,-2.27196750414148,-2.09424918508815,-0.854987865784197,0.000121857518423431,1
10.522,-0.854802428435767,-1.9183808859124,-2.27082554586174,-2.09667565343418,-0.854802553072891,0.000122519713577831,1
10.524,-0.854618055701429,-1.91709588609642,-2.26968293982618,-2.09910369186225,-0.854618181008988,0.000123178759834412,1
10.526,-0.854434618011757,-1.9158100351842,-2.26853966613898,-2.10153324707373,-0.854434743986565,0.000123834674144511,1
10.528,-0.854252109804009,-1.91452340507528,-2.26739570512906,-2.10396426684986,-0.854252236442897,0.000124487473342675,1
10.53,-0.854070525558989,-1.91323606638921,-2.26625103735001,-2.10639670002714,-0.854070652858806,0.000125137174144947,1
10.532,-0.853889859801353,-1.91194808848988,-2.26510564357995,-2.10883049647315,-0.853889987758963,0.000125783793147293,1
10.534,-0.853710107099879,-1.91065953950927,-2.26395950482128,-2.11126560706303,-0.853710235712164,0.000126427346824162,1
10.536,-0.8535312620677,-1.90937048637076,-2.26281260230027,-2.1137019836566,-0.853531391331558,0.000127067851527188,1
10.538,-0.853353319362504,-1.90808099481202,-2.26166491746656,-2.11613957907592,-0.85335344927485,0.00012770532348399,1
10.54,-0.853176273686704,-1.90679112940734,-2.26051643199263,-2.11857834708356,-0.85317640424447,0.000128339778797115,1
10.542,-0.853000119787576,-1.90550095358959,-2.25936712777305,-2.12101824236133,-0.853000250987708,0.000128971233443073,1
10.544,-0.852824852457368,-1.90421052967174,-2.25821698692378,-2.12345922048949,-0.85282498429683,0.000129599703271485,1
10.546,-0.852650466533382,-1.90291991886785,-2.25706599178127,-2.12590123792665,-0.852650599009154,0.000130225204004332,1
10.548,-0.852476956898034,-1.90162918131376,-2.25591412490156,-2.12834425198999,-0.852477090007111,0.000130847751235292,1
10.55,-0.852304318478883,-1.90033837608722,-2.25476136905929,-2.13078822083608,-0.852304452218276,0.000131467360429179,1
10.552,-0.852132546248642,-1.89904756122773,-2.25360770724664,-2.13323310344217,-0.852132680615379,0.000132084046921465,1
10.554,-0.85196163522517,-1.89775679375591,-2.25245312267218,-2.1356788595879,-0.851961770216292,0.000132697825917869,1
10.556,-0.851791580471431,-1.89646612969243,-2.2512975987597,-2.13812544983757,-0.851791716083996,0.000133308712494042,1
10.558,-0.851622377095449,-1.89517562407667,-2.25014111914699,-2.14057283552273,-0.851622513326529,0.000133916721595321,1
10.56,-0.851454020250235,-1.89388533098485,-2.24898366768451,-2.14302097872531,-0.85145415709692,0.000134521868036549,1
10.562,-0.851286505133703,-1.89259530354789,-2.2478252284341,-2.1454698422611,-0.851286642593093,0.000135124166501956,1
10.564,-0.851119826988558,-1.89130559396886,-2.24666578566754,-2.14791938966372,-0.851119965057773,0.000135723631545115,1
10.566,-0.850953981102189,-1.89001625354005,-2.24550532386521,-2.15036958516893,-0.85095411977836,0.000136320277588946,1
10.568,-0.850788962805708,-1.8887273304066,-2.24434382423005,-2.15282040533033,-0.850789102091534,0.000136919538497727,1
10.57,-0.850624767477785,-1.88743887862517,-2.24318127860869,-2.15527179246701,-0.850624907364877,0.000137510590574018,1
10.572,-0.850461390536762,-1.88615094455735,-2.24201766863841,-2.15772372448081,-0.850461531022296,0.000138098866133221,1
10.574,-0.850298827447979,-1.88486357603065,-2.24085297960965,-2.16017616826188,-0.850298968529145,0.000138684379074301,1
10.576,-0.850137073719959,-1.88357682002762,-2.23968719702303,-2.16262909133509,-0.850137215393961,0.000139267143168921,1
10.578,-0.84997612490492,-1.88229072271534,-2.23852030657851,-2.16508246184139,-0.849976267168974,0.000139847172059206,1
10.58,-0.849815976598568,-1.88100532946014,-2.23735229417378,-2.16753624852464,-0.849816119449907,0.000140424479258089,1
10.582,-0.849656624439892,-1.87972068484208,-2.23618314590256,-2.16999042071887,-0.84965676787576,0.000140999078149689,1
10.584,-0.849498064110943,-1.87843683266901,-2.23501284805304,-2.17244494833581,-0.849498208128599,0.000141570981989703,1
10.586,-0.849340291336603,-1.87715381599049,-2.2338413871061,-2.17489980185268,-0.849340435933318,0.000142140203905871,1
10.588,-0.849183301884358,-1.87587167711126,-2.2326687497337,-2.17735495230039,-0.849183447057417,0.000142706756898428,1
10.59,-0.849027091564049,-1.87459045760456,-2.23149492279713,-2.17981037125195,-0.849027237310751,0.00014327065384063,1
10.592,-0.848871656227633,-1.87331019832506,-2.23031989334533,-2.18226603081119,-0.848871802545288,0.000143831907479253,1
10.594,-0.848716991768924,-1.87203093942166,-2.22914364861313,-2.18472190360177,-0.848717138654856,0.000144390530435174,1
10.596,-0.848563094123338,-1.87075272034984,-2.22796617601959,-2.18717796275648,-0.848563241574883,0.000144946535203926,1
10.598,-0.848409959267629,-1.86947557988393,-2.22678746316617,-2.18963418190675,-0.848410107282137,0.000145499934156306,1
10.6,-0.848257583219626,-1.868199556129,-2.22560749783511,-2.19209053517246,-0.848257731794458,0.000146050739538996,1
10.602,-0.848105962037958,-1.86692468653259,-2.22442626798759,-2.19454699715199,-0.848106111170488,0.000146598963475189,1
10.604,-0.84795509182155,-1.86565100737152,-2.22324376081311,-2.19700354594393,-0.847955241510628,0.000147146052279354,1
10.606,-0.847804968710462,-1.8643785558692,-2.22205996651947,-2.19946015100845,-0.847805118952023,0.000147689149512652,1
10.608,-0.847655588883455,-1.86310736703212,-2.22087487265188,-2.20191679135845,-0.84765573967491,0.000148229700933981,1
10.61,-0.847506948559788,-1.8618374757935,-2.21968846786762,-2.20437344341022,-0.847507099898558,0.000148767718178594,1
10.612,-0.847359043997925,-1.86056891648011,-2.21850074099672,-2.20683008401372,-0.847359195881445,0.000149303212762376,1
10.614,-0.84721187149545,-1.85930172282639,-2.21731168103775,-2.20928669044261,-0.847212023921164,0.00014983619608186,1
10.616,-0.847065427388774,-1.85803592798454,-2.21612127715611,-2.21174324038593,-0.84706558035414,0.000150366679414952,1
10.618,-0.846919708052847,-1.85677156453442,-2.21492951868231,-2.21419971193983,-0.846919861555331,0.000150894673921685,1
10.62,-0.846774709900866,-1.8555086644932,-2.21373639511023,-2.21665608359973,-0.84677486393795,0.000151420190644949,1
10.622,-0.846630429383986,-1.85424725932489,-2.21254189609547,-2.21911233425243,-0.846630583953159,0.000151943240511264,1
10.624,-0.846486862991025,-1.85298737994964,-2.2113460114536,-2.22156844316858,-0.846487018089789,0.000152463834331528,1
10.626,-0.846344007248177,-1.85172905675278,-2.21014873115845,-2.22402438999525,-0.846344162874044,0.000152981982801782,1
10.628,-0.846201858718714,-1.8504723195938,-2.20895004534048,-2.2264801547487,-0.846202014869207,0.000153497696503997,1
10.63,-0.846060414002696,-1.84921719781509,-2.20774994428508,-2.22893571780733,-0.846060570675349,0.000154010985906821,1
10.632,-0.845919669736679,-1.84796372025043,-2.20654841843088,-2.23139105990474,-0.845919826929037,0.000154521861366391,1
10.634,-0.845779622593424,-1.84671191523346,-2.20534545836814,-2.2338461621231,-0.84577978030304,0.000155030333127086,1
10.636,-0.845640269281602,-1.84546181060583,-2.20414105483706,-2.23630100588646,-0.845640427506043,0.000155536411322327,1
10.638,-0.84550160654551,-1.8442134337253,-2.20293519872619,-2.23875557295441,-0.84550176528235,0.000156040105975347,1
10.64,-0.845363631164774,-1.84296681147361,-2.20172788107075,-2.2412098454158,-0.845363790411599,0.000156541426999992,1
10.642,-0.845226339954066,-1.84172197026417,-2.20051909305108,-2.24366380568262,-0.845226499708472,0.000157040384201494,1
10.644,-0.845089729762813,-1.84047893604971,-2.19930882599102,-2.246117436484,-0.845089890022404,0.000157536987277263,1
10.646,-0.844953797474913,-1.83923773432964,-2.1980970713563,-2.2485707208604,-0.844953958237304,0.000158031245817664,1
10.648,-0.844818540008448,-1.83799839015738,-2.19688382075301,-2.25102364215791,-0.844818701271264,0.000158523169306807,1
10.65,-0.844683954315399,-1.83676092814741,-2.19566906592599,-2.25347618402266,-0.844684116076274,0.000159012767123328,1
10.652,-0.84455003738137,-1.83552537248236,-2.19445279875734,-2.25592833039541,-0.844550199637948,0.000159500048541167,1
10.654,-0.844416786225301,-1.83429174691978,-2.19323501126483,-2.25838006550617,-0.844416948975234,0.000159985022730339,1
10.656,-0.844284197899194,-1.83306007479888,-2.19201569560042,-2.26083137386909,-0.844284361140144,0.000160467698757723,1
10.658,-0.844152269487832,-1.83183037904714,-2.19079484404877,-2.26328224027731,-0.844152433217471,0.000160948085587814,1
10.66,-0.844020998108507,-1.83060268218671,-2.18957244902567,-2.26573264979806,-0.844021162324516,0.000161426192083512,1
10.662,-0.843890380910749,-1.8293770063408,-2.18834850307666,-2.26818258776774,-0.843890545610815,0.000161902027006868,1
10.664,-0.843760415076047,-1.82815337323982,-2.1871229988755,-2.27063203978724,-0.84376058025787,0.000162375599019852,1
10.666,-0.843631097817591,-1.82693180422749,-2.18589592922275,-2.27308099171728,-0.843631263478876,0.000162846916685112,1
10.668,-0.843502426379996,-1.82571232026683,-2.18466728704434,-2.2755294296739,-0.843502592518459,0.000163315988466715,1
10.67,-0.843374398039043,-1.82449494194596,-2.18343706539013,-2.27797734002401,-0.843374564652408,0.000163782822730906,1
10.672,-0.843247010101414,-1.82327968948385,-2.18220525743253,-2.28042470938105,-0.843247177187413,0.000164247427746835,1
10.674,-0.843120259904434,-1.82206658273597,-2.1809718564651,-2.28287152460079,-0.843120427460808,0.000164709811687306,1
10.676,-0.842994144815813,-1.82085564119977,-2.17973685590117,-2.28531777277716,-0.84299431284031,0.0001651699826295,1
10.678,-0.842868662233388,-1.8196468840201,-2.17850024927251,-2.28776344123823,-0.842868830723766,0.000165627948555706,1
10.68,-0.842743809584876,-1.81844032999455,-2.17726203022793,-2.29020851754219,-0.842743978538899,0.000166083717354028,1
10.682,-0.842619584327618,-1.8172359975786,-2.17602219253202,-2.29265298947355,-0.842619753743059,0.00016653729681911,1
10.684,-0.842495983948334,-1.81603390489074,-2.1747807300638,-2.2950968450393,-0.842496153822973,0.000166988694652842,1
10.686,-0.842373005962877,-1.81483406971751,-2.17353763681541,-2.29754007246519,-0.842373176294503,0.000167437918465053,1
10.688,-0.842250647915991,-1.81363650951839,-2.17229290689085,-2.29998266019214,-0.842250818702401,0.000167884975774211,1
10.69,-0.84212890738107,-1.81244124143061,-2.1710465345047,-2.30242459687267,-0.842129078620066,0.000168329874008114,1
10.692,-0.842007781959921,-1.81124828227391,-2.16979851398089,-2.30486587136741,-0.842007953649315,0.000168772620504559,1
10.694,-0.841887269282528,-1.81005764855514,-2.16854883975144,-2.30730647274171,-0.841887441420138,0.000169213222512029,1
10.696,-0.841767367006821,-1.80886935647286,-2.16729750635522,-2.30974639026231,-0.841767539590473,0.000169651687190356,1
10.698,-0.841648072818444,-1.80768342192178,-2.1660445084368,-2.31218561339407,-0.84164824584597,0.000170088021611379,1
10.7,-0.84152938443053,-1.80649986049716,-2.1647898407452,-2.31462413179677,-0.841529557899772,0.0001705222327596,1
10.702,-0.841411299583478,-1.80531868749908,-2.16353349813275,-2.31706193532202,-0.841411473492282,0.000170954327532829,1
10.704,-0.841293816044727,-1.80413991793672,-2.1622754755539,-2.31949901401015,-0.841293990390947,0.000171384312742825,1
10.706,-0.841176931608541,-1.80296356653246,-2.1610157680641,-2.32193535808725,-0.841177106390037,0.000171812195115927,1
10.708,-0.841060644095786,-1.80178964772597,-2.15975437081868,-2.3243709579622,-0.841060819310427,0.000172237981293678,1
10.71,-0.840944951353727,-1.80061817567822,-2.15849127907166,-2.32680580422382,-0.840945126999386,0.000172661677833442,1
10.712,-0.840829851255807,-1.79944916427535,-2.15722648817473,-2.32923988763801,-0.840830027330365,0.00017308329120902,1
10.714,-0.840715341701444,-1.79828262713258,-2.15595999357613,-2.33167319914507,-0.840715518202788,0.000173502827811241,1
10.716,-0.840601420615822,-1.79711857759794,-2.15469179081957,-2.33410572985689,-0.840601597541847,0.000173920293948565,1
10.718,-0.840488085949692,-1.79595702875604,-2.15342187554318,-2.33653747105437,-0.840488263298297,0.000174335695847668,1
10.72,-0.840375335679166,-1.79479799343165,-2.15215024347847,-2.33896841418478,-0.840375513448258,0.000174749039654031,1
10.722,-0.840263167805526,-1.79364148419329,-2.1508768904493,-2.34139855085926,-0.840263345993018,0.00017516033143249,1
10.724,-0.840151580355027,-1.7924875133568,-2.14960181237085,-2.34382787285025,-0.840151758958837,0.000175569577167821,1
10.726,-0.840040571378698,-1.79133609298872,-2.14832500524866,-2.3462563720891,-0.84004075039675,0.000175976782765296,1
10.728,-0.839930138952163,-1.79018723490971,-2.14704646517759,-2.34868404066365,-0.839930318382388,0.000176381954051219,1
10.73,-0.839820281175445,-1.78904095069787,-2.14576618834089,-2.35111087081588,-0.83982046101578,0.000176785096773479,1
10.732,-0.83971099617279,-1.78789725169202,-2.14448417100925,-2.35353685493957,-0.839711176421177,0.000177186216602084,1
10.734,-0.839602282092477,-1.7867561489949,-2.14320040953982,-2.35596198557806,-0.839602462746863,0.000177585319129682,1
10.736,-0.839494137106645,-1.78561765347629,-2.14191490037529,-2.35838625542203,-0.839494318164984,0.000177982409872084,1
10.738,-0.839386559411114,-1.78448177577618,-2.14062764004301,-2.3608096573073,-0.839386740871365,0.000178377494268771,1
10.74,-0.839279547224523,-1.78334852560043,-2.13933862247821,-2.3632321915789,-0.839279729088419,0.000178774259073072,1
10.742,-0.839173098791435,-1.78221791457091,-2.13804784971707,-2.36565383661614,-0.839173281053179,0.000179165347361825,1
10.744,-0.839067212375954,-1.78108995192174,-2.13675531587488,-2.36807459305526,-0.83906739503352,0.000179554445169361,1
10.746,-0.838961886267436,-1.77996464741263,-2.13546101780284,-2.37049445428832,-0.838962069318805,0.000179941557632911,1
10.748,-0.838857118777556,-1.77884201057892,-2.13416495243825,-2.37291341384556,-0.838857302220713,0.00018032668981773,1
10.75,-0.838752908240666,-1.77772205074362,-2.13286711679784,-2.37533146539011,-0.838753092073601,0.000180709846715655,1
10.752,-0.838649253013639,-1.77660477702008,-2.13156750797696,-2.37774860271611,-0.838649437234349,0.000181091033245559,1
10.754,-0.838546151475714,-1.7754901983147,-2.13026612314877,-2.38016481974676,-0.838546336082199,0.000181470254253799,1
10.756,-0.838443602028339,-1.77437832332956,-2.12896295956346,-2.38258011053251,-0.838443787018605,0.000181847514514662,1
10.758,-0.838341603095026,-1.77326916056503,-2.12765801454748,-2.38499446924923,-0.838341788467081,0.000182222818730805,1
10.76,-0.838240153121197,-1.77216271832232,-2.12635128550274,-2.38740789019647,-0.838240338873057,0.000182596171533672,1
10.762,-0.838139250574043,-1.77105900470596,-2.12504276990588,-2.38982036779563,-0.838139436703728,0.000182967577483917,1
10.764,-0.838038893942379,-1.76995802762626,-2.12373246530756,-2.39223189658831,-0.838039080447913,0.000183337041071825,1
10.766,-0.837939081736506,-1.76885979480177,-2.12242036933168,-2.39464247123457,-0.837939268615918,0.000183704566717699,1
10.768,-0.837839812488069,-1.7677643137616,-2.1211064796747,-2.39705208651131,-0.83783999973939,0.000184070158772279,1
10.77,-0.837741084749924,-1.76667159184781,-2.11979079410493,-2.39946073731059,-0.837741272371193,0.000184433821517109,1
10.772,-0.837642897096005,-1.76558163621765,-2.11847331046187,-2.40186841863805,-0.837643085085264,0.000184795559164937,1
10.774,-0.837545248121194,-1.76449445384586,-2.11715402665548,-2.40427512561133,-0.837545436476487,0.000185155375860083,1
10.776,-0.837448136441189,-1.76341005152686,-2.11583294066558,-2.4066808534585,-0.837448325160568,0.0001855132756788,1
10.778,-0.837351560692384,-1.76232843587695,-2.11451005054114,-2.40908559751653,-0.837351749773902,0.000185869262629649,1
10.78,-0.837255519531741,-1.76124961333644,-2.1131853543997,-2.41148935322981,-0.837255708973456,0.000186223340653836,1
10.782,-0.837160011636671,-1.76017359017172,-2.11185885042673,-2.41389211614866,-0.837160201436645,0.00018657551362557,1
10.784,-0.837065035704914,-1.7591003724774,-2.11053053687499,-2.41629388192782,-0.837065225861214,0.000186925785352386,1
10.786,-0.836970590454427,-1.75802996617828,-2.10920041206397,-2.41869464632513,-0.836970780965122,0.000187274159575492,1
10.788,-0.836876674623265,-1.75696237703138,-2.10786847437927,-2.4210944052,-0.836876865486428,0.000187620639970077,1
10.79,-0.836783286969472,-1.75589761062789,-2.10653472227205,-2.42349315451211,-0.83678347818318,0.000187965230145644,1
10.792,-0.836690426270972,-1.75483567239511,-2.10519915425847,-2.42589089031996,-0.836690617833306,0.000188307933646295,1
10.794,-0.836598091325462,-1.75377656759833,-2.10386176891911,-2.42828760877962,-0.836598283234506,0.000188648753951054,1
10.796,-0.836506280950307,-1.75272030134271,-2.10252256489848,-2.43068330614332,-0.83650647320415,0.000188987694474147,1
10.798,-0.836414993982441,-1.75166687857511,-2.10118154090445,-2.43307797875818,-0.836415186579173,0.000189324758565299,1
10.8,-0.83632422927826,-1.75061630408588,-2.09983869570774,-2.43547162306493,-0.836324422215976,0.000189659949510005,1
10.802,-0.836233985713534,-1.74956858251065,-2.09849402814147,-2.43786423559661,-0.836234178990331,0.000189993270529806,1
10.804,-0.836144262183303,-1.74852371833203,-2.09714753710063,-2.44025581297736,-0.836144455797283,0.000190324724782555,1
10.806,-0.836055057601791,-1.74748171588137,-2.09579922154157,-2.44264635192116,-0.836055251551058,0.000190654315362671,1
10.808,-0.835966370902312,-1.7464425793404,-2.0944490804816,-2.44503584923063,-0.835966565184972,0.000190982045301392,1
10.81,-0.835878201037179,-1.74540631274291,-2.0930971129985,-2.44742430179581,-0.835878395651343,0.000191307917567023,1
10.812,-0.835790546977625,-1.74437291997634,-2.09174331823011,-2.44981170659302,-0.835790741921406,0.000191631935065162,1
10.814,-0.835703407713713,-1.7433424047834,-2.09038769537385,-2.45219806068365,-0.835703602985227,0.000191954100638942,1
10.816,-0.835616782254256,-1.74231477076364,-2.08903024368633,-2.45458336121304,-0.835616977851623,0.00019227441706924,1
10.818,-0.835530669626739,-1.74129002137496,-2.08767096248297,-2.45696760540935,-0.83553086554808,0.000192592887074906,1
10.82,-0.835445068877242,-1.74026815993514,-2.08630985113754,-2.45935079058243,-0.835445265120681,0.000192909513312953,1
10.822,-0.835359979070362,-1.73924918962335,-2.08494690908185,-2.46173291412271,-0.835360175634025,0.000193224298378779,1
10.824,-0.835275399289141,-1.73823311348155,-2.08358213580533,-2.46411397350012,-0.835275596171159,0.000193537244806346,1
10.826,-0.835191328634738,-1.73721993428894,-2.08221552984721,-2.46649396881945,-0.835191525834587,0.000193849671374363,1
10.828,-0.835107766227593,-1.73620965507745,-2.08084709282289,-2.46887289259093,-0.835107963742064,0.000194158948042048,1
10.83,-0.835024711205033,-1.73520227834994,-2.0794768233903,-2.47125074507683,-0.835024909032263,0.000194466393306354,1
10.832,-0.834942162723393,-1.73419780661691,-2.07810472126396,-2.4736275240533,-0.83494236086152,0.000194772009456611,1
10.834,-0.834860119956934,-1.73319624225547,-2.07673078621632,-2.47600322737193,-0.834860318404101,0.000195075798722281,1
10.836,-0.834778582097972,-1.73219758751381,-2.07535501807551,-2.47837785295754,-0.834778780852322,0.000195377763272414,1
10.838,-0.834697548356824,-1.73120184451246,-2.07397741672499,-2.4807513988072,-0.834697747416503,0.000195677905215782,1
10.84,-0.834617017961748,-1.73020901524555,-2.07259798210334,-2.48312386298924,-0.834617217324904,0.000195976226601024,1
10.842,-0.834536990158894,-1.7292191015821,-2.07121671420393,-2.48549524364229,-0.834537189823677,0.00019627272941677,1
10.844,-0.83445746421225,-1.72823210526716,-2.06983361307476,-2.48786553897427,-0.834457664176812,0.000196567415591774,1
10.846,-0.834378439403597,-1.72724802792308,-2.06844867881808,-2.49023474726149,-0.834378639666092,0.000196860286995018,1
10.848,-0.83429991503246,-1.72626687105062,-2.0670619115903,-2.49260286684769,-0.834300115591044,0.000197151345435828,1
10.85,-0.834221890416061,-1.72528863603018,-2.06567331160168,-2.49496989614305,-0.834222091268891,0.000197440592663982,1
10.852,-0.834144364889285,-1.72431332412286,-2.06428287911614,-2.49733583362338,-0.83414456603452,0.000197728030369784,1
10.854,-0.83406733780463,-1.72334093647161,-2.06289061445109,-2.4997006778291,-0.834067539240431,0.000198013660184179,1
10.856,-0.833990808532177,-1.72237147410229,-2.06149651797723,-2.50206442736437,-0.833991010256707,0.000198297483678813,1
10.858,-0.833914776459549,-1.72140493792478,-2.06010059011839,-2.50442708089622,-0.833914978470972,0.000198579502366118,1
10.86,-0.833839240991883,-1.72044132873398,-2.05870283135133,-2.50678863715363,-0.833839443288364,0.000198859717699372,1
10.862,-0.833764201551793,-1.71948064721087,-2.05730324220566,-2.50914909492666,-0.833764404131499,0.000199138131072759,1
10.864,-0.833689657579342,-1.71852289392351,-2.05590182326361,-2.51150845306558,-0.833689860440441,0.000199414743821432,1
10.866,-0.83361560853202,-1.71756806932803,-2.05449857516002,-2.51386671048001,-0.833615811672682,0.000199689557221535,1
10.868,-0.833542053884712,-1.71661617376957,-2.05309349858214,-2.51622386613808,-0.833542257303108,0.000199962572490265,1
10.87,-0.833468993129682,-1.71566720748327,-2.05168659426955,-2.51857991906552,-0.833469196823983,0.000200233790785888,1
10.872,-0.833396425776544,-1.71472117059519,-2.0502778630141,-2.52093486834489,-0.833396629744924,0.000200503213207769,1
10.874,-0.833324351352255,-1.71377806312316,-2.0488673056598,-2.52328871311474,-0.833324555592887,0.000200770840796386,1
10.876,-0.833252769401088,-1.71283788497778,-2.04745492310278,-2.52564145256873,-0.833252973912148,0.000201036674533333,1
10.878,-0.833181679484625,-1.7119006359632,-2.04604071629123,-2.52799308595484,-0.83318188426429,0.000201300715341332,1
10.88,-0.833111081181743,-1.710966315778,-2.04462468622535,-2.53034361257459,-0.833111286228188,0.000201562964084224,1
10.882,-0.833040974088604,-1.71003492401604,-2.04320683395734,-2.53269303178216,-0.833041179400008,0.000201823421566948,1
10.884,-0.832971357818648,-1.70910646016729,-2.04178716059136,-2.53504134298365,-0.83297156339319,0.000202082088535527,1
10.886,-0.83290223200259,-1.70818092361856,-2.04036566728359,-2.53738854563625,-0.832902437838448,0.000202338965677043,1
10.888,-0.832833596288414,-1.70725831365437,-2.03894235524217,-2.53973463924747,-0.832833802383768,0.000202594053619593,1
10.89,-0.832765450341372,-1.70633862945765,-2.03751722572723,-2.54207962337432,-0.832765656694403,0.000202847352932252,1
10.892,-0.83269779384399,-1.7054218701105,-2.036090280051,-2.54442349762256,-0.832698000452879,0.00020309886412502,1
10.894,-0.832630626496067,-1.70450803459494,-2.03466151957777,-2.54676626164591,-0.832630833358996,0.000203348587648767,1
10.896,-0.832563948014685,-1.70359712179358,-2.03323094572399,-2.54910791514528,-0.832564155129835,0.00020359652389516,1
10.898,-0.832497758134215,-1.70268913049038,-2.03179855995837,-2.551448457868,-0.832497965499768,0.000203842673196594,1
10.9,-0.832432056606327,-1.70178405937123,-2.03036436380192,-2.55378788960706,-0.832432264220466,0.000204087035826114,1
10.902,-0.832366843200006,-1.7008819070247,-2.02892835882808,-2.55612621020034,-0.832367051060913,0.000204329611997317,1
10.904,-0.832302117701564,-1.69998267194262,-2.02749054666285,-2.55846341952986,-0.832302325807422,0.000204570401864267,1
10.906,-0.83223787991466,-1.69908635252073,-2.02605092898486,-2.56079951752102,-0.832238088263652,0.00020480940552138,1
10.908,-0.832174129660318,-1.6981929470593,-2.02460950752559,-2.56313450414187,-0.832174338250628,0.000205046623003312,1
10.91,-0.832110866776953,-1.69730245376369,-2.02316628406947,-2.56546837940234,-0.832111075606762,0.000205282054284844,1
10.912,-0.832048091120388,-1.69641487074495,-2.02172126045407,-2.5678011433535,-0.83204830018788,0.000205515699280753,1
10.914,-0.83198580256389,-1.69553019602036,-2.02027443857028,-2.57013279608682,-0.831986011867248,0.000205747557845665,1
10.916,-0.831924000998195,-1.69464842751398,-2.01882582036252,-2.57246333773344,-0.831924210535601,0.000205977629773921,1
10.918,-0.831862686331537,-1.69376956305719,-2.01737540782893,-2.57479276846341,-0.831862896101173,0.000206205914799421,1
10.92,-0.831801858489689,-1.69289360038917,-2.01592320302161,-2.577121088485,-0.831802068489738,0.000206432412595457,1
10.922,-0.831741517415994,-1.69202053715739,-2.01446920804689,-2.57944829804388,-0.831741727644636,0.00020665712277455,1
10.924,-0.831681663071406,-1.69115037091813,-2.01301342506551,-2.58177439742252,-0.831681873526823,0.000206880044888268,1
10.926,-0.831622295434534,-1.69028309913689,-2.01155585629297,-2.5840993869393,-0.831622506114906,0.000207101178427035,1
10.928,-0.831563414501679,-1.68941871918884,-2.01009650399979,-2.58642326694792,-0.831563625405186,0.000207320522819948,1
10.93,-0.831505020286892,-1.6885572283593,-2.00863537051178,-2.5887460378366,-0.831505231411713,0.000207538077434551,1
10.932,-0.83144711282201,-1.68769862384407,-2.00717245821043,-2.59106770002735,-0.831447324166325,0.000207753841576648,1
10.934,-0.831389692156722,-1.68684290274989,-2.00570776953316,-2.59338825397526,-0.831389903718707,0.000207967814490057,1
10.936,-0.831332758358608,-1.68599006209476,-2.00424130697371,-2.59570770016779,-0.831332970136442,0.000208179995356397,1
10.938,-0.831276311513211,-1.68514009880837,-2.00277307308253,-2.59802603912401,-0.831276523505068,0.000208390383294834,1
10.94,-0.831220351724084,-1.68429300973238,-2.0013030704671,-2.6003432713939,-0.83122056392814,0.000208598977361842,1
10.942,-0.83116487911286,-1.68344879162081,-1.99983130179239,-2.60265939755758,-0.831165091527289,0.000208805776550943,1
10.944,-0.831109893819317,-1.68260744114029,-1.99835776978123,-2.60497441822462,-0.831110106442292,0.000209010779792427,1
10.946,-0.831055396001438,-1.68176895487041,-1.99688247721476,-2.60728833403334,-0.831055608831131,0.000209213985953095,1
10.948,-0.831001385835493,-1.68093332930399,-1.99540542693287,-2.60960114564998,-0.831001598870075,0.000209415393835954,1
10.95,-0.830947863516101,-1.68010056084729,-1.99392662183471,-2.61191285376808,-0.830948076753741,0.000209615002179935,1
10.952,-0.830894829256316,-1.67927064582036,-1.99244606487908,-2.61422345910766,-0.830895042695182,0.000209812809659565,1
10.954,-0.830842283287697,-1.67844358045718,-1.99096375908504,-2.61653296241455,-0.830842496925956,0.000210008814884683,1
10.956,-0.830790225860396,-1.67761936090593,-1.98947970753234,-2.61884136445961,-0.830790439696212,0.000210203016400087,1
10.958,-0.83073865724324,-1.67679798322915,-1.98799391336203,-2.62114866603802,-0.830738871274778,0.000210395412685206,1
10.96,-0.830687577723819,-1.67597944340398,-1.98650637977696,-2.62345486796852,-0.83068779194924,0.000210586002153756,1
10.962,-0.830636987608579,-1.67516373732226,-1.98501711004241,-2.62575997109267,-0.830637202026043,0.000210774783153373,1
10.964,-0.830586887222908,-1.67435086079072,-1.98352610748662,-2.62806397627412,-0.830587101830575,0.000210961753965266,1
10.966,-0.830537276911245,-1.6735408095311,-1.98203337550149,-2.63036688439784,-0.83053749170727,0.000211146912803818,1
10.968,-0.830488157037166,-1.67273357918027,-1.98053891754314,-2.63266869636939,-0.830488372019705,0.000211330257816205,1
10.97,-0.8304395279835,-1.67192916529035,-1.9790427371326,-2.63496941311412,-0.830439743150705,0.000211511787081993,1
10.972,-0.830391390152424,-1.67112756332874,-1.97754483785649,-2.63726903557647,-0.830391605502446,0.000211691498612734,1
10.974,-0.830343743965578,-1.67032876867824,-1.9760452233677,-2.63956756471916,-0.830343959496567,0.000211869390351533,1
10.976,-0.830296589864179,-1.66953277663708,-1.97454389738614,-2.64186500152244,-0.83029680557428,0.000212045460172625,1
10.978,-0.830249928309131,-1.66873958241893,-1.97304086369945,-2.64416134698332,-0.830250144196489,0.000212219705880922,1
10.98,-0.830203759781149,-1.66794918115295,-1.97153612616377,-2.64645660211478,-0.830203975843906,0.000212392125211555,1
10.982,-0.830158084780881,-1.66716156788377,-1.97002968870454,-2.64875076794498,-0.830158301017177,0.00021256271582941,1
10.984,-0.83011290382903,-1.66637673757146,-1.9685215553173,-2.65104384551651,-0.830113120237002,0.000212731475328645,1
10.986,-0.83006821746649,-1.6655946850915,-1.96701173006852,-2.65333583588556,-0.830068434044273,0.000212898401232194,1
10.988,-0.830024026254473,-1.66481540523473,-1.96550021709646,-2.65562674012112,-0.830024243000199,0.000213063490991262,1
10.99,-0.82998033077465,-1.66403889270729,-1.96398702061205,-2.6579165593042,-0.829980547686447,0.000213226741984809,1
10.992,-0.829937131629287,-1.66326514213047,-1.96247214489979,-2.66020529452698,-0.829937348705283,0.000213388151519013,1
10.994,-0.829894429441393,-1.66249414804067,-1.96095559431869,-2.66249294689201,-0.829894646679713,0.00021354771682673,1
10.996,-0.829852224854866,-1.66172590488923,-1.95943737330321,-2.6647795175114,-0.82985244225363,0.000213705435066934,1
10.998,-0.829810518534645,-1.66096040704229,-1.95791748636428,-2.66706500750596,-0.82981073609197,0.000213861303324149,1
11,-0.829769311166863,-1.66019764878064,-1.95639593809023,-2.66934941800435,-0.829769528880865,0.000214015318607858,1
11.002,-0.82972860345901,-1.65943762429949,-1.95487273314794,-2.67163275014225,-0.829728821327802,0.000214167477851906,1
11.004,-0.829688396140095,-1.65868032770834,-1.95334787628379,-2.67391500506149,-0.829688614161784,0.00021431777791389,1
11.006,-0.829648689960813,-1.65792575303068,-1.95182137232482,-2.6761961839092,-0.829648908133505,0.00021446621557453,1
11.008,-0.829609485693714,-1.6571738942038,-1.95029322617985,-2.67847628783688,-0.829609704015511,0.000214612787537023,1
11.01,-0.829570784133385,-1.65642474507851,-1.94876344284059,-2.68075531799958,-0.829571002602386,0.000214757490426393,1
11.012,-0.829532586096626,-1.65567829941882,-1.94723202738285,-2.68303327555496,-0.829532804710925,0.000214900320788811,1
11.014,-0.829494892422631,-1.65493455090173,-1.94569898496775,-2.68531016166239,-0.82949511118032,0.000215041275090916,1
11.016,-0.829457703973184,-1.6541934931168,-1.94416432084294,-2.68758597748201,-0.829457922872352,0.000215180349719105,1
11.018,-0.82942102163285,-1.65345511956589,-1.94262804034392,-2.68986072417387,-0.82942124067158,0.000215317540978816,1
11.02,-0.829384846309168,-1.65271942366275,-1.94109014889528,-2.69213440289689,-0.82938506548554,0.000215452845093793,1
11.022,-0.829349178932857,-1.65198639873261,-1.93955065201212,-2.69440701480799,-0.829349398244948,0.000215586258205341,1
11.024,-0.829314020458029,-1.65125603801186,-1.93800955530133,-2.69667856106107,-0.829314239903911,0.000215717776371541,1
11.026,-0.829279371862387,-1.65052833464754,-1.93646686446309,-2.69894904280606,-0.829279591440129,0.000215847395566481,1
11.028,-0.829245234147458,-1.6498032816969,-1.93492258529225,-2.70121846118792,-0.829245453855122,0.000215975111679447,1
11.03,-0.829211608338801,-1.64908087212698,-1.93337672367984,-2.70348681734561,-0.829211828174448,0.000216100920514101,1
11.032,-0.829178495486244,-1.64836109881404,-1.93182928561458,-2.70575411241111,-0.82917871544793,0.00021622481778764,1
11.034,-0.82914589666411,-1.64764395454308,-1.93028027718443,-2.70802034750837,-0.829146116749886,0.000216346799129946,1
11.036,-0.829113812971459,-1.64692943200731,-1.92872970457821,-2.71028552375221,-0.82911403317937,0.000216466860082709,1
11.038,-0.829082245532325,-1.64621752380755,-1.92717757408718,-2.71254964224734,-0.829082465860414,0.000216584996098528,1
11.04,-0.829051195495971,-1.64550822245165,-1.92562389210678,-2.7148127040872,-0.829051415942274,0.000216701202539997,1
11.042,-0.829020664037137,-1.64480152035388,-1.92406866513827,-2.71707471035292,-0.829020884599688,0.000216815474678778,1
11.044,-0.828990652356305,-1.64409740983431,-1.92251189979058,-2.71933566211215,-0.82899087303313,0.000216927807694636,1
11.046,-0.828961161679957,-1.64339588311809,-1.92095360278201,-2.72159556041794,-0.828961382469079,0.000217038196674479,1
11.048,-0.828932193260854,-1.64269693233481,-1.91939378094217,-2.72385440630762,-0.82893241416029,0.000217146636611346,1
11.05,-0.82890374837831,-1.64200054951777,-1.9178324412138,-2.72611220080156,-0.828903969386071,0.000217253122403399,1
11.052,-0.828875828338469,-1.64130672660321,-1.91626959065473,-2.72836894490206,-0.828876049452563,0.000217357648852894,1
11.054,-0.828848434474607,-1.64061545542958,-1.91470523643988,-2.73062463959203,-0.828848655693036,0.000217460210665097,1
11.056,-0.828821568147419,-1.63992672773673,-1.91313938586328,-2.73287928583387,-0.828821789468179,0.000217560802447215,1
11.058,-0.828795230745323,-1.63924053516505,-1.91157204634014,-2.7351328845681,-0.828795452166403,0.000217659418707297,1
11.06,-0.82876942368477,-1.63855686925466,-1.91000322540902,-2.73738543671217,-0.828769645204155,0.000217756053853087,1
11.062,-0.82874414841056,-1.63787572144452,-1.90843293073397,-2.73963694315912,-0.828744370026229,0.000217850702190878,1
11.064,-0.828719406396163,-1.63719708307151,-1.90686117010679,-2.74188740477621,-0.828719628106089,0.000217943357924337,1
11.066,-0.828695199144052,-1.63652094536947,-1.90528795144937,-2.74413682240366,-0.828695420946202,0.000218034015153293,1
11.068,-0.828671528186036,-1.63584729946825,-1.90371328281592,-2.74638519685318,-0.82867175007837,0.000218122667872511,1
11.07,-0.828648395083606,-1.63517613639272,-1.90213717239554,-2.74863252890663,-0.828648617064081,0.000218209309970442,1
11.072,-0.828625801428289,-1.6345074470617,-1.90055962851454,-2.75087881931452,-0.828626023494851,0.000218293935227936,1
11.074,-0.828603748842002,-1.63384122228692,-1.89898065963905,-2.75312406879464,-0.828603970992593,0.000218376537316932,1
11.076,-0.828582238977131,-1.6331774529504,-1.89740027320516,-2.75536828047642,-0.828582461211067,0.000218458457879636,1
11.078,-0.828561273518275,-1.63251612929418,-1.89581848030826,-2.75761145011394,-0.828561495832104,0.000218536994245667,1
11.08,-0.828540854180074,-1.63185724197293,-1.89423528868211,-2.75985358076613,-0.828541076571719,0.000218613487791729,1
11.082,-0.828520982709971,-1.63120078136134,-1.8926507073767,-2.76209467300363,-0.828521205177346,0.000218687931739721,1
11.084,-0.828501660887517,-1.63054673771849,-1.8910647455973,-2.76433472735737,-0.828501883428531,0.000218760319196409,1
11.086,-0.828482890524984,-1.62989510118922,-1.88947741270544,-2.76657374431611,-0.828483113137538,0.000218830643151189,1
11.088,-0.82846467346778,-1.62924586180288,-1.88788871822203,-2.76881172432473,-0.828464896149767,0.000218898896474581,1
11.09,-0.828447011594875,-1.62859900947194,-1.8862986718303,-2.77104866778251,-0.828447234344181,0.000218965071916667,1
11.092,-0.828429906819237,-1.62795453399062,-1.88470728337903,-2.7732845750414,-0.828430129633741,0.000219029162105526,1
11.094,-0.828413361088279,-1.62731242503346,-1.88311456288574,-2.77551944640419,-0.828413583965852,0.000219091159545608,1
11.096,-0.828397376384314,-1.62667267215387,-1.88152052054,-2.77775328212267,-0.828397599322818,0.000219151056616083,1
11.098,-0.828381954725014,-1.62603526478259,-1.87992516670681,-2.77998608239578,-0.828382177722306,0.000219208845569176,1
11.1,-0.828367098163894,-1.62540019222621,-1.87832851193006,-2.78221784736766,-0.828367321217821,0.000219264518528423,1
11.102,-0.82835280879079,-1.6247674436655,-1.8767305669361,-2.78444857712569,-0.828353031899192,0.000219318067486933,1
11.104,-0.828339088732358,-1.62413700815383,-1.87513134263736,-2.78667827169851,-0.828339311893065,0.000219369484305588,1
11.106,-0.828325940152579,-1.62350887461547,-1.87353085013612,-2.78890693105391,-0.828326163363414,0.000219418760711204,1
11.108,-0.828313365253278,-1.62288303184388,-1.87192910072829,-2.79113455509675,-0.828313588512055,0.000219465888294674,1
11.11,-0.82830136627465,-1.62225946849995,-1.87032610590736,-2.79336114366684,-0.828301589579175,0.000219510858509048,1
11.112,-0.828289945495805,-1.62163817311015,-1.86872187736843,-2.79558669653666,-0.828290168843874,0.00021955366266758,1
11.114,-0.828279105235314,-1.6210191340647,-1.86711642701231,-2.79781121340917,-0.828279328624714,0.000219594291941738,1
11.116,-0.828268847851777,-1.62040233961563,-1.86550976694977,-2.80003469391544,-0.828269071280287,0.00021963273735917,1
11.118,-0.828259175744401,-1.61978777787483,-1.86390190950583,-2.80225713761234,-0.82825939920979,0.000219668989801611,1
11.12,-0.828250091353583,-1.61917543681206,-1.86229286722426,-2.80447854398003,-0.828250314853611,0.000219703040002776,1
11.122,-0.828241597161519,-1.61856530425281,-1.86068265287211,-2.80669891241958,-0.828241820693935,0.000219734878546173,1
11.124,-0.828233695692814,-1.61795736787624,-1.85907127944437,-2.8089182422503,-0.82823391925536,0.000219764495862893,1
11.126,-0.828226389515113,-1.61735161521298,-1.85745876016877,-2.8111365327072,-0.828226613105519,0.000219791882229341,1
11.128,-0.828219681239745,-1.6167480336429,-1.85584510851073,-2.81335378293832,-0.82821990485573,0.000219817027764922,1
11.13,-0.828213573522376,-1.61614661039281,-1.85423033817832,-2.81556999200192,-0.828213797161652,0.000219839922429673,1
11.132,-0.828208069063683,-1.61554733253409,-1.85261446312754,-2.8177851588637,-0.828208292723949,0.000219860556021852,1
11.134,-0.828203170610039,-1.61495018698034,-1.85099749756753,-2.8199992823939,-0.828203394288985,0.000219878918175466,1
11.136,-0.828198880954218,-1.61435516048481,-1.84937945596605,-2.82221236136433,-0.828199104649522,0.000219894998357735,1
11.138,-0.828195202936104,-1.61376223963796,-1.84776035305507,-2.82442439444533,-0.828195426645433,0.000219908785866535,1
11.14,-0.82819213944343,-1.61317141086476,-1.84614020383648,-2.82663538020264,-0.828192363164442,0.000219920269827752,1
11.142,-0.828189693412529,-1.6125826604221,-1.84451902358801,-2.82884531709417,-0.828189917142869,0.000219929439192582,1
11.144,-0.828187867829094,-1.61199597439602,-1.84289682786919,-2.83105420346675,-0.828188091566396,0.000219936282734789,1
11.146,-0.828186665728964,-1.61141133869887,-1.84127363252761,-2.8332620375527,-0.82818688947085,0.000219940789047889,1
11.148,-0.828186090198924,-1.61082873906646,-1.83964945370526,-2.83546881746638,-0.828186313943005,0.000219942946542274,1
11.15,-0.828186144377527,-1.61024816105514,-1.83802430784501,-2.83767454120062,-0.828186368121401,0.000219942743442272,1
11.152,-0.828186831455925,-1.60966959003867,-1.83639821169736,-2.83987920662305,-0.828187055197178,0.000219940167783141,1
11.154,-0.828188154678727,-1.60909301120522,-1.8347711823273,-2.84208281147229,-0.828188378414935,0.000219935207408011,1
11.156,-0.82819011734488,-1.60851840955411,-1.83314323712134,-2.84428535335417,-0.828190341073603,0.000219927849964725,1
11.158,-0.828192722808554,-1.60794576989259,-1.83151439379481,-2.84648682973763,-0.828192946527341,0.000219918082902649,1
11.16,-0.828195974480065,-1.60737507683245,-1.82988467039925,-2.84868723795074,-0.828196198186453,0.000219905893469374,1
11.162,-0.82819987582681,-1.6068063147866,-1.8282540853301,-2.85088657517639,-0.828200099518319,0.000219891268707376,1
11.164,-0.828204430374219,-1.60623946796556,-1.82662265733451,-2.85308483844804,-0.82820465404836,0.000219874195450577,1
11.166,-0.828209641706741,-1.60567452037383,-1.82499040551942,-2.85528202464521,-0.82820986536101,0.00021985466032084,1
11.168,-0.828215513468844,-1.60511145580617,-1.82335734935988,-2.85747813048894,-0.828215737100721,0.000219832649724385,1
11.17,-0.828222049366031,-1.60455025784822,-1.82172350868789,-2.85967315257549,-0.828222272973007,0.000219808171411427,1
11.172,-0.828229253165916,-1.60399090985513,-1.8200889037796,-2.86186708721768,-0.828229476745422,0.000219781168218959,1
11.174,-0.828237128699251,-1.60343339497358,-1.81845355524674,-2.86405993067069,-0.828237352248726,0.00021975164744747,1
11.176,-0.828245679861063,-1.60287769612052,-1.81681748412414,-2.86625167897302,-0.828245903377931,0.000219719594603074,1
11.178,-0.828254910611756,-1.60232379598313,-1.81518071185969,-2.86844232797964,-0.828255134093427,0.000219684994957073,1
11.18,-0.828264824978271,-1.60177167701459,-1.81354326032408,-2.87063187335663,-0.828265048422138,0.00021964783354182,1
11.182,-0.82827542705525,-1.60122132142962,-1.81190515182087,-2.8728203105755,-0.828275650458692,0.000219608095146545,1
11.184,-0.828286721006244,-1.60067271119997,-1.81026640909675,-2.8750076349074,-0.828286944366623,0.000219565764313052,1
11.186,-0.828298711064944,-1.60012582804975,-1.80862705535216,-2.87719384141722,-0.828298934379608,0.000219520825331319,1
11.188,-0.828311401536441,-1.59958065345069,-1.80698711425221,-2.87937892495738,-0.828311624802719,0.000219473262235013,1
11.19,-0.828324796798509,-1.59903716861724,-1.80534660993787,-2.88156288016159,-0.828325020013716,0.00021942305879689,1
11.192,-0.82833890130293,-1.59849535450155,-1.80370556703751,-2.88374570143824,-0.828339124464363,0.000219370198524087,1
11.194,-0.828353719576841,-1.59795519178831,-1.80206401067878,-2.88592738296373,-0.828353942681781,0.000219314664653318,1
11.196,-0.828369256224118,-1.59741666088952,-1.80042196650078,-2.88810791867554,-0.828369479269827,0.000219256440145936,1
11.198,-0.828385515926785,-1.59687974193903,-1.79877946066666,-2.89028730226505,-0.828385738910509,0.000219195507682911,1
11.2,-0.828402503446469,-1.59634441478702,-1.79713651987647,-2.89246552717022,-0.828402726365434,0.000219131849659658,1
11.202,-0.828420223625875,-1.59581065899428,-1.79549317138055,-2.89464258656792,-0.828420446477292,0.000219065448180765,1
11.204,-0.828438681390309,-1.59527845382639,-1.79384944299315,-2.89681847336613,-0.828438904171367,0.0002189962850546,1
11.206,-0.828457881749229,-1.59474777824772,-1.79220536310651,-2.89899318019586,-0.8284581044571,0.000218924341787768,1
11.208,-0.828477829797832,-1.59421861091528,-1.79056096070539,-2.90116669940273,-0.82847805242967,0.000218849599579468,1
11.21,-0.82849853071869,-1.59369093017241,-1.78891626538201,-2.9033390230384,-0.828498753271627,0.000218772039315697,1
11.212,-0.828519989783407,-1.59316471404232,-1.78727130735136,-2.90551014285164,-0.828520212254557,0.000218691641563331,1
11.214,-0.828542212354337,-1.59263994022142,-1.78562611746711,-2.90768005027916,-0.828542434740793,0.000218608386564047,1
11.216,-0.828565203886324,-1.59211658607257,-1.78398072723783,-2.90984873643608,-0.828565426185159,0.000218522254228122,1
11.218,-0.828588969928495,-1.59159462861802,-1.78233516884384,-2.91201619210617,-0.828589192136761,0.000218433224128078,1
11.22,-0.828613516126092,-1.59107404453228,-1.78068947515451,-2.91418240773168,-0.82861373824082,0.000218341275492171,1
11.222,-0.82863884822235,-1.59055481013475,-1.77904367974603,-2.91634737340286,-0.82863907024055,0.000218246387197731,1
11.224,-0.828664972060422,-1.59003690138217,-1.77739781691983,-2.91851107884723,-0.828665193979081,0.000218148537764348,1
11.226,-0.828691893585343,-1.58952029386088,-1.77575192172146,-2.92067351341828,-0.828692115401427,0.000218047705346881,1
11.228,-0.828719618846049,-1.58900496277883,-1.77410602996014,-2.922834666084,-0.828719840556501,0.000217943867728326,1
11.23,-0.828748153997443,-1.58849088295747,-1.77246017822881,-2.92499452541492,-0.828748375599183,0.000217837002312488,1
11.232,-0.82877750530251,-1.58797802882334,-1.7708144039249,-2.92715307957173,-0.828777726792434,0.000217727086116492,1
11.234,-0.828807679134482,-1.58746637439948,-1.76916874527166,-2.92931031629251,-0.828807900509463,0.000217614095763117,1
11.236,-0.828838681979058,-1.58695589329662,-1.76752324134025,-2.93146622287954,-0.828838903235944,0.000217498007472941,1
11.238,-0.828870520436671,-1.58644655871547,-1.76587793202946,-2.9336207862661,-0.828870741572333,0.000217378842443818,1
11.24,-0.828903201224853,-1.58593834339302,-1.76423285825752,-2.93577399268646,-0.828903422236047,0.000217256488767405,1
11.242,-0.828936731180547,-1.58543121965713,-1.76258806174219,-2.93792582811971,-0.828936952064042,0.000217130959844144,1
11.244,-0.828971117262616,-1.58492515937724,-1.76094358517726,-2.94007627798945,-0.828971338015161,0.00021700223368064,1
11.246,-0.829006366554317,-1.58442013396176,-1.75929947222868,-2.942225327204,-0.829006587172632,0.000216870284361972,1
11.248,-0.829042486265869,-1.58391611434876,-1.75765576755785,-2.94437296014634,-0.829042706746649,0.00021673508551982,1
11.25,-0.829079483737076,-1.58341307099534,-1.75601251684901,-2.94651916065727,-0.829079704076987,0.000216596610323196,1
11.252,-0.829117366440016,-1.58291097386678,-1.75436976683747,-2.94866391201801,-0.829117586635698,0.000216454831468976,1
11.254,-0.829156141981797,-1.58240979242536,-1.75272756533888,-2.95080719693214,-0.829156362029861,0.000216309721172184,1
11.256,-0.829195818107375,-1.58190949561894,-1.7510859612793,-2.95294899750693,-0.829196038004403,0.000216161251156062,1
11.258,-0.829236402702445,-1.58141005186917,-1.74944500472639,-2.95508929523393,-0.82923662244499,0.000216009392641903,1
11.26,-0.829277903796398,-1.58091142905943,-1.74780474692147,-2.95722807096893,-0.829278123380983,0.000215854116338644,1
11.262,-0.829320329565353,-1.58041359452244,-1.74616524031278,-2.95936530491117,-0.829320548988472,0.000215695392432195,1
11.264,-0.829363688335256,-1.57991651502755,-1.74452653858973,-2.9615009765817,-0.82936390759337,0.00021553319057456,1
11.266,-0.829407988585062,-1.57942015676767,-1.74288869671832,-2.96363506480109,-0.829408207674601,0.000215367479872653,1
11.268,-0.829453238949982,-1.57892448534588,-1.74125177097773,-2.96576754766619,-0.829453457867345,0.000215198228876897,1
11.27,-0.829499448224823,-1.57842946576167,-1.73961581899811,-2.96789840252608,-0.829499666966376,0.000215025405569515,1
11.272,-0.829546625367388,-1.57793506239682,-1.73798089979968,-2.97002760595711,-0.829546843929464,0.000214848977352601,1
11.274,-0.829594779501975,-1.57744123900091,-1.73634707383308,-2.97215513373703,-0.829594997880872,0.000214668911035864,1
11.276,-0.829643919922944,-1.57694795867645,-1.7347144030211,-2.97428096081809,-0.829644138114927,0.000214485172824129,1
11.278,-0.829694056098378,-1.57645518386363,-1.73308295080186,-2.97640506129918,-0.829694274099677,0.000214297728304538,1
11.28,-0.829745197673823,-1.5759628763246,-1.73145278217337,-2.97852740839686,-0.829745415480633,0.000214106542433464,1
11.282,-0.829797354476122,-1.57547099712748,-1.72982396373968,-2.98064797441531,-0.829797572084599,0.000213911579523121,1
11.284,-0.829850536517323,-1.57497950662978,-1.72819656375852,-2.98276673071517,-0.829850753923589,0.000213712803227894,1
11.286,-0.829904753998695,-1.57448836446154,-1.7265706521907,-2.98488364768107,-0.829904971198832,0.000213510176530367,1
11.288,-0.829960017314824,-1.57399752950794,-1.72494630075106,-2.986998694688,-0.829960234304876,0.000213303661727004,1
11.29,-0.830016337057795,-1.57350695989149,-1.72332358296122,-2.98911184006637,-0.83001655383377,0.000213093220413598,1
11.292,-0.830073724021491,-1.57301661295376,-1.72170257420423,-2.99122305106566,-0.830073940579353,0.000212878813470316,1
11.294,-0.830132189205956,-1.57252644523666,-1.72008335178101,-2.99333229381665,-0.830132405541631,0.000212660401046505,1
11.296,-0.830191743821877,-1.5720364124632,-1.71846599496875,-2.99543953329226,-0.830191959931249,0.00021243794254514,1
11.298,-0.83025239929515,-1.57154646951782,-1.71685058508143,-2.99754473326669,-0.830252615174061,0.000212211396606958,1
11.3,-0.83031416727155,-1.57105657042614,-1.71523720553238,-2.99964785627312,-0.830314382915799,0.000211980721094286,1
11.302,-0.830377059621492,-1.57056666833434,-1.713625941899,-3.00174886355955,-0.830377275026834,0.000211745873074525,1
11.304,-0.830441088444893,-1.5700767154879,-1.71201688198982,-3.00384771504306,-0.830441303607039,0.000211506808803343,1
11.306,-0.830506266076133,-1.56958666320985,-1.71041011591389,-3.00594436926208,-0.830506480990749,0.000211263483707516,1
11.308,-0.830572605089112,-1.56909646187855,-1.70880573615257,-3.00803878332688,-0.830572819751817,0.000211015852367482,1
11.31,-0.830640118302407,-1.56860606090487,-1.7072038376339,-3.01013091286796,-0.830640332708773,0.000210763868499552,1
11.312,-0.830708818784521,-1.56811540870887,-1.70560451780955,-3.01222071198245,-0.830709032930072,0.000210507484937833,1
11.314,-0.830778719859233,-1.56762445269588,-1.70400787673453,-3.01430813317824,-0.830778933739446,0.000210246653615838,1
11.316,-0.830849835111042,-1.56713313923209,-1.7024140171497,-3.01639312731595,-0.830850048721341,0.000209981325547787,1
11.318,-0.830922178390698,-1.56664141361954,-1.70082304456716,-3.01847564354847,-0.830922391726458,0.000209711450809646,1
11.32,-0.83099576382083,-1.56614922007058,-1.69923506735877,-3.02055562925802,-0.830995976877375,0.000209436978519848,1
11.322,-0.831070605801664,-1.56565650168173,-1.6976501968477,-3.02263302999071,-0.831070818574263,0.000209157856819787,1
11.324,-0.831146719016815,-1.56516320040702,-1.69606854740327,-3.02470778938832,-0.831146931500685,0.00020887403285402,1
11.326,-0.831224118439174,-1.56466925703074,-1.69449023653915,-3.02677984911738,-0.831224330629476,0.000208585452750259,1
11.328,-0.831302819336856,-1.56417461113964,-1.69291538501506,-3.02884914879521,-0.831303031228696,0.000208292061599136,1
11.33,-0.831382837279234,-1.5636792010946,-1.69134411694201,-3.03091562591305,-0.831383048867662,0.000207993803433765,1
11.332,-0.831464188143033,-1.56318296400171,-1.68977655989134,-3.0329792157559,-0.831464399423038,0.000207690621209141,1
11.334,-0.831546888118472,-1.56268583568287,-1.68821284500752,-3.03503985131909,-0.831547099084988,0.000207382456781388,1
11.336,-0.831630953715477,-1.5621877506458,-1.68665310712503,-3.0370974632214,-0.831631164363373,0.000207069250886896,1
11.338,-0.831716401769916,-1.56168864205362,-1.68509748488926,-3.03915197961459,-0.831716612094003,0.000206750943121384,1
11.34,-0.831803249449876,-1.56118844169387,-1.68354612088167,-3.04120332608913,-0.831803459444903,0.000206427471918924,1
11.342,-0.831891514261962,-1.5606870799471,-1.68199916174937,-3.04325142557611,-0.83189172392261,0.000206098774530971,1
11.344,-0.831981214057589,-1.56018448575503,-1.68045675833913,-3.04529619824497,-0.831981423378477,0.000205764787005462,1
11.346,-0.832072367039287,-1.55968058658828,-1.6789190658361,-3.04733756139711,-0.832072576014968,0.000205425444166,1
11.348,-0.832164991766966,-1.55917530841374,-1.67738624390728,-3.04937542935501,-0.832165200391924,0.000205080679591261,1
11.35,-0.83225910716415,-1.55866857566161,-1.67585845684985,-3.05140971334681,-0.832259315432801,0.000204730425594594,1
11.352,-0.832354732524142,-1.55816031119214,-1.67433587374469,-3.05344032138612,-0.832354940430832,0.000204374613203988,1
11.354,-0.832451887516119,-1.5576504362622,-1.67281866861486,-3.05546715814685,-0.832452095055121,0.000204013172142405,1
11.356,-0.832550592191102,-1.55713887049162,-1.67130702058962,-3.05749012483297,-0.832550799356618,0.000203646030808649,1
11.358,-0.832650866987809,-1.55662553182947,-1.66980111407367,-3.05950911904284,-0.832651073773965,0.000203273116258796,1
11.36,-0.832752732738329,-1.55611033652036,-1.66830113892204,-3.06152403462811,-0.832752939139177,0.000202894354188379,1
11.362,-0.832856210673611,-1.55559319907076,-1.66680729062064,-3.06353476154681,-0.832856416683127,0.00020250966891538,1
11.364,-0.832961322428716,-1.55507403221553,-1.66531977047251,-3.06554118571053,-0.832961528040794,0.000202118983364214,1
11.366,-0.833068090047788,-1.55455274688476,-1.66383878578993,-3.06754318882553,-0.833068295256245,0.000201722219050829,1
11.368,-0.833176535988722,-1.55402925217097,-1.66236455009248,-3.0695406482274,-0.833176740787292,0.000201319296069096,1
11.37,-0.833286683127455,-1.55350345529694,-1.66089728331102,-3.07153343670926,-0.833286887509792,0.000200910133078666,1
11.372,-0.833398554761852,-1.55297526158419,-1.65943721199779,-3.07352142234323,-0.833398758721522,0.000200494647294497,1
11.374,-0.833512174615106,-1.55244457442239,-1.65798456954246,-3.07550446829489,-0.833512378145592,0.000200072754478239,1
11.376,-0.833627566838605,-1.55191129523982,-1.6565395963943,-3.07748243263071,-0.833627769933302,0.000199644368931757,1
11.378,-0.833744756014204,-1.5513753234751,-1.65510254029031,-3.07945516811814,-0.833744958666419,0.000199209403492974,1
11.38,-0.833863767155796,-1.55083655655046,-1.65367365648937,-3.08142252201822,-0.833863969358744,0.000198767769534408,1
11.382,-0.833984625710142,-1.55029488984676,-1.65225320801221,-3.08338433587058,-0.833984827456948,0.000198319376964589,1
11.384,-0.834107357556841,-1.54975021668059,-1.6508414658871,-3.08534044527067,-0.834107558840537,0.000197864134232788,1
11.386,-0.834231989007359,-1.54920242828363,-1.64943870940108,-3.08729067963914,-0.834232189820882,0.000197401948337324,1
11.388,-0.834358546803009,-1.54865141378484,-1.64804522635649,-3.0892348619832,-0.834358747139199,0.000196932724837889,1
11.39,-0.834487058111767,-1.54809706019555,-1.64666131333248,-3.09117280864997,-0.834487257963369,0.00019645636787227,1
11.392,-0.834617550523816,-1.54753925239809,-1.64528727595112,-3.09310432907177,-0.834617749883472,0.000195972780177932,1
11.394,-0.834750052045662,-1.54697787313826,-1.64392342914774,-3.09502922550332,-0.834750250905917,0.000195481863118909,1
11.396,-0.83488459109271,-1.54641280302222,-1.64257009744486,-3.096947292751,-0.834884789446007,0.000194983516718563,1
11.398,-0.835021196480126,-1.54584392051813,-1.64122761522918,-3.09885831789419,-0.835021394318804,0.000194477639698736,1
11.4,-0.835159897411837,-1.54527110196332,-1.63989632703085,-3.10076207999891,-0.835160094728129,0.000193964129525871,1
11.402,-0.835300723467476,-1.5446942215774,-1.63857658780415,-3.102658349824,-0.835300920253514,0.000193442882464775,1
11.404,-0.835443704587114,-1.54411315148207,-1.63726876320871,-3.1045468895202,-0.83544390083492,0.000192913793640673,1
11.406,-0.835588871053551,-1.5435277617283,-1.63597322989004,-3.10642745232247,-0.835589066755039,0.000192376757110275,1
11.408,-0.835736253471967,-1.54293792033156,-1.63469037575812,-3.10829978223619,-0.835736448618944,0.000191831665942635,1
11.41,-0.835885882746715,-1.54234349331601,-1.63342060026271,-3.11016361371779,-0.835886077330878,0.000191278412310585,1
11.412,-0.836037790055005,-1.54174434476845,-1.63216431466356,-3.11201867135063,-0.836037984067938,0.000190716887593625,1
11.414,-0.836192006817229,-1.54114033690288,-1.6309219422939,-3.11386466951699,-0.836192200250409,0.000190146982493167,1
11.416,-0.836348564663685,-1.54053133013676,-1.62969391881499,-3.11570131206744,-0.836348757508474,0.000189568587161035,1
11.418,-0.836507495397384,-1.53991718317989,-1.62848069245951,-3.11752829198855,-0.836507687645033,0.000188981591342275,1
11.42,-0.836668830952696,-1.53929775313709,-1.62728272426128,-3.11934529107071,-0.836669022594343,0.000188385884533236,1
11.422,-0.8368326033495,-1.53867289562564,-1.62610048826844,-3.12115197957755,-0.836832794376172,0.000187781356156017,1
11.424,-0.836998844642561,-1.53804246490892,-1.62493447173696,-3.12294801591898,-0.836999035045171,0.000187167895750346,1
11.426,-0.837167586865789,-1.53740631404724,-1.62378517530113,-3.12473304632996,-0.837167776635139,0.000186545393184022,1
11.428,-0.837338861971094,-1.53676429506726,-1.62265311311728,-3.12650670455757,-0.837339051097873,0.000185913738883018,1
11.43,-0.837512701761473,-1.53611625915129,-1.62153881297657,-3.12826861155902,-0.837512890236262,0.000185272824082403,1
11.432,-0.837689137818053,-1.53546205684783,-1.62044281638252,-3.13001837521382,-0.837689325631321,0.000184622541099166,1
11.434,-0.837868201420731,-1.53480153830461,-1.61936567858842,-3.13175559005353,-0.83786838856284,0.000183962783628065,1
11.436,-0.838049923462133,-1.53413455352561,-1.61830796858951,-3.13347983701275,-0.838050109923339,0.000183293447061535,1
11.438,-0.838234334354583,-1.53346095265322,-1.61727026906433,-3.13519068320584,-0.838234520125037,0.000182614428834669,1
11.44,-0.838421463929824,-1.53278058627704,-1.61625317625948,-3.13688768173364,-0.838421648999575,0.00018192562879613,1
11.442,-0.838611341331232,-1.53209330577042,-1.61525729981136,-3.13857037152541,-0.838611525690229,0.000181226949605834,1
11.444,-0.838803994898337,-1.53139896365589,-1.61428326249851,-3.14023827722139,-0.838804178536436,0.000180518297160013,1
11.446,-0.838999452043481,-1.53069741400059,-1.61333169991763,-3.14189090910165,-0.838999634950444,0.000179799581044171,1
11.448,-0.839197739120516,-1.52998851284253,-1.61240326007601,-3.14352776306765,-0.839197921286017,0.000179070715014125,1
11.45,-0.839398881285501,-1.52927211864839,-1.6114986028933,-3.1451483206831,-0.839399062699133,0.000178331617505192,1
11.452,-0.839602902349458,-1.52854809280335,-1.61061839960497,-3.14675204928101,-0.839603083000734,0.00017758221216921,1
11.454,-0.839809824623311,-1.52781630013302,-1.60976333206,-3.14833840214439,-0.839810004501674,0.0001768224284387,1
11.456,-0.840019668755261,-1.52707660945753,-1.60893409190543,-3.14990681876805,-0.840019847850088,0.00017605220211722,1
11.458,-0.840232453560971,-1.52632889417711,-1.60813137965041,-3.15145672520937,-0.84023263186158,0.00017527147599433,1
11.46,-0.840448195846308,-1.52557303476301,-1.60735589839209,-3.15298754314172,-0.840448373346885,0.000174485064102459,1
11.462,-0.840666910228239,-1.52480891191375,-1.6066083734538,-3.15449865598013,-0.840667086913089,0.000173683196348887,1
11.464,-0.840888608940548,-1.52403641843962,-1.60588951981104,-3.15598946119333,-0.840888784798866,0.000172870705534466,1
11.466,-0.841113301647848,-1.52325545250963,-1.60520006141866,-3.15745933664762,-0.841113476668803,0.000172047568952958,1
11.468,-0.841340995247658,-1.52246592021601,-1.60454072438939,-3.15890765013522,-0.841341169420409,0.000171213774241671,1
11.47,-0.841571693674104,-1.52166773631619,-1.60391223520991,-3.16033376041661,-0.841571866987807,0.000170369320080365,1
11.472,-0.841805397700967,-1.52086082498144,-1.60331531880899,-3.16173701840427,-0.841805570144789,0.000169514216890024,1
11.474,-0.842042104746361,-1.52004512055295,-1.60275069647491,-3.1631167684896,-0.842042276309492,0.000168648487523001,1
11.476,-0.842281808681011,-1.51922056829917,-1.60221908362515,-3.16447235001628,-0.842281979352678,0.000167772167937332,1
11.478,-0.842524499642282,-1.51838712516759,-1.60172118743393,-3.16580309890149,-0.842524669411762,0.000166885307847293,1
11.48,-0.84277016385629,-1.51754476052332,-1.60125770432515,-3.16710834940466,-0.842770332712926,0.000165987971341717,1
11.482,-0.843018783470575,-1.51669345686619,-1.60082931734188,-3.16838743604132,-0.84301895140379,0.000165080237461014,1
11.484,-0.84327033639994,-1.51583321051744,-1.60043669340561,-3.16963969563753,-0.843270503399253,0.000164162200723508,1
11.486,-0.843524796188151,-1.51496403226676,-1.60008048048194,-3.17086446951732,-0.843524962243194,0.000163233971591336,1
11.488,-0.843782131888224,-1.51408594796985,-1.59976130467259,-3.17206110581349,-0.843782296988757,0.000162295676866122,1
11.49,-0.844042307964036,-1.5131989990866,-1.59947976725615,-3.17322896188882,-0.844042472099966,0.0001613474600047,1
11.492,-0.844305284215905,-1.51230324314992,-1.59923644170332,-3.1743674068521,-0.844305447377301,0.000160389481345436,1
11.494,-0.844571015732673,-1.51139875415547,-1.59903187069494,-3.17547582415053,-0.844571177909786,0.000159421918236245,1
11.496,-0.844839452872622,-1.51048562286291,-1.59886656317336,-3.17655361421698,-0.844839614055899,0.000158444965056188,1
11.498,-0.84511054127528,-1.50956395700004,-1.59874099145994,-3.17760019714837,-0.845110701455384,0.00015745883312352,1
11.5,-0.845384221905839,-1.50863388136195,-1.5986555884725,-3.17861501538882,-0.845384381073664,0.000156463750484375,1
11.502,-0.84566043113351,-1.50769553779855,-1.59861074507798,-3.1795975363893,-0.8456605892802,0.000155459961577748,1
11.504,-0.845939100844665,-1.50674908508527,-1.59860680761488,-3.18054725521405,-0.845939257961628,0.000154447726774197,1
11.506,-0.846220158591093,-1.50579469867329,-1.59864407562029,-3.18146369706308,-0.846220314670018,0.000153427321787579,1
11.508,-0.846503527773166,-1.50483257031728,-1.59872279979417,-3.18234641967949,-0.846503682806037,0.000152399036961168,1
11.51,-0.846789127857082,-1.50386290758087,-1.5988431802318,-3.18319501561106,-0.846789281836192,0.000151363176431684,1
11.512,-0.847076874624796,-1.50288593322181,-1.5990053649521,-3.18400911429609,-0.847077027542762,0.000150320057176857,1
11.514,-0.847366680454619,-1.50190188446106,-1.59920944874561,-3.18478838394563,-0.847366832304391,0.000149270007954412,1
11.516,-0.847658454629933,-1.50091101214177,-1.59945547236177,-3.18553253319641,-0.847658605404806,0.00014821336814222,1
11.518,-0.847952103672905,-1.49991357978661,-1.5997434220497,-3.18624131251193,-0.84795225336653,0.000147150486491417,1
11.52,-0.848247531699652,-1.49890986256299,-1.60007322946161,-3.1869145153129,-0.848247680306042,0.000146081719805795,1
11.522,-0.848544640792886,-1.49790014616808,-1.60044477192184,-3.18755197882226,-0.848544788306425,0.000145007431562212,1
11.524,-0.848843331387784,-1.49688472564622,-1.60085787305897,-3.18815358461469,-0.84884347780323,0.000143927990487781,1
11.526,-0.849143502666609,-1.49586390415293,-1.60131230379228,-3.18871925886527,-0.849143647979098,0.000142843769110266,1
11.528,-0.849445052957493,-1.49483799167995,-1.60180778365849,-3.18924897229658,-0.849445197162545,0.00014175514229846,1
11.53,-0.849747880132834,-1.49380730375665,-1.60234398245932,-3.18974273982886,-0.849748023226349,0.000140662485809135,1
11.532,-0.850051882002802,-1.49277216014267,-1.60292052220579,-3.19020061994211,-0.850052023981063,0.000139566174856838,1
11.534,-0.850356956699704,-1.49173288352682,-1.60353697933106,-3.19062271376339,-0.850357097559373,0.000138466582721862,1
11.536,-0.850663003049218,-1.49068979824628,-1.60419288714039,-3.19100916389682,-0.850663142787333,0.000137364079410681,1
11.538,-0.850969920924892,-1.48964322903943,-1.60488773846423,-3.19136015301679,-0.850970059538865,0.000136259030381679,1
11.54,-0.851277611582698,-1.48859349984456,-1.60562098847883,-3.19167590224788,-0.851277749070305,0.000135151795347499,1
11.542,-0.85158597797295,-1.48754093265504,-1.60639205765794,-3.19195666935723,-0.851586114332326,0.000134042727163417,1
11.544,-0.851894925027367,-1.48648584644043,-1.6072003348192,-3.19220274678638,-0.851895060256997,0.000132932170809403,1
11.546,-0.852204359919582,-1.48542855614111,-1.60804518022948,-3.19241445955073,-0.852204494018296,0.000131820462471592,1
11.548,-0.852514192297934,-1.48436937174254,-1.60892592873496,-3.19259216303466,-0.852514325264891,0.000130707928726978,1
11.55,-0.852824334489856,-1.48330859743353,-1.60984189288365,-3.19273624071024,-0.852824466324539,0.000129594885833303,1
11.552,-0.853134701677654,-1.4822465308514,-1.61079236601062,-3.19284710180654,-0.853134832379857,0.000128481639124526,1
11.554,-0.853445212045923,-1.48118346241531,-1.61177662525893,-3.19292517895496,-0.853445341615736,0.000127368482510476,1
11.556,-0.853755786901198,-1.48011967474777,-1.61279393451253,-3.19297092583464,-0.853755915339,0.000126255698078123,1
11.558,-0.854066350764817,-1.47905544218297,-1.61384354722047,-3.19298481483968,-0.854066478071262,0.000125143555790534,1
11.56,-0.854376831440246,-1.47799103035955,-1.61492470909529,-3.19296733478792,-0.854376957616249,0.000124032313278608,1
11.562,-0.854687160056335,-1.47692669589452,-1.61603666067144,-3.19291898868849,-0.854687285103062,0.000122922215719951,1
11.564,-0.85499727108817,-1.47586268613419,-1.61717863971309,-3.19284029158305,-0.854997395007021,0.000121813495798502,1
11.566,-0.85530710235731,-1.47479923897749,-1.61834988346349,-3.19273176847319,-0.855307225149911,0.000120706373738207,1
11.568,-0.855616595013283,-1.47373658276641,-1.61954963073083,-3.19259395234417,-0.855616716681471,0.000119601057403711,1
11.57,-0.855925693498244,-1.47267493623834,-1.62077712380818,-3.19242738229277,-0.855925814044056,0.000118497742460963,1
11.572,-0.856234345496705,-1.47161450853447,-1.62203161022741,-3.19223260176515,-0.856234464922363,0.00011739661259066,1
11.574,-0.856542501872221,-1.47055549925878,-1.62331234434874,-3.19201015690848,-0.856542620180123,0.000116297839747564,1
11.576,-0.856850116592847,-1.46949809858188,-1.62461858878952,-3.19176059503851,-0.856850233785555,0.000115201584459037,1
11.578,-0.85715714664711,-1.4684424873843,-1.62594961569718,-3.19148446322356,-0.857157262727336,0.000114107996156409,1
11.58,-0.857463551952133,-1.46738883743402,-1.62730470787244,-3.19118230698409,-0.857463666922732,0.000113017213533144,1
11.582,-0.857769295255852,-1.46633731801438,-1.62868314246437,-3.1908546968465,-0.85776940913534,0.000111944815458678,1
11.584,-0.858074342031842,-1.46528807046109,-1.63008426097332,-3.19050211629267,-0.858074454807779,0.000110860012432016,1
11.586,-0.85837866037701,-1.46424124697144,-1.63150736619398,-3.19012512728094,-0.858378772052611,0.000109778370626444,1
11.588,-0.858682220897896,-1.4631969851473,-1.63295179204968,-3.18972425834925,-0.858682331476481,0.000108699989719223,1
11.59,-0.858984996602569,-1.46215541471761,-1.63441688673637,-3.18930003163012,-0.858985106087546,0.000107624960661985,1
11.592,-0.859286962789156,-1.46111665782216,-1.63590201312628,-3.18885296216338,-0.859287071184019,0.000106553366100487,1
11.594,-0.859588096935233,-1.46008082930599,-1.63740654906383,-3.18838355730623,-0.859588204243553,0.000105485280789872,1
11.596,-0.859888378588266,-1.45904803701687,-1.63892988757693,-3.18789231622468,-0.859888484813681,0.000104420772004757,1
11.598,-0.860187789257816,-1.45801838303413,-1.6404714344951,-3.18737973350042,-0.860187894406297,0.000103362142880401,1
11.6,-0.860486312309287,-1.45699196024332,-1.64203061858411,-3.18684628260711,-0.860486416382314,0.000102304960087075,1
11.602,-0.86078393286183,-1.45596885844389,-1.64360687583114,-3.18629244083539,-0.860784035863758,0.000101252058567435,1
11.604,-0.861080637686951,-1.45494916000901,-1.64519966191032,-3.18571866897301,-0.861080739621071,0.000100202391726141,1
11.606,-0.861376415112271,-1.45393294245783,-1.64680844590279,-3.18512542103541,-0.861376515982465,9.91565393325606e-05,1
11.608,-0.861671254927526,-1.45292027782978,-1.64843271259477,-3.18451314021442,-0.861671354737704,9.81145318753165e-05,1
11.61,-0.861965148294631,-1.45191123318148,-1.65007196168727,-3.18388225976667,-0.861965247048731,9.70763949505202e-05,1
11.612,-0.862258087661246,-1.45090587084896,-1.65172570758535,-3.18323320296233,-0.862258185363227,9.6042149579826e-05,1
11.614,-0.862550066678076,-1.44990424870136,-1.65339347915959,-3.18256638307017,-0.862550163331914,9.50118125142138e-05,1
11.616,-0.862841080119913,-1.44890642038566,-1.65507481948436,-3.1818822033747,-0.862841175729598,9.39853965235534e-05,1
11.618,-0.863131123810414,-1.4479124355621,-1.65676928555697,-3.18118105722184,-0.863131218379942,9.2962910672044e-05,1
11.62,-0.863420194550555,-1.44692234013018,-1.65847644800111,-3.18046332808962,-0.863420288083932,9.19443605797422e-05,1
11.622,-0.863708290050737,-1.44593617644509,-1.66019589075773,-3.17972938968105,-0.863708382551967,9.09297486704079e-05,1
11.624,-0.86399540886643,-1.44495398352472,-1.66192721076619,-3.1789796060361,-0.86399550033952,8.99190744060331e-05,1
11.626,-0.864281550337297,-1.44397579724725,-1.66367001763824,-3.17821433166028,-0.86428164078625,8.89123345083798e-05,1
11.628,-0.864566714529672,-1.44300165053947,-1.66542393332701,-3.17743391166752,-0.864566803958484,8.7909523168006e-05,1
11.63,-0.864850902182283,-1.44203157355599,-1.66718859179305,-3.17663868193495,-0.864850990594942,8.69106322411615e-05,1
11.632,-0.865134114655112,-1.4410655938496,-1.6689636386691,-3.17582896926799,-0.865134202055597,8.59156514350845e-05,1
11.634,-0.865416353881254,-1.44010373653303,-1.67074873092518,-3.17500509157356,-0.865416440273529,8.49245684821219e-05,1
11.636,-0.865697622321661,-1.43914602443231,-1.67254353653528,-3.17416735804014,-0.865697707709678,8.39373693031935e-05,1
11.638,-0.865977922922627,-1.43819247823206,-1.67434773414686,-3.17331606932311,-0.86597800731032,8.29540381611158e-05,1
11.64,-0.866257259075909,-1.43724311661309,-1.67616101275404,-3.17245151773404,-0.866257342467196,8.19745578041815e-05,1
11.642,-0.866535634581339,-1.4362979563824,-1.67798307137543,-3.17157398743292,-0.866535716980119,8.0998909600594e-05,1
11.644,-0.8668130536118,-1.43535701259615,-1.67981361873728,-3.1706837546222,-0.86681313502195,8.00270736641584e-05,1
11.646,-0.867089520680461,-1.43442029867565,-1.68165237296247,-3.1697810877418,-0.867089601105838,7.90590289717057e-05,1
11.648,-0.867365040610137,-1.43348782651695,-1.68349906126589,-3.16886624766424,-0.867365120054576,7.80947534727012e-05,1
11.65,-0.867639618504663,-1.4325596065941,-1.68535341965665,-3.16793948788928,-0.867639696971975,7.71342241914845e-05,1
11.652,-0.867913259722168,-1.43163564805647,-1.68721519264727,-3.16700105473741,-0.86791333721614,7.61774173225517e-05,1
11.654,-0.868185969850768,-1.43071596138646,-1.68908412588486,-3.16605119901926,-0.86818604638158,7.52306509656515e-05,1
11.656,-0.868457754682322,-1.42980054821271,-1.69095999422748,-3.16509013031169,-0.868457830247287,7.42812121465602e-05,1
11.658,-0.868728620196567,-1.42888941681997,-1.69284255892299,-3.16411808602306,-0.868728694799395,7.33354202085943e-05,1
11.66,-0.868998572535394,-1.4279825719186,-1.69473159574687,-3.16313528564844,-0.868998646179768,7.23932488559398e-05,1
11.662,-0.869267617986782,-1.42708001730708,-1.69662688762823,-3.16214194244086,-0.869267690676357,7.14546713466652e-05,1
11.664,-0.869535762966852,-1.42618175593445,-1.69852822441276,-3.16113826358599,-0.869535834705259,7.05196605559168e-05,1
11.666,-0.869803014003682,-1.42528778996378,-1.70043540262503,-3.16012445037643,-0.86980308479452,6.95881890328329e-05,1
11.668,-0.870069377722277,-1.4243981208318,-1.70234822523827,-3.15910069838229,-0.870069447569117,6.86602290532394e-05,1
11.67,-0.870334860830629,-1.42351274930494,-1.70426650145166,-3.15806719761791,-0.870334929737017,6.77357526684162e-05,1
11.672,-0.870599470106801,-1.42263167553193,-1.7061900464749,-3.15702413270475,-0.870599538076251,6.68147317501812e-05,1
11.674,-0.870863212386958,-1.42175489909312,-1.70811868132004,-3.15597168303022,-0.870863279422957,6.58971380325292e-05,1
11.676,-0.871126094554293,-1.4208824190468,-1.7100522326003,-3.15491002290258,-0.871126160660299,6.49829431500528e-05,1
11.678,-0.871388123528792,-1.42001423397269,-1.71199053233581,-3.15383932170175,-0.871388188708233,6.40721186733759e-05,1
11.68,-0.871649306257767,-1.41915034201262,-1.7139334177661,-3.15275974402614,-0.871649370514043,6.31646361417573e-05,1
11.682,-0.871909649707132,-1.41829074090881,-1.71588073116912,-3.15167144983537,-0.871909713043614,6.22604670931163e-05,1
11.684,-0.872169160853344,-1.41743542803961,-1.71783231968663,-3.15057459458917,-0.872169223273374,6.13595830915883e-05,1
11.686,-0.872427846675994,-1.41658440045316,-1.71978803515586,-3.14946932938209,-0.872427908182885,6.04619557528226e-05,1
11.688,-0.872685714150977,-1.41573765489876,-1.72174773394706,-3.14835580107452,-0.872685774748012,5.95675567671729e-05,1
11.69,-0.87294277024422,-1.41489518785642,-1.72371127680706,-3.14723415241972,-0.872942829934656,5.86763579208996e-05,1
11.692,-0.873199021905929,-1.41405699556441,-1.7256785287083,-3.14610452218714,-0.873199080692993,5.77883311155433e-05,1
11.694,-0.873454476065306,-1.41322307404512,-1.72764935870347,-3.14496704528197,-0.873454533952196,5.69034483855991e-05,1
11.696,-0.873709139625722,-1.4123934191293,-1.72962363978538,-3.14382185286106,-0.873709196615608,5.60216819145897e-05,1
11.698,-0.8739630194603,-1.41156802647866,-1.73160124875194,-3.14266907244531,-0.873963075556324,5.51430040496761e-05,1
11.7,-0.87421612240789,-1.41074689160713,-1.73358206607613,-3.14150882802849,-0.874216177613167,5.42673873148807e-05,1
11.702,-0.874468455270029,-1.40993001178751,-1.73556597040329,-3.14034124898298,-0.874468509592527,5.33996288772973e-05,1
11.704,-0.874720024804628,-1.40911737851396,-1.73755285994863,-3.13916643495986,-0.87472007824252,5.25300510014558e-05,1
11.706,-0.874970837728612,-1.40830898887137,-1.73954262008412,-3.13798450879419,-0.87497089028493,5.1663453007074e-05,1
11.708,-0.875220900709835,-1.4075048379635,-1.74153514478176,-3.13679558139154,-0.875220952387583,5.07998082353984e-05,1
11.71,-0.87547022036715,-1.40670492083836,-1.74353033109988,-3.13559976062701,-0.875470271169305,4.99390902516613e-05,1
11.712,-0.875718803267719,-1.40590923249746,-1.74552807908594,-3.1343971514333,-0.875718853197231,4.90812728535766e-05,1
11.714,-0.875966655925043,-1.40511776790909,-1.74752829167634,-3.13318785588749,-0.875966704984837,4.82263300773505e-05,1
11.716,-0.876213784797194,-1.40433052202064,-1.74953087460012,-3.13197197329516,-0.876213832990169,4.73742362029598e-05,1
11.718,-0.876460196285261,-1.40354748977019,-1.75153573628607,-3.13074960027161,-0.876460243614289,4.6524965758723e-05,1
11.72,-0.876705896731965,-1.40276866609727,-1.75354278777327,-3.12952083082059,-0.876705943199892,4.56784935252472e-05,1
11.722,-0.876950892420464,-1.40199404595292,-1.75555194262498,-3.12828575641036,-0.876950938030112,4.48347945387378e-05,1
11.724,-0.877195189573305,-1.40122362430903,-1.75756311684558,-3.12704446604734,-0.877195234327469,4.39938440938089e-05,1
11.726,-0.877438794351523,-1.40045739616715,-1.7595762288006,-3.12579704634739,-0.877438838252976,4.31556177457641e-05,1
11.728,-0.877681712853888,-1.39969535656659,-1.76159119913969,-3.12454358160467,-0.877681755905375,4.23200913123998e-05,1
11.73,-0.877923951116262,-1.39893750059201,-1.76360795072231,-3.12328415385834,-0.877923993320506,4.14872408753937e-05,1
11.732,-0.878165515111088,-1.39818382338051,-1.76562640854622,-3.12201884295704,-0.878165556470787,4.06570427812848e-05,1
11.734,-0.878406410746974,-1.39743432012818,-1.76764649967845,-3.12074772662133,-0.878406451264803,3.98294736420975e-05,1
11.736,-0.878646643868385,-1.39668898609621,-1.76966815318889,-3.11947088050398,-0.878646683546994,3.90045103356286e-05,1
11.738,-0.878886220255422,-1.39594781661661,-1.77169130008617,-3.11818837824843,-0.878886259097439,3.81821300054131e-05,1
11.74,-0.879125145623686,-1.39521080709744,-1.77371587325585,-3.11690029154529,-0.879125183631715,3.73623100604288e-05,1
11.742,-0.87936342562422,-1.39447795302773,-1.77574180740092,-3.11560669018698,-0.879363462800845,3.65450281745211e-05,1
11.744,-0.879601065843526,-1.39374924998205,-1.7777690389843,-3.11430764212064,-0.879601102191305,3.57302622856037e-05,1
11.746,-0.879838071803639,-1.39302469362467,-1.77979750617349,-3.11300321349931,-0.879838107325109,3.4917990594637e-05,1
11.748,-0.880074448962266,-1.39230427971349,-1.7818271487871,-3.11169346873146,-0.880074483659944,3.41081915644171e-05,1
11.75,-0.880310202712987,-1.39158800410365,-1.78385790824335,-3.11037847052892,-0.880310236589365,3.33008439181724e-05,1
11.752,-0.880545338385489,-1.39087586275085,-1.78588972751033,-3.10905827995327,-0.880545371443041,3.24959266380085e-05,1
11.754,-0.880779861245866,-1.39016785171442,-1.78792255105802,-3.10773295646072,-0.880779893487043,3.16934189631988e-05,1
11.756,-0.881013776496943,-1.38946396716022,-1.789956324812,-3.10640255794558,-0.881013807924174,3.0893300388352e-05,1
11.758,-0.88124708927865,-1.38876420536314,-1.79199099610879,-3.10506714078232,-0.881247119894346,3.00955506614416e-05,1
11.76,-0.881479804668427,-1.38806856270962,-1.79402651365269,-3.1037267598663,-0.881479834474978,2.9300149781742e-05,1
11.762,-0.881711927681658,-1.3873770356998,-1.79606282747416,-3.10238146865316,-0.881711956681433,2.85070779976619e-05,1
11.764,-0.881943463272139,-1.38668962094951,-1.79809988888963,-3.10103131919706,-0.881943491467487,2.77163158044905e-05,1
11.766,-0.882174416332561,-1.38600631519221,-1.80013765046268,-3.09967636218759,-0.882174443725813,2.69278439420739e-05,1
11.768,-0.882404791695029,-1.38532711528061,-1.80217606596652,-3.09831664698557,-0.882404818288494,2.61416433924178e-05,1
11.77,-0.882634594131591,-1.38465201818823,-1.80421509034785,-3.09695222165773,-0.882634619927562,2.53576953772323e-05,1
11.772,-0.882863828354789,-1.3839810210108,-1.80625467969178,-3.09558313301031,-0.882863853355538,2.45759813554242e-05,1
11.774,-0.883092499018229,-1.38331412096754,-1.80829479118815,-3.09420942662156,-0.88309252322601,2.37964830205529e-05,1
11.776,-0.883320610717158,-1.38265131540229,-1.81033538309875,-3.09283114687326,-0.883320634134206,2.3019182298233e-05,1
11.778,-0.883548167989059,-1.38199260178453,-1.81237641472585,-3.09144833698123,-0.883548190617593,2.22440613435216e-05,1
11.78,-0.883775175314257,-1.38133797771035,-1.81441784638163,-3.09006103902497,-0.883775197156476,2.14711025382774e-05,1
11.782,-0.884001637116527,-1.38068744090323,-1.81645963935871,-3.08866929397628,-0.884001658174613,2.07002884884846e-05,1
11.784,-0.884227557763722,-1.38004098921479,-1.81850175590164,-3.08727314172705,-0.884227578039838,1.99316020215773e-05,1
11.786,-0.884452941568389,-1.37939862062545,-1.82054415917928,-3.08587262111622,-0.884452961064684,1.91650261837511e-05,1
11.788,-0.884677792788413,-1.37876033324496,-1.82258681325818,-3.08446776995583,-0.884677811507017,1.84005442372532e-05,1
11.79,-0.884902115627647,-1.37812612531294,-1.82462968307675,-3.08305862505639,-0.884902133570672,1.76381396576885e-05,1
11.792,-0.885125914236549,-1.37749599519924,-1.82667273442029,-3.08164522225139,-0.885125931406092,1.68777961313104e-05,1
11.794,-0.885349192712829,-1.37686994140436,-1.82871593389686,-3.08022759642107,-0.88534920911097,1.61194975523159e-05,1
11.796,-0.885571955102084,-1.37624796255971,-1.83075924891391,-3.07880578151555,-0.885571970730889,1.53632280201631e-05,1
11.798,-0.885794205398449,-1.37563005742785,-1.83280264765561,-3.07737981057713,-0.885794220259965,1.46089718368728e-05,1
11.8,-0.88601594754523,-1.3750162249027,-1.83484609906105,-3.07594971576207,-0.886015961641489,1.38567135043632e-05,1
11.802,-0.886237185435551,-1.37440646400966,-1.83688957280291,-3.07451552836164,-0.88623719876857,1.31064377217811e-05,1
11.804,-0.886457922912991,-1.37380077390573,-1.83893303926705,-3.07307727882247,-0.886457935484771,1.23581293828529e-05,1
11.806,-0.886678163772218,-1.37319915387954,-1.84097646953255,-3.07163499676649,-0.886678175584747,1.16117735732686e-05,1
11.808,-0.886897911759633,-1.37260160335139,-1.84301983535252,-3.07018871101005,-0.886897922814882,1.08673555680433e-05,1
11.81,-0.887117170573986,-1.37200812187325,-1.84506310913536,-3.06873844958268,-0.88711718087391,1.01248608289626e-05,1
11.812,-0.887335943867013,-1.37141870912864,-1.8471062639268,-3.06728423974514,-0.887335953413555,9.38427500198055e-06,1
11.814,-0.887554235244055,-1.37083336493267,-1.84914927339226,-3.06582610800704,-0.887554244039143,8.6455839146868e-06,1
11.816,-0.887772048264679,-1.37025208923181,-1.85119211180001,-3.06436408014391,-0.887772056310225,7.90877357378986e-06,1
11.818,-0.887989386443286,-1.36967488210388,-1.8532347540046,-3.06289818121379,-0.88798939374119,7.17383016259725e-06,1
11.82,-0.888206253249726,-1.36910174375782,-1.855277175431,-3.06142843557327,-0.888206259801874,6.44074003856527e-06,1
11.822,-0.888422652109892,-1.36853267453353,-1.8573193520591,-3.0599548668932,-0.888422657918154,5.70948973084557e-06,1
11.824,-0.888638586406328,-1.36796767490174,-1.85936126040873,-3.05847749817377,-0.888638591472563,4.98006593784661e-06,1
11.826,-0.888854059478808,-1.36740674546373,-1.86140287752508,-3.05699635175936,-0.888854063804861,4.25245552487398e-06,1
11.828,-0.889069074624931,-1.36684988695115,-1.86344418096467,-3.05551144935279,-0.889069078212634,3.52664552174096e-06,1
11.83,-0.889283635100697,-1.36629710022579,-1.8654851487816,-3.05402281202925,-0.889283637951867,2.80262312044275e-06,1
11.832,-0.889497744121076,-1.36574838627934,-1.86752575951432,-3.05253046024982,-0.889497746237519,2.08037567284512e-06,1
11.834,-0.889711404860578,-1.36520374623309,-1.86956599217271,-3.05103441387463,-0.889711406244089,1.3598906884129e-06,1
11.836,-0.889924620453814,-1.36466318133774,-1.87160582622561,-3.04953469217555,-0.889924621106171,6.4115583195839e-07,1
11.838,-0.890137394077918,-1.36412692755674,-1.87364781230044,-3.04802851977811,-0.890137394011055,5.75428579345242e-07,1
11.84,-0.890349728536314,-1.36359450128376,-1.87568652009216,-3.04652178826894,-0.890349727741938,-2.0545195284838e-07,1
11.842,-0.890561627018189,-1.36306588262864,-1.87772189890928,-3.04501457931415,-0.890561625498046,-1.69976932982339e-06,1
11.844,-0.890773092716756,-1.36254170489251,-1.87976077034051,-3.04349943801338,-0.890773090472577,-2.20605327033088e-06,1
11.846,-0.890984128214084,-1.36202154036675,-1.88179831791951,-3.04198160839924,-0.890984125247465,-2.91622030098465e-06,1
11.848,-0.891194736590776,-1.36150545984,-1.88383535340564,-3.0404602080511,-0.891194732903425,-3.62470815282021e-06,1
11.85,-0.891404920691873,-1.36099346681666,-1.88587185844244,-3.03893525181322,-0.891404916285487,-4.33152804877053e-06,1
11.852,-0.89161468335204,-1.36048556357324,-1.88790781576188,-3.03740675466934,-0.891614678228304,-5.03669115847927e-06,1
11.854,-0.891824027370832,-1.35998175251194,-1.88994320845741,-3.03587473111612,-0.891824021531421,-5.7402085153625e-06,1
11.856,-0.892032955513124,-1.35948203616145,-1.89197801997464,-3.03433919517168,-0.8920329489597,-6.44209101834756e-06,1
11.858,-0.892241470509593,-1.35898641717661,-1.89401223410235,-3.03280016038487,-0.892241463243809,-7.14234943379478e-06,1
11.86,-0.892449575057195,-1.35849489833816,-1.89604583496363,-3.03125763984449,-0.892449567080692,-7.84099439739521e-06,1
11.862,-0.892657271819638,-1.35800748255242,-1.89807880700725,-3.0297116461881,-0.892657263134047,-8.53803641603366e-06,1
11.864,-0.892864563427842,-1.35752417285099,-1.90011113499942,-3.02816219161068,-0.892864554034783,-9.23348586962829e-06,1
11.866,-0.893071452480396,-1.35704497239047,-1.90214280401559,-3.02660928787302,-0.893071442381479,-9.92735301294392e-06,1
11.868,-0.89327794154401,-1.35656988445219,-1.90417379943259,-3.0250529463099,-0.893277930740834,-1.0619647977362e-05,1
11.87,-0.893484033153956,-1.35609891244189,-1.90620410692098,-3.02349317783804,-0.89348402164811,-1.13103807726551e-05,1
11.872,-0.893689729814505,-1.35563205988949,-1.90823371243755,-3.02192999296384,-0.893689717607569,-1.19995612886946e-05,1
11.874,-0.893895033999358,-1.35516933044877,-1.91026260221804,-3.02036340179095,-0.8938950210929,-1.26871992971566e-05,1
11.876,-0.894099948152067,-1.35471072789715,-1.91229076277012,-3.01879341402758,-0.894099934547647,-1.33733044531992e-05,1
11.878,-0.894304474686455,-1.35425625613536,-1.91431818086646,-3.01722003899362,-0.894304460385623,-1.40578862971097e-05,1
11.88,-0.894508615987024,-1.35380591918726,-1.91634484353808,-3.01564328562767,-0.894508600991319,-1.47409542559168e-05,1
11.882,-0.894712374409359,-1.35335972119953,-1.91837073806777,-3.01406316249374,-0.894712358720312,-1.54225176449936e-05,1
11.884,-0.894915752280529,-1.35291766644142,-1.92039585198378,-3.01247967778787,-0.894915735899662,-1.61025856696243e-05,1
11.886,-0.895118751899473,-1.35247975930457,-1.92242017305365,-3.01089283934459,-0.895118734828298,-1.678116742654e-05,1
11.888,-0.895321375537394,-1.35204600430269,-1.92444368927815,-3.00930265464311,-0.895321357777413,-1.74582719054573e-05,1
11.89,-0.895523625438129,-1.35161640607141,-1.92646638888541,-3.00770913081347,-0.895523606990837,-1.81339079905532e-05,1
11.892,-0.895725503818529,-1.351190969368,-1.92848826032528,-3.00611227464241,-0.89572548468541,-1.88080844619432e-05,1
11.894,-0.895927012868824,-1.35076969907119,-1.93050929226367,-3.00451209257924,-0.895926993051354,-1.94808099971292e-05,1
11.896,-0.896128154752986,-1.35035260018096,-1.93252947357718,-3.00290859074139,-0.896128134252632,-2.01520931724256e-05,1
11.898,-0.896328931609083,-1.3499396778183,-1.93454879334781,-3.00130177491993,-0.896328910427304,-2.08219424643506e-05,1
11.9,-0.896529345549632,-1.34953093722507,-1.93656724085781,-2.99969165058493,-0.896529323687879,-2.14903662510096e-05,1
11.902,-0.896729398661941,-1.34912638376376,-1.93858480558463,-2.99807822289061,-0.896729376121654,-2.21573728134403e-05,1
11.904,-0.896929093008451,-1.34872602291737,-1.94060147719605,-2.9964614966805,-0.896929069791065,-2.28229703369707e-05,1
11.906,-0.897128430627065,-1.34832986028918,-1.94261724554541,-2.99484147649232,-0.897128406734005,-2.34871669124934e-05,1
11.908,-0.897327413531485,-1.34793790160262,-1.94463210066693,-2.99321816656281,-0.897327388964167,-2.4149970537793e-05,1
11.91,-0.897526043711524,-1.3475501527011,-1.94664603277121,-2.99159157083244,-0.897526018471357,-2.48113891187756e-05,1
11.912,-0.897724323133431,-1.34716661954786,-1.94865903224075,-2.98996169294999,-0.897724297221817,-2.54714304707442e-05,1
11.914,-0.897922253740205,-1.34678730822584,-1.95067108962569,-2.98832853627699,-0.897922227158538,-2.61301023196197e-05,1
11.916,-0.898119837451895,-1.34641222493752,-1.95268219563954,-2.98669210389208,-0.898119810201559,-2.67874123031318e-05,1
11.918,-0.898317076165911,-1.34604137600483,-1.95469234115511,-2.98505239859525,-0.898317048248284,-2.74433679720259e-05,1
11.92,-0.898513971757316,-1.34567476786897,-1.95670151720047,-2.98340942291198,-0.898513943173768,-2.80979767912182e-05,1
11.922,-0.89871052607912,-1.3453124070904,-1.95870971495506,-2.98176317909723,-0.898710496831014,-2.87512461409483e-05,1
11.924,-0.89890674096257,-1.34495430034861,-1.96071692574582,-2.98011366913942,-0.898906711051262,-2.94031833179051e-05,1
11.926,-0.899102618217433,-1.34460045444214,-1.96272314104351,-2.97846089476422,-0.89910258764427,-3.00537955363393e-05,1
11.928,-0.899298159632273,-1.3442508762884,-1.96472835245904,-2.97680485743828,-0.899298128398595,-3.07030899291542e-05,1
11.93,-0.899493366974724,-1.34390557292366,-1.96673255173992,-2.97514555837291,-0.899493335081865,-3.13510735489766e-05,1
11.932,-0.899688241991765,-1.34356455150293,-1.96873573076678,-2.97348299852755,-0.899688209441052,-3.19977533692202e-05,1
11.934,-0.89988278640998,-1.34322781929993,-1.97073788154995,-2.97181717861333,-0.899882753202732,-3.26431362851146e-05,1
11.936,-0.900077001935823,-1.34289538370698,-1.9727389962262,-2.97014809909635,-0.900076968073351,-3.32872291147379e-05,1
11.938,-0.900270890257028,-1.34256725365813,-1.97473906146851,-2.96847577008398,-0.900270855745819,-3.39249118275356e-05,1
11.94,-0.900464453037542,-1.34224343392073,-1.97673808083936,-2.9668001718026,-0.900464417873711,-3.45664460458283e-05,1
11.942,-0.900657691927486,-1.3419239336905,-1.97873604123351,-2.96512131387707,-0.900657656112327,-3.52067101785944e-05,1
11.944,-0.900850608554618,-1.34160876082515,-1.98073293526815,-2.96343919582793,-0.900850572089414,-3.58457107428753e-05,1
11.946,-0.901043204528495,-1.34129792330962,-1.98272875566492,-2.96175381694406,-0.901043167414527,-3.64834541857177e-05,1
11.948,-0.901235481440023,-1.3409914292473,-1.9847234952535,-2.96006517628792,-0.901235443678562,-3.71199468827908e-05,1
11.95,-0.901427440861686,-1.34068928686001,-1.9867171469688,-2.95837327269833,-0.901427402453998,-3.77551951393016e-05,1
11.952,-0.901619084347776,-1.34039150448806,-1.98870970384814,-2.95667810479327,-0.901619045295121,-3.83892051908907e-05,1
11.954,-0.901810413434613,-1.3400980905902,-1.99070115902864,-2.95497967097254,-0.901810373738244,-3.90219832045017e-05,1
11.956,-0.902001429640775,-1.33980905374368,-1.99269150574447,-2.95327796942043,-0.90200138930194,-3.96535352792601e-05,1
11.958,-0.902192134467308,-1.33952440264424,-1.99468073732435,-2.9515729981082,-0.902192093487247,-4.02838674473105e-05,1
11.96,-0.902382529397943,-1.3392441461062,-1.99666884718898,-2.94986475479667,-0.902382487777892,-4.0912985674666e-05,1
11.962,-0.902572615899305,-1.33896829306245,-1.99865582884855,-2.94815323703857,-0.902572573640492,-4.15408958620177e-05,1
11.964,-0.902762395421123,-1.3386968525645,-2.00064167590037,-2.94643844218099,-0.902762352524772,-4.21676038455587e-05,1
11.966,-0.902951869396431,-1.33842983378258,-2.00262638202642,-2.94472036736762,-0.902951825863758,-4.27931153977711e-05,1
11.968,-0.903141039241767,-1.33816724600565,-2.00460994099111,-2.94299900954108,-0.903140995073985,-4.3417436228208e-05,1
11.97,-0.903329906357373,-1.33790909864152,-2.00659234663894,-2.94127436544507,-0.903329861555686,-4.40405719842671e-05,1
11.972,-0.903518472127387,-1.33765540121688,-2.00857359289232,-2.93954643162654,-0.903518426692995,-4.46625282519521e-05,1
11.974,-0.903706737920034,-1.33740616337742,-2.01055367374937,-2.93781520443779,-0.903706691854132,-4.52833105566113e-05,1
11.976,-0.903894705087813,-1.33716139488791,-2.01253258328178,-2.9360806800385,-0.903894658391589,-4.59029243636724e-05,1
11.978,-0.904082374967681,-1.33692110563228,-2.01451031563271,-2.93434285439774,-0.904082327642319,-4.65213750793632e-05,1
11.98,-0.904269748881235,-1.33668530561377,-2.01648686501477,-2.9326017232959,-0.904269700927912,-4.71386680514246e-05,1
11.982,-0.90445682813489,-1.33645400495499,-2.018462225708,-2.93085728232657,-0.90445677955478,-4.77548085698041e-05,1
11.984,-0.904643614020055,-1.33622721389807,-2.02043639205786,-2.92910952689846,-0.904643564814323,-4.83698018673414e-05,1
11.986,-0.904830107813303,-1.33600494280481,-2.02240935847338,-2.9273584522371,-0.904830057983111,-4.8983653120448e-05,1
11.988,-0.905016310776544,-1.33578720215673,-2.0243811194252,-2.92560405338666,-0.905016260323049,-4.95963674497658e-05,1
11.99,-0.905202224157188,-1.33557400255531,-2.02635166944373,-2.9238463252117,-0.905202173081542,-5.02079499208197e-05,1
11.992,-0.905387849188314,-1.33536535472207,-2.02832100311738,-2.92208526239873,-0.905387797491664,-5.08184055446731e-05,1
11.994,-0.905573187088828,-1.33516126949873,-2.03028911509067,-2.92032085945797,-0.905573134772314,-5.14277392785396e-05,1
11.996,-0.90575823906362,-1.3349617578474,-2.03225600006261,-2.91855311072485,-0.905758186128379,-5.20359560264157e-05,1
11.998,-0.905943006303725,-1.33476683085072,-2.03422165278489,-2.91678201036158,-0.905942952750887,-5.26430606396924e-05,1
12,-0.906127489986472,-1.33457649971203,-2.03618606806022,-2.91500755235871,-0.906127435817165,-5.32490579177582e-05,1
12.002,-0.906311691275639,-1.33439077575558,-2.0381492407407,-2.91322973053652,-0.906311636490984,-5.38539526085842e-05,1
12.004,-0.906495611321597,-1.33420967042666,-2.04011116572617,-2.91144853854654,-0.906495555922711,-5.44577494093094e-05,1
12.006,-0.906679251261461,-1.33403319529185,-2.04207183796261,-2.90966396987289,-0.906679195249456,-5.50604529668191e-05,1
12.008,-0.906862612219229,-1.33386136203917,-2.04403125244062,-2.90787601783369,-0.906862555595213,-5.56620678782991e-05,1
12.01,-0.907045695305925,-1.33369418247831,-2.04598940419385,-2.90608467558237,-0.907045638071001,-5.62625986917885e-05,1
12.012,-0.907228501619742,-1.33353166854085,-2.04794628829749,-2.90428993610896,-0.907228443775007,-5.68620499067379e-05,1
12.014,-0.90741103224617,-1.33337383228043,-2.04990189986679,-2.90249179224138,-0.907410973792719,-5.74604259745353e-05,1
12.016,-0.907593288258139,-1.33322068587301,-2.05185623405564,-2.90069023664666,-0.907593229197061,-5.80577312990338e-05,1
12.018,-0.907775270716145,-1.33307224161711,-2.05380928605507,-2.89888526183213,-0.907775211048525,-5.86539702370722e-05,1
12.02,-0.907956980668385,-1.33292851193397,-2.05576105109193,-2.89707686014663,-0.907956920395303,-5.92491470989893e-05,1
12.022,-0.908138419150878,-1.33278950936789,-2.05771152442743,-2.89526502378161,-0.90813835827341,-5.98432661491173e-05,1
12.024,-0.908319587187599,-1.3326552465864,-2.05966070135583,-2.89344974477225,-0.908319525706817,-6.04363316062849e-05,1
12.026,-0.908500485790595,-1.33252573638054,-2.06160857720309,-2.89163101499859,-0.908500423707567,-6.10283476442966e-05,1
12.028,-0.908681115960113,-1.3324009916651,-2.06355514732556,-2.88980882618652,-0.908681053275902,-6.16193183924144e-05,1
12.03,-0.908861478684714,-1.3322810254789,-2.06550040710867,-2.88798316990888,-0.908861415400379,-6.22092479358271e-05,1
12.032,-0.909041574941394,-1.33216585098505,-2.06744435196569,-2.88615403758637,-0.90904151105799,-6.2798140316109e-05,1
12.034,-0.909221405695698,-1.33205548147124,-2.06938697733647,-2.88432142048863,-0.909221341214276,-6.33859995316848e-05,1
12.036,-0.909400971901833,-1.33194993034995,-2.07132827868617,-2.88248530973514,-0.909400906823441,-6.39728295382633e-05,1
12.038,-0.909580274502782,-1.33184921115884,-2.07326825150412,-2.88064569629614,-0.909580208828463,-6.45586342492914e-05,1
12.04,-0.909759314430413,-1.33175333756096,-2.07520689130256,-2.87880257099355,-0.909759248161205,-6.51434175363776e-05,1
12.042,-0.909938092605584,-1.33166232334504,-2.07714419361551,-2.87695592450186,-0.909938025742523,-6.57271832297208e-05,1
12.044,-0.910116609938253,-1.33157618242586,-2.0790801539976,-2.87510574734894,-0.91011654248237,-6.63099351185305e-05,1
12.046,-0.910294867327581,-1.33149492884447,-2.08101476802291,-2.87325202991696,-0.910294799279903,-6.68916769514392e-05,1
12.048,-0.910472865662034,-1.33141857676857,-2.08294803128391,-2.87139476244311,-0.910472797023586,-6.74724124369057e-05,1
12.05,-0.910650605819484,-1.33134714049278,-2.08487993939027,-2.86953393502043,-0.910650536591285,-6.80521452436157e-05,1
12.052,-0.910828088667309,-1.33128063443896,-2.08681048796781,-2.86766953759864,-0.910828018850376,-6.86308790008685e-05,1
12.054,-0.911005315062489,-1.33121907315657,-2.08873967265747,-2.86580155998476,-0.911005244657835,-6.92086172989763e-05,1
12.056,-0.911182285851703,-1.33116247132294,-2.09066748911417,-2.86392999184395,-0.911182214860336,-6.97853636896238e-05,1
12.058,-0.911359001871422,-1.33111084374366,-2.09259393300582,-2.86205482270019,-0.911358930294348,-7.03611216862614e-05,1
12.06,-0.911535463948003,-1.33106420535291,-2.09451900001226,-2.86017604193695,-0.911535391786224,-7.09358947644592e-05,1
12.062,-0.911711672897779,-1.33102257121376,-2.09644268582429,-2.85829363879789,-0.911711600152293,-7.15096863622685e-05,1
12.064,-0.911887629527147,-1.33098595651856,-2.0983649861426,-2.85640760238748,-0.91188755619895,-7.20824998805843e-05,1
12.066,-0.912063334634126,-1.33095437758118,-2.10028589067492,-2.85451793293877,-0.912063260729826,-7.26487681858124e-05,1
12.068,-0.912238789001767,-1.33092784784677,-2.10220540715186,-2.8526245967586,-0.912238714516732,-7.32196369865988e-05,1
12.07,-0.912413993410261,-1.33090638392479,-2.10412352528012,-2.85072759378635,-0.912413918345477,-7.37895376913329e-05,1
12.072,-0.912588948626324,-1.33089000151587,-2.10604024079712,-2.84882691258159,-0.912588872982771,-7.43584735530786e-05,1
12.074,-0.912763655407966,-1.33087871646405,-2.10795554943861,-2.84692254156222,-0.912763579186624,-7.49264477920547e-05,1
12.076,-0.912938114503767,-1.3308725447448,-2.10986944694448,-2.84501446901053,-0.912938037705609,-7.54934635933187e-05,1
12.078,-0.913112326652954,-1.33087150246542,-2.11178192905792,-2.84310268307376,-0.913112249278953,-7.60595241070979e-05,1
12.08,-0.913286292585482,-1.33087560586543,-2.11369299152442,-2.84118717176464,-0.913286214636607,-7.66246324490919e-05,1
12.082,-0.913460013022105,-1.3308848713169,-2.11560263009094,-2.83926792296187,-0.91345993449932,-7.71887917007696e-05,1
12.084,-0.913633488674455,-1.33089931532489,-2.11751084050501,-2.83734492441064,-0.913633409578724,-7.77520049096882e-05,1
12.086,-0.913806720245114,-1.33091895452785,-2.11941761851385,-2.83541816372312,-0.913806640577395,-7.83142750897652e-05,1
12.088,-0.913979708427684,-1.33094380569795,-2.12132295986346,-2.83348762837891,-0.913979628188934,-7.88756052215817e-05,1
12.09,-0.914152453906862,-1.33097388574156,-2.12322686029784,-2.83155330572552,-0.914152373098035,-7.94359982526692e-05,1
12.092,-0.914324957358505,-1.33100921169961,-2.12512931555809,-2.82961518297877,-0.91432487598055,-7.99954570977795e-05,1
12.094,-0.9144972194497,-1.331049800748,-2.12703032138158,-2.82767324722329,-0.914497137503566,-8.05539846391593e-05,1
12.096,-0.914669240838832,-1.33109567019801,-2.1289298735011,-2.82572748541289,-0.914669158325463,-8.11115837268319e-05,1
12.098,-0.914841022175648,-1.33114683749674,-2.1308279676441,-2.82377788437099,-0.914840939095985,-8.16682571788474e-05,1
12.1,-0.915012564101321,-1.33120332022749,-2.13272459953178,-2.82182443079101,-0.915012480456303,-8.22240077815557e-05,1
12.102,-0.915183867248513,-1.33126513611023,-2.13461976487836,-2.81986711123678,-0.915183783039076,-8.2778838289855e-05,1
12.104,-0.915354932241439,-1.33133230300195,-2.13651345939023,-2.81790591214286,-0.915354847468517,-8.33327514274437e-05,1
12.106,-0.915525759695927,-1.33140483889716,-2.13840567876519,-2.81594081981499,-0.915525674360449,-8.38857498870714e-05,1
12.108,-0.915696350219475,-1.33148276192828,-2.14029641869164,-2.81397182043037,-0.91569626432237,-8.44378363307778e-05,1
12.11,-0.915866704411311,-1.33156609036609,-2.14218567484781,-2.81199890003805,-0.915866617953504,-8.49890133901297e-05,1
12.112,-0.916036822862452,-1.33165484262016,-2.14407344290099,-2.81002204455925,-0.916036735844865,-8.55392836664605e-05,1
12.114,-0.916206706155755,-1.33174903723927,-2.14595971850675,-2.80804123978772,-0.916206618579309,-8.60886497310879e-05,1
12.116,-0.91637635486598,-1.33184869291189,-2.14784449730818,-2.80605647139,-0.916376266731591,-8.66371141255586e-05,1
12.118,-0.916545769559835,-1.33195382846659,-2.14972777493515,-2.80406772490579,-0.916545680868417,-8.71846793618471e-05,1
12.12,-0.916714950796032,-1.3320644628725,-2.15160954700356,-2.80207498574823,-0.916714861548499,-8.77313479225883e-05,1
12.122,-0.916883899125343,-1.33218061523976,-2.15348980911456,-2.8000782392042,-0.916883809322604,-8.82771222612851e-05,1
12.124,-0.917052615090642,-1.33230230481995,-2.15536855685384,-2.7980774704346,-0.917052524733604,-8.88220048025182e-05,1
12.126,-0.917221099226962,-1.33242955100659,-2.15724578579093,-2.79607266447463,-0.91722100831653,-8.93659979421496e-05,1
12.128,-0.917389352061538,-1.33256237333555,-2.15912149147837,-2.79406380623408,-0.917389260598615,-8.99091040475222e-05,1
12.13,-0.917557374113859,-1.3327007914855,-2.16099566945111,-2.7920508804976,-0.917557282099343,-9.04513254576593e-05,1
12.132,-0.917725165895708,-1.33284482527843,-2.16286831522567,-2.79003387192494,-0.917725073330498,-9.09926644834606e-05,1
12.134,-0.917892727911213,-1.33299449468004,-2.16473942429952,-2.78801276505122,-0.917892634796205,-9.15331234078861e-05,1
12.136,-0.918060060656889,-1.33314981980026,-2.16660899215032,-2.78598754428717,-0.918059966992975,-9.20727044861403e-05,1
12.138,-0.918227164621679,-1.33331082089366,-2.16847701423521,-2.78395819391938,-0.918227070409751,-9.26114099458625e-05,1
12.14,-0.918394040287002,-1.33347751835997,-2.17034348599011,-2.78192469811055,-0.918393945527948,-9.3149241987299e-05,1
12.142,-0.918560688126785,-1.3336499327445,-2.17220840282905,-2.77988704089971,-0.918560592821491,-9.36862027834753e-05,1
12.144,-0.918727108607514,-1.33382808473865,-2.17407176014342,-2.77784520620244,-0.918727012756864,-9.42222944803779e-05,1
12.146,-0.918893302188261,-1.33401199518033,-2.17593355330132,-2.77579917781113,-0.918893205793137,-9.4757519197105e-05,1
12.148,-0.919059269320733,-1.33420168505448,-2.17779377764684,-2.77374893939516,-0.919059172382015,-9.52918790260399e-05,1
12.15,-0.919225010449304,-1.33439717549351,-2.17965242849939,-2.77169447450115,-0.91922491296787,-9.58253760330164e-05,1
12.152,-0.919390526011052,-1.33459848777779,-2.181509501153,-2.76963576655314,-0.919390427987777,-9.63580122574664e-05,1
12.154,-0.919555816435792,-1.33480564333611,-2.18336499087565,-2.76757279885283,-0.91955571787155,-9.68897897125722e-05,1
12.156,-0.919720882146114,-1.33501866374615,-2.18521889290858,-2.76550555457978,-0.919720783041777,-9.74207103854254e-05,1
12.158,-0.919885723557417,-1.33523757073499,-2.18707120246559,-2.76343401679162,-0.919885623913854,-9.79507762371649e-05,1
12.16,-0.920050341077935,-1.33546238617953,-2.18892191473242,-2.76135816842421,-0.920050240896014,-9.84799892031231e-05,1
12.162,-0.920214735108775,-1.335693132107,-2.19077102486604,-2.7592779922919,-0.920214634389361,-9.90083511929634e-05,1
12.164,-0.920378906043946,-1.33592983069542,-2.19261852799396,-2.7571934710877,-0.920378804787904,-9.95358640908249e-05,1
12.166,-0.920542854270386,-1.33617250427411,-2.19446441921359,-2.75510458738345,-0.920542752478577,-0.000100062529755441,1
12.168,-0.920706580167995,-1.33642117532409,-2.19630869359156,-2.75301132363008,-0.92070647784128,-0.000100588350020281,1
12.17,-0.920870084109658,-1.33667586647864,-2.19815134616305,-2.75091366215775,-0.920869981248894,-0.000101113326693668,1
12.172,-0.921033366461276,-1.33693660052371,-2.19999237193113,-2.74881158517604,-0.921033263067319,-0.000101637461558912,1
12.174,-0.92119642758179,-1.33720340039844,-2.20183176586607,-2.74670507477418,-0.921196323655495,-0.000102160756374424,1
12.176,-0.921359267823205,-1.33747628919557,-2.20366952290471,-2.74459411292123,-0.921359163365425,-0.000102683212873825,1
12.178,-0.921521887530618,-1.337755290162,-2.20550563794978,-2.74247868146623,-0.921521782542205,-0.000103204832766076,1
12.18,-0.921684287042239,-1.33804042669917,-2.20734010586924,-2.74035876213846,-0.921684181524042,-0.000103725617735577,1
12.182,-0.921846466689411,-1.33833172236361,-2.2091729214956,-2.73823433654759,-0.921846360642277,-0.000104245569442276,1
12.184,-0.922008426796636,-1.33862920086734,-2.21100407962528,-2.73610538618388,-0.922008320221412,-0.000104764689521774,1
12.186,-0.922170167681594,-1.33893288607836,-2.21283357501795,-2.73397189241838,-0.922170060579123,-0.000105282979585431,1
12.188,-0.92233168965516,-1.33924280202116,-2.21466140239585,-2.73183383650314,-0.922331582026286,-0.000105800441220453,1
12.19,-0.922492993021429,-1.33955897287711,-2.21648755644313,-2.72969119957136,-0.922492884866992,-0.000106317075989995,1
12.192,-0.922654078077727,-1.33988142298497,-2.21831203180522,-2.72754396263764,-0.922653969398567,-0.000106832885433252,1
12.194,-0.922814945114633,-1.34021017684133,-2.22013482308812,-2.7253921065982,-0.92281483591159,-0.00010734787106555,1
12.196,-0.922975594415996,-1.34054525910107,-2.22195592485779,-2.72323561223098,-0.922975484689904,-0.00010786203437842,1
12.198,-0.923136026258944,-1.34088669457783,-2.22377533163944,-2.72107446019598,-0.923135916010639,-0.000108375376839696,1
12.2,-0.923296240913906,-1.34123450824442,-2.2255930379169,-2.71890863103537,-0.923296130144222,-0.000108887899893584,1
12.202,-0.923456238644623,-1.34158872523334,-2.22740903813194,-2.71673810517375,-0.923456127354391,-0.000109399604960744,1
12.204,-0.923616019708158,-1.34194937083713,-2.22922332668361,-2.71456286291839,-0.923615907898209,-0.00010991049343836,1
12.206,-0.923775584354912,-1.3423164705089,-2.23103589792758,-2.71238288445939,-0.923775472026076,-0.000110420566700214,1
12.208,-0.923934932828633,-1.34269004986273,-2.23284674617548,-2.71019814986995,-0.923934819981737,-0.000110929826096752,1
12.21,-0.924094065366426,-1.34307013467409,-2.23465586569422,-2.70800863910658,-0.924093952002298,-0.000111438272955146,1
12.212,-0.924252982198765,-1.34345675088032,-2.23646325070533,-2.70581433200938,-0.92425286831823,-0.000111945908579362,1
12.214,-0.924411683549498,-1.343849924581,-2.23826889538427,-2.70361520830221,-0.924411569153379,-0.00011245273425021,1
12.216,-0.924570169635857,-1.34424968203842,-2.2400727938598,-2.70141124759299,-0.924570054724977,-0.000112958751225407,1
12.218,-0.924728440668463,-1.34465604967798,-2.24187494021327,-2.69920242937396,-0.924728325243643,-0.000113463960739631,1
12.22,-0.924886496851334,-1.34506905408859,-2.24367532847798,-2.69698873302188,-0.924886380913395,-0.00011396836400456,1
12.222,-0.925044338381887,-1.34548872202311,-2.24547395263848,-2.69477013779835,-0.925044221931648,-0.000114471962208932,1
12.224,-0.925201965450947,-1.34591508039874,-2.24727080662987,-2.69254662285008,-0.925201848489226,-0.000114974756518581,1
12.226,-0.925359378242744,-1.34634815629739,-2.24906588433721,-2.69031816720914,-0.925359260770357,-0.000115476748076471,1
12.228,-0.925516576934922,-1.34678797696613,-2.25085917959472,-2.68808474979326,-0.925516458952684,-0.000115977938002753,1
12.23,-0.925673561698532,-1.34723456981755,-2.25265068618521,-2.68584634940614,-0.925673443207259,-0.000116478327394785,1
12.232,-0.925830332698045,-1.34768796243012,-2.2544403978393,-2.68360294473774,-0.925830213698548,-0.000116977917327166,1
12.234,-0.925986890091338,-1.34814818254858,-2.2562283082348,-2.68135451436459,-0.925986770584431,-0.000117476708851769,1
12.236,-0.926143234031448,-1.34861525795948,-2.25801440497853,-2.67910104934632,-0.926143114023677,-0.000117969005922698,1
12.238,-0.926299364658709,-1.34908921695512,-2.25979869368572,-2.67684250286601,-0.926299244145147,-0.000118466204954427,1
12.24,-0.926455282114726,-1.34957008771082,-2.26158116183651,-2.67457886572195,-0.926455161096181,-0.000118962608598645,1
12.242,-0.92661098653013,-1.35005789862138,-2.26336180289772,-2.67231011605168,-0.92661086500741,-0.000119458217813748,1
12.244,-0.926766478029825,-1.35055267826827,-2.26514061027259,-2.67003623186965,-0.926766356003738,-0.000119953033538287,1
12.246,-0.926921756732114,-1.3510544554014,-2.26691757730732,-2.66775719107893,-0.926921634203466,-0.000120447056688216,1
12.248,-0.927076822748678,-1.35156325893935,-2.2686926972904,-2.66547297147163,-0.927076699718275,-0.000120940288156858,1
12.25,-0.92723167618458,-1.35207911796973,-2.2704659634519,-2.66318355072929,-0.927231552653226,-0.000121432728814938,1
12.252,-0.92738631713825,-1.35260206174945,-2.27223736896271,-2.66088890642329,-0.927386193106749,-0.000121924379510578,1
12.254,-0.927540745701481,-1.35313211970508,-2.2740069069339,-2.65858901601526,-0.927540621170635,-0.00012241524106929,1
12.256,-0.927694961959412,-1.35366932143307,-2.27577457041595,-2.65628385685751,-0.927694836930024,-0.000122905314293977,1
12.258,-0.927848965990524,-1.35421369670005,-2.27754035239802,-2.6539734061935,-0.927848840463394,-0.000123394599964923,1
12.26,-0.928002757866621,-1.35476527544312,-2.27930424580727,-2.65165764115826,-0.92800263184255,-0.00012388309883978,1
12.262,-0.928156337652821,-1.35532408777008,-2.28106624350808,-2.64933653877888,-0.928156211132608,-0.000124370811653561,1
12.264,-0.92830970540754,-1.35589016395969,-2.28282633830134,-2.64701007597503,-0.928309578391986,-0.000124857739118612,1
12.266,-0.928462861182481,-1.35646353446191,-2.28458452292373,-2.64467822955939,-0.928462733672382,-0.000125343881924606,1
12.268,-0.92861580502261,-1.35704422989811,-2.28634079004693,-2.64234097623823,-0.928615677018765,-0.000125829240738502,1
12.27,-0.928768536966145,-1.35763228106129,-2.28809513227693,-2.63999829261191,-0.928768408469349,-0.000126313816204529,1
12.272,-0.928921057044536,-1.3582277189163,-2.28984754215323,-2.63765015517545,-0.928920928055587,-0.000126797608944158,1
12.274,-0.929073365282445,-1.35883057459999,-2.29159801214812,-2.63529654031908,-0.929073235802138,-0.00012728061955606,1
12.276,-0.929225461697729,-1.35944087942142,-2.29334653466589,-2.63293742432882,-0.929225331726859,-0.000127762848616075,1
12.278,-0.929377346301412,-1.360058664862,-2.29509310204213,-2.63057278338711,-0.929377215840774,-0.000128244296677167,1
12.28,-0.929529019097673,-1.36068396257566,-2.29683770654288,-2.62820259357337,-0.929528888148061,-0.000128724964269388,1
12.282,-0.929680480083811,-1.36131680438897,-2.2985803403639,-2.62582683086471,-0.929680348646018,-0.000129204851899823,1
12.284,-0.929831729250229,-1.36195722230125,-2.30032099562991,-2.62344547113653,-0.929831597325048,-0.000129683960052541,1
12.286,-0.929982766580405,-1.36260524848472,-2.30205966439377,-2.62105849016321,-0.929982634168629,-0.000130162289188547,1
12.288,-0.930133592050868,-1.36326091528455,-2.30379633863573,-2.61866586361883,-0.930133459153288,-0.000130639839745719,1
12.29,-0.930284205631164,-1.36392425521894,-2.30553101026259,-2.61626756707784,-0.930284072248573,-0.000131116612138746,1
12.292,-0.930434607283836,-1.36459530097919,-2.30726367110697,-2.61386357601586,-0.930434473417024,-0.000131592606759068,1
12.294,-0.930584796964386,-1.36527408542976,-2.30899431292644,-2.61145386581036,-0.930584662614145,-0.000132067823974807,1
12.296,-0.930734774621249,-1.36596064160824,-2.31072292740277,-2.60903841174151,-0.930734639788369,-0.000132542264130686,1
12.298,-0.93088454019576,-1.36665500272545,-2.31244950614106,-2.60661718899294,-0.930884404881031,-0.000133015927547969,1
12.3,-0.931034093622117,-1.36735720216534,-2.31417404066899,-2.60419017265259,-0.931033957826328,-0.000133488814524369,1
12.302,-0.931183434827349,-1.36806727348502,-2.31589652243592,-2.60175733771355,-0.931183298551291,-0.000133960925333973,1
12.304,-0.931332563731282,-1.36878525041468,-2.31761694281214,-2.59931865907493,-0.931332426975744,-0.000134432260227143,1
12.306,-0.931481480246497,-1.36951116685756,-2.31933529308797,-2.5968741115428,-0.931481343012268,-0.000134902819430443,1
12.308,-0.931630184278297,-1.37024505688985,-2.32105156447294,-2.59442366983103,-0.931630046566166,-0.000135372603146529,1
12.31,-0.931778675724661,-1.37098695476058,-2.32276574809496,-2.59196730856232,-0.931778537535417,-0.000135841611554054,1
12.312,-0.93192695447621,-1.37173689489151,-2.32447783499946,-2.58950500226916,-0.93192681581064,-0.000136309844807569,1
12.314,-0.932075020416159,-1.37249491187697,-2.32618781614849,-2.58703672539479,-0.932074881275053,-0.000136777303037414,1
12.316,-0.932222873420278,-1.3732610404837,-2.32789568241993,-2.5845624522943,-0.932222733804423,-0.000137243986349602,1
12.318,-0.932370513356841,-1.37403531565065,-2.32960142460655,-2.58208215723564,-0.932370373267027,-0.000137709894825711,1
12.32,-0.932517940086588,-1.3748177724888,-2.33130503341517,-2.57959581440074,-0.932517799523602,-0.000138175028522761,1
12.322,-0.932665153462668,-1.37560844628089,-2.33300649946576,-2.57710339788661,-0.932665012427299,-0.000138639387473089,1
12.324,-0.9328121533306,-1.37640737248117,-2.33470581329053,-2.5746048817065,-0.932812011823635,-0.000139102971684222,1
12.326,-0.932958939528214,-1.37721458671515,-2.3364029653331,-2.57210023979109,-0.932958797550441,-0.000139565781138743,1
12.328,-0.9331055118856,-1.37803012477922,-2.33809794594749,-2.56958944598968,-0.933105369437808,-0.000140027815794151,1
12.33,-0.933251870225061,-1.37885402264041,-2.33979074539731,-2.56707247407145,-0.933251727308039,-0.000140489075582729,1
12.332,-0.93339801436105,-1.37968631643594,-2.34148135385477,-2.56454929772675,-0.933397870975586,-0.000140949560411381,1
12.334,-0.933543944100121,-1.38052704247289,-2.3431697613998,-2.5620198905684,-0.933543800247002,-0.000141409270161499,1
12.336,-0.933689659240862,-1.3813762372278,-2.34485595801907,-2.55948422613303,-0.933689514920878,-0.000141868204688788,1
12.338,-0.933835159573845,-1.38223393734615,-2.34653993360509,-2.55694227788246,-0.933835014787784,-0.000142326363823118,1
12.34,-0.933980444881557,-1.38310017964199,-2.34822167795523,-2.55439401920517,-0.933980299630209,-0.000142783747368355,1
12.342,-0.93412551493834,-1.38397500109736,-2.34990118077079,-2.55183942341767,-0.934125369222494,-0.000143240355102183,1
12.344,-0.934270369510329,-1.38485843886181,-2.35157843165601,-2.54927846376606,-0.934270223330774,-0.000143696186775935,1
12.346,-0.93441500835538,-1.38575053025184,-2.35325342011713,-2.54671111342755,-0.934414861712906,-0.000144151242114408,1
12.348,-0.934559431223008,-1.38665131275027,-2.35492613556138,-2.54413734551198,-0.934559284118405,-0.000144605520815676,1
12.35,-0.934703637855318,-1.38756082333386,-2.35659656417052,-2.54155714030521,-0.934703490292432,-0.000145055998213423,1
12.352,-0.934847627982431,-1.38847910113417,-2.3582647014082,-2.53897045632276,-0.934847479958997,-0.000145508723241673,1
12.354,-0.934991401330372,-1.3894061834962,-2.35993053324244,-2.53637727369639,-0.93499125284718,-0.000145960670565098,1
12.356,-0.935134957614079,-1.39034210854847,-2.36159404867883,-2.53377756529197,-0.93513480867192,-0.000146411839771379,1
12.358,-0.935278296540262,-1.39128691459555,-2.36325523661462,-2.53117130390768,-0.935278147139929,-0.000146862230421973,1
12.36,-0.93542141780684,-1.39224064010415,-2.36491408584201,-2.52855846228465,-0.935421267949125,-0.000147311842050368,1
12.362,-0.935564321102859,-1.39320332370226,-2.36657058504708,-2.52593901310885,-0.935564170788556,-0.000147760674161856,1
12.364,-0.935707006108412,-1.39417500417832,-2.36822472280878,-2.52331292901293,-0.935706855338313,-0.000148208726233308,1
12.366,-0.935849472494549,-1.39515572048028,-2.36987648759787,-2.52068018257829,-0.935849321269449,-0.000148655997712921,1
12.368,-0.935991719923192,-1.39614551171467,-2.37152586777583,-2.51804074633698,-0.935991568243885,-0.000149102488019983,1
12.37,-0.936133748047047,-1.39714441714566,-2.37317285159379,-2.51539459277382,-0.93613359591433,-0.000149548196544613,1
12.372,-0.936275556509511,-1.39815247619398,-2.3748174271915,-2.51274169432845,-0.936275403924178,-0.000149993122647501,1
12.374,-0.936417144944575,-1.39916972843592,-2.37645958259612,-2.51008202339758,-0.936416991907423,-0.000150437265659641,1
12.376,-0.936558512976732,-1.40019621360219,-2.37809930572124,-2.50741555233704,-0.936558359488559,-0.000150880624882061,1
12.378,-0.936699660220876,-1.40123197157681,-2.3797365843657,-2.5047422534642,-0.93669950628248,-0.000151323199585538,1
12.38,-0.936840586282203,-1.40227704239587,-2.38137140621246,-2.50206209906017,-0.936840431894382,-0.000151764989010309,1
12.382,-0.936981290756101,-1.40333146624638,-2.38300375882748,-2.49937506137221,-0.936981135919656,-0.000152205992365772,1
12.384,-0.937121773228056,-1.40439528346493,-2.3846336296586,-2.49668111261612,-0.937121617943786,-0.000152646208830194,1
12.386,-0.93726203327353,-1.40546853453639,-2.38626100603435,-2.49398022497875,-0.937261877542238,-0.000153085637550386,1
12.388,-0.93740207045786,-1.40655126009258,-2.38788587516279,-2.4912723706205,-0.937401914280347,-0.000153524277641393,1
12.39,-0.937541884336137,-1.40764350091078,-2.38950822413036,-2.48855752167794,-0.937541727713206,-0.000153962128186156,1
12.392,-0.937681474453093,-1.40874529791236,-2.39112803990066,-2.4858356502664,-0.93768131738555,-0.000154399188235187,1
12.394,-0.937820840342983,-1.40985669216118,-2.39274530931327,-2.48310672848278,-0.937820682831632,-0.000154835456806222,1
12.396,-0.937959981529459,-1.41097772486211,-2.39436001908254,-2.48037072840821,-0.937959823575106,-0.000155270932883858,1
12.398,-0.938098897525445,-1.41210843735936,-2.39597215579637,-2.47762762211095,-0.938098739128898,-0.000155705615419202,1
12.4,-0.938237587833012,-1.41324887113483,-2.39758170591497,-2.47487738164927,-0.938237428995078,-0.000156139503329496,1
12.402,-0.938376051943244,-1.41439906780641,-2.39918865576962,-2.4721199790744,-0.938375892664734,-0.000156572595497734,1
12.404,-0.938514289336104,-1.41555906912621,-2.40079299156142,-2.46935538643359,-0.938514129617827,-0.000157004890772274,1
12.406,-0.938652299480296,-1.41672891697869,-2.40239469936002,-2.46658357577314,-0.938652139323065,-0.000157436387966439,1
12.408,-0.938790081833124,-1.41790865337886,-2.40399376510234,-2.46380451914162,-0.938789921237752,-0.000157867085858102,1
12.41,-0.938927635840351,-1.41909832047025,-2.40559017459127,-2.46101818859309,-0.938927474807652,-0.000158296983189273,1
12.412,-0.939064960936043,-1.42029796052299,-2.40718391349439,-2.45822455619035,-0.939064799466834,-0.000158726078665659,1
12.414,-0.939202056542427,-1.4215076159317,-2.40877496734263,-2.45542359400839,-0.939201894637525,-0.00015915437095623,1
12.416,-0.93933892206973,-1.4227273292134,-2.41036332152893,-2.45261527413779,-0.939338759729952,-0.00015958185869276,1
12.418,-0.939475556916021,-1.42395714300537,-2.41194896130692,-2.44979956868824,-0.939475394142188,-0.000160008540469372,1
12.42,-0.93961196046705,-1.42519710006284,-2.41353187178959,-2.44697644979212,-0.939611797259983,-0.000160434414842049,1
12.422,-0.939748132096081,-1.42644724325674,-2.41511203794783,-2.4441458896082,-0.939747968456602,-0.000160859480328163,1
12.424,-0.939884071163719,-1.42770761557133,-2.41668944460915,-2.44130786032539,-0.939883907092654,-0.000161283735405959,1
12.426,-0.94001977701774,-1.42897826010173,-2.41826407645621,-2.43846233416655,-0.940019612515913,-0.00016170717851405,1
12.428,-0.940155248992908,-1.43025922005151,-2.41983591802543,-2.43560928339241,-0.940155084061148,-0.000162129808050902,1
12.43,-0.940290486410791,-1.43155053873004,-2.42140495370558,-2.43274868030552,-0.940290321049927,-0.000162551622374268,1
12.432,-0.940425488579579,-1.4328522595499,-2.42297116773632,-2.42988049725439,-0.940425322790442,-0.000162972619800671,1
12.434,-0.940560254793886,-1.4341644260242,-2.42453454420674,-2.42700470663759,-0.94056008857731,-0.000163392798604812,1
12.436,-0.94069478433523,-1.43548708095351,-2.42609506512321,-2.42412128584089,-0.940694617693989,-0.000163810239775874,1
12.438,-0.940829076468822,-1.43682026964363,-2.42765271813562,-2.42123019752532,-0.940828909401811,-0.000164228776352783,1
12.44,-0.94096313044865,-1.43816403511273,-2.42920748493368,-2.41833141917602,-0.940962962956708,-0.000164646488875051,1
12.442,-0.941096945512702,-1.43951842123711,-2.43075934899252,-2.4154249234424,-0.941096777596669,-0.000165063375443209,1
12.444,-0.941230520884669,-1.44088347198938,-2.43230829362605,-2.41251068303883,-0.941230352545387,-0.000165479434113901,1
12.446,-0.941363855773411,-1.44225923142492,-2.43385430198856,-2.40958867075657,-0.941363687011724,-0.000165894662898256,1
12.448,-0.941496949372729,-1.44364574367866,-2.4353973570731,-2.40665885946856,-0.941496780189484,-0.000166309059761209,1
12.45,-0.941629800861131,-1.44504305296184,-2.43693744170997,-2.40372122213426,-0.941629631257176,-0.000166722622620814,1
12.452,-0.941762409401595,-1.44645120355855,-2.43847453856507,-2.40077573180464,-0.94176223937778,-0.000167135349347535,1
12.454,-0.941894774141318,-1.44787023982236,-2.4400086301383,-2.39782236162729,-0.941894603698497,-0.000167547237763518,1
12.456,-0.942026894211471,-1.44930020617267,-2.44153969876191,-2.39486108485159,-0.942026723350499,-0.00016795828564185,1
12.458,-0.942158768726937,-1.45074114709122,-2.44306772659883,-2.39189187483396,-0.94215859744867,-0.000168368490705792,1
12.46,-0.942290396786047,-1.45219310711828,-2.44459269564103,-2.38891470504328,-0.942290225091345,-0.000168777850627995,1
12.462,-0.942421777470309,-1.45365613084891,-2.44611458770777,-2.38592954906636,-0.942421605360035,-0.0001691863630297,1
12.464,-0.942552909844129,-1.45513026292906,-2.44763338444394,-2.38293638061353,-0.942552737319148,-0.000169594025479905,1
12.466,-0.942683792954533,-1.45661554805161,-2.44914906731828,-2.37993517352437,-0.942683620015711,-0.000170000835494534,1
12.468,-0.942814425830862,-1.45811203095232,-2.45066161762165,-2.37692590177351,-0.942814252479069,-0.000170406790535547,1
12.47,-0.94294480748448,-1.45961975640566,-2.45217101646524,-2.37390853947655,-0.942944633720589,-0.000170811888010069,1
12.472,-0.943074936908467,-1.46113876922059,-2.45367724477875,-2.3708830608961,-0.943074762733353,-0.000171216125269466,1
12.474,-0.943204813077301,-1.46266911423625,-2.45518028330862,-2.36784944044794,-0.943204638491842,-0.000171619499608407,1
12.476,-0.943334434946532,-1.46421083631748,-2.45668011261613,-2.3648076527073,-0.943334259951608,-0.0001720220082639,1
12.478,-0.943463801452453,-1.46576398035036,-2.45817671307556,-2.36175767241521,-0.943463626048948,-0.000172423648414308,1
12.48,-0.943592911511757,-1.46732859123753,-2.4596700648723,-2.35869947448507,-0.943592735700557,-0.000172824417178326,1
12.482,-0.943721764021191,-1.46890471389355,-2.46116014800094,-2.35563303400922,-0.943721587803186,-0.000173224311613951,1
12.484,-0.943850357857188,-1.47049239324002,-2.4626469422633,-2.35255832626571,-0.94385018123327,-0.000173623328717393,1
12.486,-0.943978691875506,-1.4720916742007,-2.46413042726648,-2.34947532672523,-0.943978514846571,-0.000174021465421998,1
12.488,-0.944106764910848,-1.47370260169649,-2.46561058242088,-2.34638401105806,-0.944106587477794,-0.000174418718597099,1
12.49,-0.944234575776466,-1.4753252206403,-2.4670873869382,-2.34328435514118,-0.944234397940197,-0.000174815085046866,1
12.492,-0.944362123263774,-1.47695957593187,-2.46856081982931,-2.34017633506565,-0.944361945025194,-0.000175210561509118,1
12.494,-0.944489406141926,-1.47860571245238,-2.4700308599023,-2.33705992714387,-0.944489227501943,-0.000175605144654094,1
12.496,-0.9446164231574,-1.48026367505909,-2.47149748576025,-2.33393510791725,-0.944616244116927,-0.000175998831083189,1
12.498,-0.944743173033565,-1.48193350857973,-2.4729606757992,-2.33080185416375,-0.944742993593519,-0.000176391617327679,1
12.5,-0.944869654470237,-1.48361525780693,-2.47442040820594,-2.3276601429058,-0.944869474631536,-0.000176783499847375,1
12.502,-0.944995866143217,-1.48530896749239,-2.47587666095582,-2.32450995141817,-0.944995685906783,-0.000177174475029262,1
12.504,-0.945121806703826,-1.48701468234107,-2.47732941181053,-2.32135125723611,-0.945121626070588,-0.000177564539186106,1
12.506,-0.945247474778422,-1.48873244700518,-2.47877863831584,-2.31818403816359,-0.945247293749309,-0.000177953688554999,1
12.508,-0.9453728689679,-1.4904623060781,-2.48022431779929,-2.31500827228164,-0.945372687543848,-0.000178341919295875,1
12.51,-0.945497987847185,-1.49220430408818,-2.48166642736792,-2.31182393795693,-0.94549780602913,-0.000178729227489988,1
12.512,-0.945622829964703,-1.49395848549241,-2.48310494390583,-2.30863101385041,-0.94562264775359,-0.000179115609138345,1
12.514,-0.945747393841847,-1.49572489466998,-2.48453984407182,-2.30542947892622,-0.945747211238622,-0.00017950106016008,1
12.516,-0.945871677972416,-1.49750357591576,-2.48597110429696,-2.30221931246059,-0.94587149497803,-0.000179885576390801,1
12.518,-0.945995680822047,-1.49929457343359,-2.48739870078209,-2.29900049405104,-0.945995497437455,-0.000180269153580875,1
12.52,-0.946119400827625,-1.50109793132951,-2.48882260949532,-2.2957730036257,-0.946119217053786,-0.000180651787393669,1
12.522,-0.946242836396679,-1.50291369360485,-2.49024280616943,-2.29253682145276,-0.946242652234559,-0.000181033473403739,1
12.524,-0.94636598590676,-1.5047419041492,-2.49165926629933,-2.2892919281501,-0.946365801357326,-0.000181414207094967,1
12.526,-0.946488847704797,-1.50658260673325,-2.49307196513934,-2.28603830469511,-0.946488662769023,-0.000181793983858629,1
12.528,-0.94661142010644,-1.50843584500151,-2.49448087770056,-2.28277593243467,-0.946611234785304,-0.000182172798991428,1
12.53,-0.946733701395377,-1.51030166246495,-2.49588597874807,-2.27950479309525,-0.946733515689863,-0.000182550647693449,1
12.532,-0.946855689822637,-1.51218010249341,-2.49728724279819,-2.27622486879328,-0.946855503733732,-0.000182927525066065,1
12.534,-0.946977383605868,-1.51407120830802,-2.49868464411557,-2.27293614204562,-0.946977197134566,-0.000183303426109778,1
12.536,-0.94709878092859,-1.51597502297339,-2.50007815671039,-2.26963859578019,-0.94709859407589,-0.000183678345721967,1
12.538,-0.947219879939434,-1.51789158938967,-2.50146775433529,-2.26633221334693,-0.947219692706338,-0.00018405227869462,1
12.54,-0.947340678751348,-1.51982095028462,-2.50285341048245,-2.26301697852876,-0.947340491138867,-0.000184425219711942,1
12.542,-0.947461175440788,-1.52176314820534,-2.50423509838051,-2.25969287555279,-0.947460987449935,-0.000184797163347924,1
12.544,-0.947581368046873,-1.52371822551008,-2.50561279099141,-2.25635988910182,-0.94758117967867,-0.000185168104063821,1
12.546,-0.947701254570525,-1.52568622435975,-2.5069864610072,-2.25301800432587,-0.947701065825996,-0.00018553803620555,1
12.548,-0.94782083297357,-1.5276671867094,-2.50835608084683,-2.24966720685405,-0.947820643853748,-0.000185906954001014,1
12.55,-0.947940101177823,-1.52966115429956,-2.50972162265276,-2.2463074828065,-0.947939911683746,-0.000186274851557332,1
12.552,-0.948059057064133,-1.53166816864739,-2.5110830582876,-2.24293881880668,-0.948058867196845,-0.00018664172285798,1
12.554,-0.948177698471404,-1.53368827103778,-2.51244035933065,-2.23956120199371,-0.948177508231955,-0.000187007561759851,1
12.556,-0.948296023195579,-1.53572150251424,-2.51379349707431,-2.23617462003502,-0.948295832585026,-0.000187372361990206,1
12.558,-0.9484140289886,-1.53776790386972,-2.51514244252049,-2.23277906113921,-0.948413838008006,-0.000187736117143531,1
12.56,-0.94853171355732,-1.53982751563725,-2.51648716637688,-2.22937451406907,-0.948531522207754,-0.000188098820678286,1
12.562,-0.948649074562394,-1.54190037808048,-2.51782763905318,-2.22596096815488,-0.948648882844933,-0.000188460465913556,1
12.564,-0.948766109617119,-1.54398653118407,-2.51916383065717,-2.22253841330784,-0.948765917532846,-0.000188821046025579,1
12.566,-0.948882816286248,-1.54608601464395,-2.52049571099076,-2.21910684003391,-0.948882623836256,-0.000189180554044167,1
12.568,-0.948999192084757,-1.54819886785743,-2.52182324954592,-2.21566623944766,-0.948998999270141,-0.00018953898284899,1
12.57,-0.949115234476566,-1.55032512991322,-2.52314641550047,-2.21221660328649,-0.949115041298433,-0.000189896325165754,1
12.572,-0.949230940873229,-1.55246483958123,-2.5244651777138,-2.20875792392511,-0.949230747332691,-0.000190252573562235,1
12.574,-0.949346308632567,-1.55461803530239,-2.52577950472252,-2.20529019439015,-0.949346114730745,-0.000190607720444172,1
12.576,-0.949461335058186,-1.5567847530564,-2.52708936243968,-2.20181341562084,-0.949461140798693,-0.000190959299038231,1
12.578,-0.949576017393888,-1.55896503480234,-2.52839472334454,-2.19832756752731,-0.949575822775375,-0.000191312219836366,1
12.58,-0.949690352829393,-1.56115891586305,-2.52969555266627,-2.19483265239003,-0.949690157853005,-0.000191664015321789,1
12.582,-0.949804338492571,-1.5633664332398,-2.53099181760945,-2.19132866600764,-0.94980414315946,-0.000192014677206853,1
12.584,-0.949917971450405,-1.56558762356944,-2.5322834850264,-2.1878156048956,-0.949917775761735,-0.000192364197020374,1
12.586,-0.950031248706905,-1.56782252309529,-2.53357052141761,-2.18429346631485,-0.950031052663844,-0.000192712566101305,1
12.588,-0.950144167201359,-1.57007116765596,-2.53485289292641,-2.18076224828825,-0.950143970805089,-0.000193059775593481,1
12.59,-0.950256723806534,-1.57233359267397,-2.53613056533351,-2.17722194961756,-0.950256527058243,-0.000193405816440195,1
12.592,-0.950368915326808,-1.57460983314429,-2.53740350405134,-2.17367256990044,-0.950368718227694,-0.000193750679378559,1
12.594,-0.950480738496222,-1.5768999236227,-2.53867167411821,-2.17011410954799,-0.950480541047493,-0.000194094354933653,1
12.596,-0.950592189976475,-1.57920389821411,-2.53993504019232,-2.16654656980243,-0.950591992179348,-0.000194436833412466,1
12.598,-0.950703266354831,-1.58152179056061,-2.54119356654558,-2.16296995275518,-0.950703068210536,-0.000194778104897598,1
12.6,-0.950813964141953,-1.58385363382955,-2.54244721705717,-2.15938426136531,-0.950813765651726,-0.000195118159240718,1
12.602,-0.950924279769648,-1.58619946070133,-2.54369595520698,-2.15578949947824,-0.950924080934739,-0.000195456986055778,1
12.604,-0.951034209588531,-1.5885593033572,-2.54493974406874,-2.15218567184483,-0.951034010410199,-0.000195794574711965,1
12.606,-0.951143749865593,-1.59093319346685,-2.54617854630298,-2.14857278414087,-0.951143550345109,-0.000196130914326361,1
12.608,-0.951252896781674,-1.59332116217586,-2.54741232414973,-2.14495084298688,-0.951252696920319,-0.000196465993756325,1
12.61,-0.951361646428839,-1.59572324009311,-2.54864103942094,-2.14131985596834,-0.951361446227908,-0.000196799801591586,1
12.612,-0.951469994807643,-1.598139457278,-2.54986465349266,-2.13767983165623,-0.951469794268441,-0.000197132326145971,1
12.614,-0.951577937824291,-1.60056984322752,-2.55108312729695,-2.13403077962816,-0.951577736948135,-0.000197463555448853,1
12.616,-0.951685471287677,-1.60301442686325,-2.5522964213134,-2.13037271048969,-0.951685270075898,-0.00019779347723622,1
12.618,-0.951792590906308,-1.60547323651823,-2.55350449556048,-2.12670563589631,-0.951792389360248,-0.000198122078941371,1
12.62,-0.951899292285091,-1.60794629992366,-2.55470730958643,-2.12302956857568,-0.951899090406106,-0.000198449347685237,1
12.622,-0.952005570921994,-1.61043364419552,-2.55590482245987,-2.11934452235054,-0.952005368711454,-0.000198775270266296,1
12.624,-0.952111422204563,-1.61293529582107,-2.55709699276002,-2.1156505121619,-0.952111219663851,-0.000199099833150052,1
12.626,-0.952216841406285,-1.61545128064516,-2.55828377856653,-2.11194755409298,-0.952216638536798,-0.000199423022458058,1
12.628,-0.952321823682804,-1.6179816238565,-2.55946513744892,-2.10823566539345,-0.952321620485955,-0.000199744823956496,1
12.63,-0.952426364067965,-1.62052634997379,-2.56064102645555,-2.10451486450436,-0.95242616054518,-0.000200065223044219,1
12.632,-0.95253045746969,-1.62308548283163,-2.56181140210216,-2.10078517108368,-0.952530253622411,-0.000200384204740296,1
12.634,-0.952634098665664,-1.62565904556649,-2.56297622035995,-2.09704660603236,-0.952633894495348,-0.000200701753670989,1
12.636,-0.952737282298833,-1.62824706060233,-2.56413543664307,-2.09329919152101,-0.952737077806954,-0.00020101785405615,1
12.638,-0.952840002872704,-1.6308495496363,-2.56528900579563,-2.08954295101743,-0.952839798060752,-0.000201332489695006,1
12.64,-0.952942254746417,-1.63346653362415,-2.56643688207819,-2.08577790931459,-0.952942049615898,-0.00020164564395129,1
12.642,-0.953044032129601,-1.63609803276565,-2.56757901915346,-2.08200409255953,-0.953043826682041,-0.000201957299737684,1
12.644,-0.953145329076988,-1.6387440664897,-2.56871537007158,-2.07822152828301,-0.953145123313929,-0.000202267439499537,1
12.646,-0.953246139482773,-1.64140465343953,-2.56984588725459,-2.07443024542984,-0.953245933405775,-0.000202576045197823,1
12.648,-0.953346457074704,-1.64407981145755,-2.57097052248017,-2.07063027439031,-0.953346250685346,-0.000202883098291277,1
12.65,-0.953446275407896,-1.64676955757014,-2.57208922686467,-2.06682164703231,-0.953446068707777,-0.000203188579717681,1
12.652,-0.953545587858331,-1.64947390797236,-2.57320195084533,-2.06300439673455,-0.953545380849071,-0.000203492469874236,1
12.654,-0.953644387616062,-1.65219287801235,-2.57430864416157,-2.05917855842074,-0.953644180299299,-0.000203794748596972,1
12.656,-0.953742667678053,-1.65492648217569,-2.57540925583541,-2.05534416859489,-0.953742460055448,-0.00020409539513913,1
12.658,-0.953840420840686,-1.65767473406956,-2.57650373415094,-2.05150126537772,-0.953840212913921,-0.000204394388148474,1
12.66,-0.95393763969187,-1.66043764640664,-2.57759202663266,-2.04764988854435,-0.953937431462648,-0.000204691705643442,1
12.662,-0.954034316602757,-1.66321523098894,-2.57867408002282,-2.04379007956324,-0.954034108072808,-0.000204987324988073,1
12.664,-0.954130443719031,-1.66600749869133,-2.57974984025751,-2.03992188163653,-0.954130234890105,-0.000205281222865642,1
12.666,-0.954226012951728,-1.66881445944487,-2.58081925244149,-2.03604533974188,-0.954225803825601,-0.000205573375250907,1
12.668,-0.954321015967587,-1.67163612221988,-2.58188226082173,-2.03216050067588,-0.95432080654606,-0.000205863757380887,1
12.67,-0.954415444178874,-1.67447249500884,-2.58293880875953,-2.02826741309917,-0.954415234463773,-0.000206152343724073,1
12.672,-0.954509288732657,-1.67732358480887,-2.58398883870098,-2.0243661275833,-0.954509078725836,-0.000206439107947976,1
12.674,-0.954602540499498,-1.68018939760397,-2.58503229214596,-2.0204566966597,-0.954602330202838,-0.000206724022884876,1
12.676,-0.954695190061513,-1.68306993834697,-2.58606910961527,-2.01653917487051,-0.954694979476925,-0.000207007060495693,1
12.678,-0.954787227699765,-1.68596521094099,-2.58709923061597,-2.01261361882188,-0.954787016829187,-0.000207288191831799,1
12.68,-0.954878643380938,-1.68887521822059,-2.58812259360464,-2.0086800872395,-0.95487843222634,-0.000207567386994686,1
12.682,-0.954969426743251,-1.69179996193241,-2.58913913594857,-2.00473864102686,-0.954969215306634,-0.000207844615093296,1
12.684,-0.955059567081548,-1.69473944271531,-2.5901487938846,-2.00078934332628,-0.955059355364945,-0.000208119844198867,1
12.686,-0.955149053332023,-1.69769365839256,-2.59115150139723,-1.99683226384503,-0.955148841338814,-0.000208391745259267,1
12.688,-0.955237874053203,-1.70066261067914,-2.59214719449266,-1.99286746188827,-0.955237661784177,-0.000208662876361786,1
12.69,-0.955326017412201,-1.7036462951102,-2.59313580465417,-1.98889501195404,-0.955325804869496,-0.000208931905965433,1
12.692,-0.955413471162473,-1.70664470767216,-2.59411726313705,-1.98491498682132,-0.955413258348264,-0.000209198797482029,1
12.694,-0.955500222625236,-1.70965784314527,-2.59509149981532,-1.98092746185724,-0.955500009541737,-0.000209463513016473,1
12.696,-0.955586258668021,-1.71268569495571,-2.59605844305792,-1.97693251538559,-0.95558604531757,-0.000209725929655191,1
12.698,-0.955671565681915,-1.71572825560053,-2.59701801994129,-1.97293022766252,-0.955671352066722,-0.000209986173993481,1
12.7,-0.955756129557743,-1.71878551594809,-2.597970155768,-1.96892068263768,-0.955755915680146,-0.000210244120153597,1
12.702,-0.955839935660196,-1.72185746565565,-2.59891477427246,-1.96490396694422,-0.955839721522578,-0.000210499724323026,1
12.704,-0.955922968800573,-1.72494409303028,-2.59985179747439,-1.96088017028111,-0.955922754405361,-0.000210752941015092,1
12.706,-0.956005213207556,-1.72804538499681,-2.6007811455973,-1.95684938552677,-0.956004998557228,-0.000211003722980365,1
12.708,-0.956086652496016,-1.7311613270646,-2.60170273698107,-1.95281170885981,-0.956086437593099,-0.000211252021112061,1
12.71,-0.956167269633647,-1.73429190329194,-2.60261648798825,-1.94876723988835,-0.95616705448072,-0.00021149778434486,1
12.712,-0.956247046905246,-1.73743709624804,-2.60352231290362,-1.94471608178851,-0.956246831504941,-0.000211740959546566,1
12.714,-0.956325965874447,-1.74059688697223,-2.60442012382639,-1.94065834145316,-0.956325750229453,-0.000211981491402043,1
12.716,-0.956404007342658,-1.74377125492981,-2.60530983055444,-1.93659412965184,-0.956403791455723,-0.000212219322288659,1
12.718,-0.956481151304989,-1.74696017796438,-2.60619134045976,-1.93252356120306,-0.956480935178922,-0.000212454392142555,1
12.72,-0.95655737690286,-1.75016363224595,-2.60706455835441,-1.92844675516033,-0.956557160540533,-0.000212686638314881,1
12.722,-0.956632662373008,-1.75338159221448,-2.60792938634599,-1.92436383501325,-0.95663244577736,-0.000212915995417041,1
12.724,-0.956706984992545,-1.75661403051799,-2.60878572368172,-1.9202749289054,-0.956706768166585,-0.000213142395153969,1
12.726,-0.956780321019687,-1.75986091794464,-2.60963346658001,-1.91618016987082,-0.956780103966495,-0.00021336576614424,1
12.728,-0.956852645629751,-1.76312222334791,-2.61047250804815,-1.91207969609121,-0.956852428352485,-0.000213586033725785,1
12.73,-0.956923932845931,-1.76639791356388,-2.61130273768503,-1.90797365117606,-0.956923715347828,-0.000213803119745772,1
12.732,-0.956994155464349,-1.76968795331955,-2.61212404146702,-1.9038621844686,-0.956993937748728,-0.000214016942333048,1
12.734,-0.957063284972787,-1.7729923051308,-2.61293630151553,-1.89974545138044,-0.957063067043055,-0.000214227415651386,1
12.736,-0.957131291462445,-1.77631092918855,-2.61373939584424,-1.89562361375825,-0.957131073322101,-0.000214434449631536,1
12.738,-0.957198143531994,-1.77964378323146,-2.61453319808375,-1.89149684028671,-0.957197925184633,-0.000214637949679851,1
12.74,-0.957263808183091,-1.78299082240293,-2.61531757718129,-1.88736530693183,-0.957263589632409,-0.000214837816360921,1
12.742,-0.957328250706416,-1.78635199909029,-2.61609239707266,-1.88322919743014,-0.957328031956216,-0.000215033945051426,1
12.744,-0.957391434557185,-1.78972726274329,-2.61685751632334,-1.87908870382927,-0.957391215611381,-0.000215226225561951,1
12.746,-0.957453321218923,-1.79311655966863,-2.61761278773502,-1.87494402708709,-0.957453102081549,-0.000215414541723116,1
12.748,-0.957513870054167,-1.79651983279693,-2.61835805791379,-1.87079537773684,-0.95751365072938,-0.000215598770931915,1
12.75,-0.957573038140502,-1.79993702141762,-2.61909316679503,-1.8666429766277,-0.957572818632591,-0.000215778783653488,1
12.752,-0.957630780090219,-1.80336806087636,-2.61981794712,-1.86248705575094,-0.957630560403614,-0.00021595444287301,1
12.754,-0.957687047851527,-1.80681288222921,-2.62053222385798,-1.85832785916413,-0.957686827990802,-0.000216125603491492,1
12.756,-0.957741790489026,-1.81027141184573,-2.62123581356692,-1.85416564402765,-0.957741570458915,-0.000216292111658464,1
12.758,-0.957794953940774,-1.81374357095286,-2.62192852368474,-1.85000068176998,-0.957794733746178,-0.00021645380403342,1
12.76,-0.957846480748868,-1.81722927510865,-2.62261015174201,-1.84583325940178,-0.957846260394861,-0.000216610506966647,1
12.762,-0.957896309759986,-1.82072843359388,-2.62328048448514,-1.84166368100158,-0.95789608925183,-0.000216762035588648,1
12.764,-0.957944375791778,-1.82424094870634,-2.62393929689783,-1.83749226940064,-0.957944155134939,-0.000216908192795571,1
12.766,-0.957990609260307,-1.82776671493998,-2.62458635110621,-1.83331936809929,-0.957990388460464,-0.000217048768116081,1
12.768,-0.958034935762953,-1.83130561802721,-2.6252213951505,-1.82914534345372,-0.958034714826012,-0.000217183536442594,1
12.77,-0.958077275610211,-1.83485753381777,-2.62584416160362,-1.82497058717937,-0.958077054542326,-0.00021731225660694,1
12.772,-0.958117543298728,-1.83842232696218,-2.62645436601285,-1.82079551922663,-0.958117322106315,-0.000217434669777015,1
12.774,-0.958155646916472,-1.84199984936027,-2.62705170513712,-1.81662059109616,-0.958155425606229,-0.000217550497646761,1
12.776,-0.95819148746932,-1.84558993832631,-2.62763585494678,-1.8124462896751,-0.958191266048252,-0.000217659440386778,1
12.778,-0.958224958116328,-1.84919241441083,-2.62820646834669,-1.80827314169359,-0.958224736591767,-0.000217761174316705,1
12.78,-0.958255943298461,-1.85280707880459,-2.62876317257557,-1.80410171892286,-0.958255721678098,-0.000217855349253048,1
12.782,-0.95828431774263,-1.85643371023191,-2.62930556622531,-1.79993264426446,-0.95828409603454,-0.000217941585476988,1
12.784,-0.958309945319131,-1.86007206121641,-2.62983321581188,-1.7957665989155,-0.958309723531811,-0.00021801947025545,1
12.786,-0.958332677726125,-1.86372185357195,-2.6303456518156,-1.79160433083983,-0.958332455868527,-0.000218088553834976,1
12.788,-0.958352352969137,-1.86738277293145,-2.63084236408984,-1.78744666483313,-0.958352131050715,-0.000218148344810758,1
12.79,-0.958368793596636,-1.87105446207417,-2.63132279651535,-1.78329451454447,-0.95836857162739,-0.000218198304751951,1
12.792,-0.958381804644005,-1.8747365127435,-2.63178634074852,-1.77914889691381,-0.958381582634539,-0.000218237841937825,1
12.794,-0.958391171227402,-1.87842845555588,-2.63223232887667,-1.77501094961198,-0.958390949188982,-0.000218266304026092,1
12.796,-0.958396655715223,-1.88212974747993,-2.63266002474777,-1.77088195223694,-0.95839643365985,-0.000218282969432843,1
12.798,-0.958397994387705,-1.88583975620007,-2.63306861368419,-1.76676335224212,-0.958397772328194,-0.000218287037150784,1
12.8,-0.958394893473279,-1.889557740456,-2.63345719021652,-1.7626567968702,-0.958394671423352,-0.000218277614665678,1
12.802,-0.958387024422709,-1.89328282514265,-2.63382474337812,-1.75856417276688,-0.958386802397107,-0.00021825370354637,1
12.804,-0.958374018247039,-1.89701396953216,-2.63417013897956,-1.75448765549443,-0.958373796261642,-0.000218214182176697,1
12.806,-0.958355458701267,-1.90074992638814,-2.6344920981247,-1.75042977191333,-0.958355236773242,-0.000218157784962626,1
12.808,-0.958330874040477,-1.90448918891101,-2.63478917102896,-1.7463934794332,-0.95833065218845,-0.000218083077178747,1
12.81,-0.95829972700703,-1.90822992127224,-2.63505970494312,-1.74238226757243,-0.958299505251292,-0.000217988424409406,1
12.812,-0.958261402625667,-1.91196986680541,-2.63530180466245,-1.73840028927945,-0.95826118098841,-0.000217871955288604,1
12.814,-0.958215193289972,-1.91570622548637,-2.63551328370436,-1.73445253230126,-0.958214971795582,-0.000217731515955343,1
12.816,-0.958160280527875,-1.91943548880685,-2.63569160377449,-1.73054504487597,-0.958160059203271,-0.000217564614344781,1
12.818,-0.958095712760255,-1.92315321425958,-2.63583379938654,-1.72668523716051,-0.958095491635738,-0.000217367925732071,1
12.82,-0.958020378371571,-1.92685371960719,-2.63593638599962,-1.72288227689841,-0.958020157480021,-0.000217138916214513,1
12.822,-0.957932973627943,-1.93052965049285,-2.63599524441449,-1.71914764043027,-0.957932753006716,-0.000216873185800102,1
12.824,-0.957831965655183,-1.93417138710036,-2.63600548478566,-1.71549584011369,-0.957831745346389,-0.000216566060712551,1
12.826,-0.957715552395658,-1.93776621015018,-2.63596128795101,-1.71194541756252,-0.957715332446999,-0.000216212043984488,1
12.828,-0.957581625223344,-1.94129714238609,-2.63585573717551,-1.70852027048372,-0.957581405689068,-0.00021580470014272,1
12.83,-0.957427747664564,-1.94474136632827,-2.63568067314661,-1.70525137996859,-0.95742752860649,-0.000215336588346578,1
12.832,-0.957251178524096,-1.94806815318797,-2.63542664970486,-1.7021789258102,-0.957250960012565,-0.000214799330012354,1
12.834,-0.957048993090863,-1.95123639622716,-2.6350831492295,-1.69935453754957,-0.957048775205323,-0.00021418397436737,1
12.836,-0.956818390473995,-1.95419228688124,-2.63463933977855,-1.69684286067812,-0.956818173302631,-0.00021348193052212,1
12.838,-0.956557295035426,-1.9568686100833,-2.63408576525166,-1.69472057009852,-0.956557078672938,-0.000212686796358712,1
12.84,-0.956265289560414,-1.95918846572122,-2.63341723158016,-1.69306976152316,-0.956265074103497,-0.000211796609426777,1
12.842,-0.955944639343556,-1.96107659852718,-2.63263637471286,-1.69196304905063,-0.955944424880791,-0.000210819346231134,1
12.844,-0.955600731416106,-1.96247787786733,-2.63175593638819,-1.69144281291939,-0.955600518020085,-0.000209770724734292,1
12.846,-0.955241221910696,-1.96337445634276,-2.63079724770922,-1.69150555606341,-0.955241009630354,-0.000208673999302826,1
12.848,-0.95487411033624,-1.96378955246135,-2.62978487781859,-1.69210347681733,-0.954873899195747,-0.00020755351361434,1
12.85,-0.954505967159934,-1.96377553470839,-2.62874085693141,-1.69316216493135,-0.954505757163087,-0.000206429295624184,1
12.852,-0.954141229394121,-1.96339628614802,-2.62768166445414,-1.69460125010536,-0.954141020530932,-0.000205314896252764,1
12.854,-0.953782423993131,-1.9627139250779,-2.62661813593225,-1.69634777401099,-0.953782216245738,-0.000204218055629384,1
12.856,-0.953430734683724,-1.9617824754363,-2.62555674819524,-1.69834123375425,-0.953430528030554,-0.000203142421255745,1
12.858,-0.95308652528183,-1.96064638734038,-2.62450105103145,-1.70053362874798,-0.953086319700143,-0.000202089138518193,1
12.86,-0.952749705627921,-1.95934133630606,-2.62345277332309,-1.70288755471556,-0.952749501095228,-0.000201057964543673,1
12.862,-0.952419956359773,-1.95789572878732,-2.62241256150162,-1.70537395930117,-0.952419752854545,-0.000200047953244278,1
12.864,-0.95209685751191,-1.95633221132893,-2.62138043996447,-1.70797017227384,-0.952096655013898,-0.000199057847782007,1
12.866,-0.951779958655306,-1.95466894824004,-2.62035608878644,-1.71065835001842,-0.951779757145635,-0.000198086294986237,1
12.868,-0.951468815415608,-1.95292063193756,-2.61933900842318,-1.71342430042381,-0.951468614876767,-0.00019713195726247,1
12.87,-0.951163007234369,-1.9510992588374,-2.61832861632166,-1.71625661034951,-0.951162807650133,-0.000196193567245041,1
12.872,-0.950862144891334,-1.94921471875522,-2.61732430290837,-1.71914600022288,-0.950861946246675,-0.000195269951149636,1
12.874,-0.950565872569754,-1.94727524203518,-2.6163254634079,-1.72208484508784,-0.950565674850734,-0.00019436003541074,1
12.876,-0.950273867120047,-1.94528774002569,-2.61533151528612,-1.72506681668686,-0.950273670313721,-0.000193462844711462,1
12.878,-0.949985835983794,-1.94325805834926,-2.61434190443845,-1.72808662925375,-0.949985640082774,-0.00019257293591363,1
12.88,-0.949701514570429,-1.94119120929702,-2.61335611989719,-1.73113977142744,-0.949701319558827,-0.000191698628251063,1
12.882,-0.949420663513578,-1.93909148259165,-2.61237367852082,-1.73422244228592,-0.949420469380895,-0.000190834640862862,1
12.884,-0.949143066020968,-1.93696259985485,-2.61139413500596,-1.73733136588473,-0.949142872757371,-0.000189980319131409,1
12.886,-0.948868525416601,-1.93480780467463,-2.61041707755715,-1.74046371077049,-0.948868333012861,-0.000189135069181037,1
12.888,-0.94859686291874,-1.93262994090511,-2.60944212575893,-1.74361701381284,-0.948596671366178,-0.000188298351183232,1
12.89,-0.948327915656866,-1.93043151576185,-2.60846892828733,-1.74678911940102,-0.948327724947302,-0.000187469673376943,1
12.892,-0.948061534916903,-1.92821475107782,-2.60749716061093,-1.74997813048986,-0.948061345042616,-0.000186648586773979,1
12.894,-0.947797584595726,-1.92598162524946,-2.60652652277301,-1.75318236887424,-0.94779739554941,-0.000185834680493703,1
12.896,-0.947535939843296,-1.92373390780418,-2.60555673730354,-1.75640034271195,-0.947535751618031,-0.000185027577662632,1
12.898,-0.947276485870685,-1.921473188076,-2.60458754728335,-1.75963071978592,-0.947276298459902,-0.000184226931813943,1
12.9,-0.947019116903567,-1.91920089914261,-2.60361871456729,-1.76287230534581,-0.947018930301023,-0.000183432423725653,1
12.902,-0.94676373526261,-1.91691833792502,-2.60265001816398,-1.7661240236302,-0.94676354946236,-0.000182643758641702,1
12.904,-0.94651025055429,-1.91462668215958,-2.60168125276435,-1.76938490236745,-0.946510065550668,-0.000181860663826348,1
12.906,-0.946258578957643,-1.91232700480465,-2.60071222740899,-1.77265405970289,-0.946258394745239,-0.000181082886408268,1
12.908,-0.946008642594389,-1.91002028633092,-2.59974276428281,-1.7759306931149,-0.946008459168033,-0.000180310191476476,1
12.91,-0.945760368971513,-1.90770742525587,-2.59877269762573,-1.77921406997079,-0.945760186326257,-0.000179542360395147,1
12.912,-0.945513690486911,-1.90538924721379,-2.59780187274814,-1.78250351944216,-0.945513508618014,-0.000178779189309014,1
12.914,-0.945268543989989,-1.90306651279802,-2.59683014514079,-1.78579842555345,-0.945268362892905,-0.000178020487814858,1
12.916,-0.945024870390247,-1.90073992436908,-2.59585737966958,-1.7890982211798,-0.94502469006061,-0.000177266077778023,1
12.918,-0.944782614307821,-1.89841013198768,-2.59488344984637,-1.79240238284379,-0.944782434741434,-0.000176515792275785,1
12.92,-0.944541723760797,-1.89607773860384,-2.59390823716797,-1.79571042618785,-0.944541544953625,-0.000175769474651908,1
12.922,-0.944302149884839,-1.89374330461134,-2.59293163051623,-1.79902190202027,-0.944301971832994,-0.000175026977668854,1
12.924,-0.944063846681217,-1.8914073518581,-2.59195352561279,-1.8023363928504,-0.944063669380954,-0.000174288162745937,1
12.926,-0.943826770789928,-1.88907036718877,-2.590973824523,-1.80565350984266,-0.943826594237635,-0.000173552899273305,1
12.928,-0.943590881284964,-1.88673280558348,-2.58999243520371,-1.80897289013025,-0.943590705477152,-0.00017282106399291,1
12.93,-0.943356139489207,-1.8843950929467,-2.58900927109073,-1.81229419443921,-0.943355964422508,-0.000172092540438853,1
12.932,-0.943122508806755,-1.88205762859208,-2.5880242507217,-1.81561710498097,-0.943122334477912,-0.000171367218430413,1
12.934,-0.942889954570985,-1.87972078145989,-2.58703729472471,-1.81894133693997,-0.94288978098104,-0.000170640894056982,1
12.936,-0.942658443905729,-1.87738491616897,-2.58604833614683,-1.82226658332057,-0.942658271047442,-0.000169921666138584,1
12.938,-0.942427945598571,-1.87505035824998,-2.58505730407979,-1.82559259452524,-0.942427773469237,-0.00016920509835369,1
12.94,-0.942198429988101,-1.87271742139803,-2.58406413459703,-1.82891912027866,-0.942198258584607,-0.00016849158975587,1
12.942,-0.941969868856838,-1.87038640068456,-2.58306876694776,-1.83224592658719,-0.941969698176406,-0.000167780811351341,1
12.944,-0.9417422353357,-1.86805757530089,-2.58207114394902,-1.83557279148843,-0.941742065375634,-0.000167072682324844,1
12.946,-0.941515503815677,-1.86573120938703,-2.58107121162124,-1.83889950486572,-0.941515334573362,-0.000166367125663935,1
12.948,-0.941289649866865,-1.86340755310886,-2.58006891899453,-1.84222586756482,-0.941289481339757,-0.000165664067914271,1
12.95,-0.941064650163975,-1.86108684363595,-2.57906421793023,-1.84555169059467,-0.941064482349604,-0.000164963438954479,1
12.952,-0.940840482417733,-1.85876930603233,-2.5780570629555,-1.84887679440215,-0.940840315313697,-0.000164265171788826,1
12.954,-0.940617125311618,-1.85645515406918,-2.57704741110991,-1.85220100821289,-0.940616958915579,-0.000163569202356048,1
12.956,-0.940394558443443,-1.85414459096769,-2.57603522180304,-1.85552416943095,-0.940394392753125,-0.000162875469352813,1
12.958,-0.940172762271333,-1.8518378100792,-2.57502045668203,-1.85884612309119,-0.940172597284522,-0.000162183914070489,1
12.96,-0.939951718063716,-1.84953499550882,-2.57400307950836,-1.86216672135896,-0.939951553778253,-0.000161494480244048,1
12.962,-0.939731407852961,-1.84723632268826,-2.572983056043,-1.8654858230722,-0.939731244266744,-0.000160807113911977,1
12.964,-0.939511814392353,-1.8449419589027,-2.57196035393929,-1.86880329332179,-0.939511651503329,-0.000160121763286311,1
12.966,-0.939292921116112,-1.84265206377613,-2.57093494264293,-1.87211900306626,-0.939292758922283,-0.000159438378631849,1
12.968,-0.939074712102207,-1.84036678971908,-2.56990679329846,-1.87543282877766,-0.939074550601621,-0.000158756912153827,1
12.97,-0.938857172037724,-1.83808628234218,-2.56887587866181,-1.87874465211549,-0.938857011228477,-0.000158077317893305,1
12.972,-0.938640286186584,-1.83581068083873,-2.56784217301835,-1.88205435962617,-0.938640126066816,-0.00015739955162967,1
12.974,-0.93842404035941,-1.83354011833899,-2.56680565210606,-1.88536184246559,-0.938423880927304,-0.000156723570789636,1
12.976,-0.938208420885388,-1.83127472223879,-2.56576629304348,-1.88866699614262,-0.93820826213917,-0.000156049334362262,1
12.978,-0.937993414585952,-1.82901461450459,-2.56472407426199,-1.89196972028182,-0.937993256523888,-0.000155376802819487,1
12.98,-0.937779008750152,-1.8267599119571,-2.56367897544219,-1.89526991840351,-0.937778851370546,-0.000154705938041755,1
12.982,-0.937565191111581,-1.82451072653522,-2.56263097745397,-1.8985674977197,-0.937565034412775,-0.000154036703248357,1
12.984,-0.937351949826739,-1.822267165542,-2.56158006230019,-1.90186236894463,-0.93735179380711,-0.000153369062932102,1
12.986,-0.937139273454727,-1.82002933187406,-2.56052621306347,-1.90515444611846,-0.937139118112689,-0.000152702982798026,1
12.988,-0.936927150938177,-1.81779732423581,-2.55946941385611,-1.90844364644326,-0.936926996272177,-0.000152038429705821,1
12.99,-0.936715571585323,-1.8155712373397,-2.55840964977273,-1.91172989013009,-0.936715417593839,-0.000151375371615709,1
12.992,-0.936504525053126,-1.81335116209365,-2.55734690684558,-1.91501310025631,-0.936504371734669,-0.000150713777537538,1
12.994,-0.936294001331395,-1.81113718577659,-2.5562811720023,-1.91829320263235,-0.936293848684506,-0.000150053617482826,1
12.996,-0.936083990727816,-1.80892939220303,-2.5552124330259,-1.9215701256771,-0.936083838751066,-0.000149394862419611,1
12.998,-0.935874483853839,-1.80672786187757,-2.55414067851688,-1.92484380030136,-0.935874332545827,-0.000148737484229845,1
13,-0.93566547161135,-1.80453267214003,-2.55306589785744,-1.92811415979853,-0.935665320970703,-0.000148081455669192,1
13.002,-0.935456945180097,-1.80234389730193,-2.55198808117738,-1.93138113974223,-0.935456795205469,-0.000147426750329085,1
13.004,-0.93524931292857,-1.80016599877699,-2.55090938269174,-1.93463812374109,-0.935249163617309,-0.00014677465200553,1
13.006,-0.935042563607234,-1.79799898556864,-2.54982981968896,-1.93788508552144,-0.935042414956721,-0.000146125127791185,1
13.008,-0.934836686431612,-1.79584288299303,-2.54874940254173,-1.9411219894118,-0.934836538439261,-0.000145478146189681,1
13.01,-0.934631670949022,-1.79369771319115,-2.5476681423234,-1.94434880221462,-0.934631523612277,-0.000144833676699281,1
13.012,-0.934427507023784,-1.7915634952771,-2.5465860507426,-1.94756549312344,-0.93442736034012,-0.000144191689768251,1
13.014,-0.934224184823652,-1.78944024548056,-2.54550314010695,-1.95077203361672,-0.934224038790572,-0.000143552156754007,1
13.016,-0.934021694806983,-1.7873279772811,-2.54441942328877,-1.95396839735782,-0.934021549422019,-0.000142915049884472,1
13.018,-0.933820027710609,-1.78522670153509,-2.54333491369257,-1.95715456010064,-0.933819882971321,-0.000142280342221561,1
13.02,-0.933619174538349,-1.78313642659559,-2.54224962522436,-1.96033049960043,-0.933619030442322,-0.000141648007626587,1
13.022,-0.93341912655013,-1.78105715842585,-2.54116357226248,-1.96349619552952,-0.933418983094976,-0.00014101802072752,1
13.024,-0.933219875251677,-1.77898890070675,-2.54007676963002,-1.96665162939741,-0.933219732435033,-0.000140390356887942,1
13.026,-0.93302141238473,-1.77693165493861,-2.53898923256866,-1.96979678447518,-0.933021270204258,-0.000139764992177615,1
13.028,-0.932823729917767,-1.77488542053778,-2.53790097671384,-1.97293164572375,-0.93282358837115,-0.000139141903344555,1
13.03,-0.932626820037185,-1.77285019492823,-2.53681201807119,-1.97605619972583,-0.932626679122132,-0.000138521067788501,1
13.032,-0.93243067513893,-1.77082597362868,-2.53572237299421,-1.97917043462121,-0.932430534853171,-0.000137902463535733,1
13.034,-0.932235287820535,-1.7688127503353,-2.53463205816296,-1.98227434004526,-0.93223514816182,-0.000137286069215115,1
13.036,-0.932040650873541,-1.76681051700038,-2.53354109056398,-1.98536790707047,-0.932040511839646,-0.00013667186403531,1
13.038,-0.9318467572763,-1.76481926390731,-2.53244948747103,-1.9884511281507,-0.931846618865017,-0.000136059827763114,1
13.04,-0.9316536001871,-1.76283897974186,-2.53135726642689,-1.99152399706807,-0.931653462396242,-0.000135449940702804,1
13.042,-0.931461172937628,-1.76086965166023,-2.53026444522602,-1.99458650888233,-0.931461035765029,-0.000134842183676475,1
13.044,-0.931269469026739,-1.75891126535383,-2.5291710418981,-1.99763865988249,-0.931269332470251,-0.0001342365380053,1
13.046,-0.931078482114506,-1.75696380511127,-2.52807707469225,-2.00068044754069,-0.931078346172,-0.000133632985491652,1
13.048,-0.930888206016545,-1.75502725387732,-2.52698256206217,-2.00371187046803,-0.930888070685909,-0.000133031508402046,1
13.05,-0.930698634698602,-1.75310159330946,-2.52588752265186,-2.00673292837234,-0.930698499977742,-0.000132432089450862,1
13.052,-0.93050976227137,-1.75118680383181,-2.52479197528214,-2.00974362201781,-0.93050962815821,-0.00013183471178479,1
13.054,-0.930321582985554,-1.74928286468674,-2.52369593893764,-2.01274395318626,-0.930321449478034,-0.000131239358967981,1
13.056,-0.930134091227135,-1.74738975398426,-2.52259943275461,-2.01573392464007,-0.930133958323213,-0.000130646014967834,1
13.058,-0.929947281512855,-1.74550744874932,-2.52150247600911,-2.01871354008662,-0.929947149210502,-0.000130054664141424,1
13.06,-0.929761148485885,-1.74363592496715,-2.52040508810593,-2.0216828041441,-0.929761016783089,-0.000129465291222497,1
13.062,-0.929575686911683,-1.74177515762662,-2.51930728856786,-2.02464172230883,-0.929575555806447,-0.000128877881309033,1
13.064,-0.929390891674029,-1.73992512076192,-2.51820909702558,-2.02759030092372,-0.92939076116437,-0.000128292419851332,1
13.066,-0.929206757771222,-1.73808578749251,-2.51711053320797,-2.03052854714806,-0.929206627855173,-0.000127708892640605,1
13.068,-0.929023280312435,-1.73625713006142,-2.51601161693288,-2.03345646892837,-0.929023150988042,-0.00012712728579803,1
13.07,-0.928840454514225,-1.73443911987211,-2.51491236809828,-2.03637407497043,-0.928840325779549,-0.000126547585764274,1
13.072,-0.928658275697179,-1.73263172752379,-2.51381280667391,-2.03928137471237,-0.928658147550294,-0.000125969779289424,1
13.074,-0.928476739282696,-1.73083492284546,-2.51271295269323,-2.04217837829863,-0.928476611721688,-0.000125393853423338,1
13.076,-0.928295840789902,-1.72904867492849,-2.51161282624577,-2.04506509655501,-0.928295713812871,-0.000124819795506387,1
13.078,-0.928115575832682,-1.72727295215812,-2.51051244746984,-2.04794154096455,-0.928115449437741,-0.000124247593160549,1
13.08,-0.927935940116834,-1.72550772224369,-2.50941183654553,-2.05080772364425,-0.927935814302107,-0.000123677234280871,1
13.082,-0.927756929437326,-1.72375295224765,-2.5083110136881,-2.05366365732264,-0.92775680420095,-0.000123108707027245,1
13.084,-0.927578539675668,-1.72200860861367,-2.50720999914162,-2.05650935531813,-0.927578415015791,-0.000122541999816523,1
13.086,-0.927400766797376,-1.72027465719359,-2.50610881317289,-2.05934483151804,-0.927400642712159,-0.000121977101314924,1
13.088,-0.927223606849541,-1.71855106327338,-2.50500747606567,-2.06217010035851,-0.927223483337154,-0.000121414000430727,1
13.09,-0.927047055958478,-1.71683779159822,-2.50390600811519,-2.06498517680483,-0.927046933017104,-0.000120852686307242,1
13.092,-0.926871110327476,-1.71513480639667,-2.50280442962284,-2.06779007633266,-0.926870987955309,-0.000120293148316053,1
13.094,-0.926695766234619,-1.71344207140389,-2.50170276089118,-2.07058481490972,-0.926695644429861,-0.000119735376050494,1
13.096,-0.926521020030695,-1.71175954988418,-2.50060102221912,-2.07336940897817,-0.926520898791561,-0.000119179359319383,1
13.098,-0.926346868137173,-1.7100872046526,-2.49949923389737,-2.07614387543746,-0.926346747461888,-0.000118625088140965,1
13.1,-0.926173307044269,-1.70842499809591,-2.49839741620404,-2.07890823162782,-0.926173186931065,-0.0001180725527371,1
13.102,-0.926000333309056,-1.70677289219276,-2.49729558940052,-2.08166249531424,-0.92600021375618,-0.000117521743527631,1
13.104,-0.925827943553667,-1.70513084853316,-2.49619377372746,-2.08440668467092,-0.925827824559371,-0.000116972651124974,1
13.106,-0.925656134463543,-1.70349882833737,-2.49509198940101,-2.08714081826626,-0.925656016026089,-0.000116425266328888,1
13.108,-0.925484902785749,-1.70187679247402,-2.49399025660923,-2.08986491504827,-0.92548478490341,-0.00011587958012143,1
13.11,-0.925314245327351,-1.70026470147773,-2.49288859550858,-2.09257899433045,-0.925314127998408,-0.000115335583662093,1
13.112,-0.92514415895384,-1.69866251556608,-2.4917870262207,-2.09528307577806,-0.925144042176583,-0.000114793268283094,1
13.114,-0.924974640587622,-1.69707019465602,-2.49068556882926,-2.0979771793949,-0.924974524360349,-0.000114252625484845,1
13.116,-0.924805687206548,-1.69548769837977,-2.48958424337698,-2.10066132551034,-0.924805571527566,-0.000113713646931562,1
13.118,-0.924637295842497,-1.69391498610014,-2.48848306986277,-2.10333553476687,-0.924637180710122,-0.000113176324447028,1
13.12,-0.924469463580011,-1.69235201692535,-2.48738206823908,-2.10599982810795,-0.924469348992566,-0.000112640650010496,1
13.122,-0.924302187554966,-1.69079874972346,-2.48628125840928,-2.1086542267662,-0.924302073510782,-0.000112106615752726,1
13.124,-0.924135464953295,-1.68925514313619,-2.48518066022523,-2.11129875225201,-0.924135351450712,-0.000111574213952161,1
13.126,-0.923969293009747,-1.6877211555924,-2.48408029348497,-2.11393342634236,-0.923969180047112,-0.000111043437031216,1
13.128,-0.923803669006692,-1.68619674532108,-2.48298017793046,-2.11655827107012,-0.923803556582359,-0.000110514277552704,1
13.13,-0.923638590272954,-1.68468187036389,-2.48188033324554,-2.11917330871352,-0.923638478385285,-0.000109986728216347,1
13.132,-0.923474054182692,-1.68317648858744,-2.48078077905388,-2.12177856178593,-0.923473942830057,-0.000109460781855436,1
13.134,-0.923310058154314,-1.68168055769499,-2.47968153491711,-2.12437405302607,-0.92330994733509,-0.000108936431433571,1
13.136,-0.923146599649419,-1.6801940352379,-2.47858262033301,-2.12695980538827,-0.923146489361988,-0.000108413670041515,1
13.138,-0.922983676171779,-1.67871687862669,-2.47748405473381,-2.12953584203325,-0.922983566414532,-0.000107892490894145,1
13.14,-0.922821285266344,-1.67724904514174,-2.4763858574846,-2.13210218631893,-0.922821176037678,-0.000107372887327481,1
13.142,-0.922659424518292,-1.67579049194363,-2.47528804788173,-2.13465886179167,-0.922659315816612,-0.000106854852795841,1
13.144,-0.922498091552094,-1.67434117608321,-2.47419064515143,-2.13720589217766,-0.922497983375809,-0.00010633838086906,1
13.146,-0.922337284030612,-1.67290105451131,-2.47309366844842,-2.13974330137454,-0.922337176378139,-0.000105823465229782,1
13.148,-0.922176999654225,-1.67147008408811,-2.47199713685459,-2.14227111344334,-0.922176892523988,-0.000105310099670868,1
13.15,-0.922017236159982,-1.67004822159233,-2.47090106937784,-2.14478935260052,-0.92201712955041,-0.000104798278092849,1
13.152,-0.921857991320781,-1.66863542373004,-2.46980548495085,-2.14729804321034,-0.921857885230308,-0.00010428799450148,1
13.154,-0.921699262944561,-1.66723164714318,-2.46871040243007,-2.14979720977736,-0.92169915737163,-0.000103779243005344,1
13.156,-0.921541048873538,-1.66583684841788,-2.46761584059466,-2.15228687693917,-0.921540943816597,-0.000103272017813549,1
13.158,-0.921383346983446,-1.66445098409251,-2.46652181814554,-2.15476706945934,-0.921383242440946,-0.000102766313233468,1
13.16,-0.921226155182804,-1.66307401066541,-2.4654283537045,-2.15723781222052,-0.921226051153205,-0.000102262123668568,1
13.162,-0.92106947141221,-1.66170588460246,-2.46433546581337,-2.15969913021774,-0.921069367893977,-0.000101759443616285,1
13.164,-0.920913293643648,-1.66034656234435,-2.46324317293321,-2.16215104855194,-0.92091319063525,-0.000101258267665968,1
13.166,-0.920757619879821,-1.6589960003137,-2.46215149344358,-2.16459359242356,-0.920757517379733,-0.000100758590496876,1
13.168,-0.920602448153494,-1.65765415492186,-2.46106044564189,-2.16702678712644,-0.920602346160197,-0.000100260406876243,1
13.17,-0.920447776526864,-1.65632098257558,-2.45997004774272,-2.16945065804178,-0.920447675038844,-9.9763711657373e-05,1
13.172,-0.920293603090946,-1.65499643968343,-2.45888031787728,-2.1718652306323,-0.920293502106694,-9.92684997778226e-05,1
13.174,-0.920139925964969,-1.65368048266201,-2.45779127409282,-2.17427053043658,-0.920139825482981,-9.87747662576028e-05,1
13.176,-0.919986743295797,-1.65237306794201,-2.45670293435219,-2.17666658306352,-0.919986643314575,-9.82825061974471e-05,1
13.178,-0.919834053257363,-1.65107415197402,-2.45561531653333,-2.17905341418692,-0.919833953775412,-9.77917147771227e-05,1
13.18,-0.919681854050115,-1.64978369123421,-2.45452843842887,-2.18143104954031,-0.919681755065945,-9.73023872537875e-05,1
13.182,-0.91953014390048,-1.64850164222982,-2.45344231774574,-2.18379951491178,-0.919530045412607,-9.68145189603894e-05,1
13.184,-0.919378921060344,-1.64722796150443,-2.45235697210487,-2.18615883613908,-0.919378823067289,-9.63281053041154e-05,1
13.186,-0.919228183806542,-1.64596260564312,-2.45127241904084,-2.18850903910472,-0.91922808630683,-9.58431417648748e-05,1
13.188,-0.919077930440365,-1.64470553127746,-2.45018867600159,-2.19085014973136,-0.919077833432525,-9.5359623893825e-05,1
13.19,-0.918928159287075,-1.64345669509029,-2.44910576034824,-2.19318219397716,-0.918928062769641,-9.48775473119388e-05,1
13.192,-0.918778868695438,-1.6422160538204,-2.44802368935482,-2.19550519783136,-0.918778772666947,-9.43969077086014e-05,1
13.194,-0.918630057037265,-1.64098356426705,-2.44694248020813,-2.19781918730997,-0.91862996149626,-9.39177008402546e-05,1
13.196,-0.918481722706969,-1.63975918329433,-2.44586215000756,-2.20012418845151,-0.918481627651997,-9.34399225290727e-05,1
13.198,-0.918333864121131,-1.63854286783536,-2.44478271576497,-2.20242022731295,-0.918333769550743,-9.29635686616624e-05,1
13.2,-0.918186479718073,-1.63733457489643,-2.44370419440461,-2.20470732996571,-0.918186385630825,-9.24886351878125e-05,1
13.202,-0.918039567957452,-1.63613426156092,-2.44262660276302,-2.20698552249177,-0.918039474351902,-9.20151181192626e-05,1
13.204,-0.917893127319853,-1.63494188499312,-2.44154995758901,-2.2092548309799,-0.917893034194564,-9.15430135285088e-05,1
13.206,-0.917747156306398,-1.63375740244195,-2.4404742755436,-2.21151528152199,-0.917747063659937,-9.1072317547637e-05,1
13.208,-0.917601653438366,-1.63258077124453,-2.43939957320004,-2.21376690020947,-0.917601561269305,-9.0603026367188e-05,1
13.21,-0.91745661725682,-1.63141194882964,-2.43832586704383,-2.21600971312986,-0.917456525563732,-9.0135136235046e-05,1
13.212,-0.917312046322242,-1.63025089272104,-2.43725317347274,-2.21824374636335,-0.917311955103706,-8.96686434553639e-05,1
13.214,-0.917167939214177,-1.62909756054075,-2.4361815087969,-2.22046902597952,-0.917167848468776,-8.92035443875001e-05,1
13.216,-0.917024294530892,-1.62795191001209,-2.43511088923881,-2.22268557803422,-0.917024204257212,-8.8739835444996e-05,1
13.218,-0.916881110889035,-1.62681389896279,-2.43404133093352,-2.22489342856634,-0.916881021085665,-8.82775130945713e-05,1
13.22,-0.916738386923304,-1.62568348532783,-2.43297284992869,-2.22709260359486,-0.916738297588837,-8.78165738551402e-05,1
13.222,-0.916596121286129,-1.62456062715227,-2.43190546218471,-2.22928312911592,-0.916596032419161,-8.7357014296863e-05,1
13.224,-0.916454312647355,-1.62344528259397,-2.43083918357489,-2.23146503109994,-0.916454224246486,-8.68988310402048e-05,1
13.226,-0.916312959693936,-1.62233740992617,-2.42977402988559,-2.23363833548885,-0.91631287175777,-8.64420207550258e-05,1
13.228,-0.916172061129637,-1.6212369675401,-2.42871001681636,-2.2358030681934,-0.91617197365678,-8.59865801597013e-05,1
13.23,-0.916031615674741,-1.62014391394729,-2.42764715998019,-2.23795925509054,-0.916031528663803,-8.55325060202374e-05,1
13.232,-0.915891622065761,-1.61905820778203,-2.42658547490369,-2.24010692202086,-0.915891535515355,-8.50797951494346e-05,1
13.234,-0.915752079055164,-1.61797980780357,-2.42552497702728,-2.24224609478613,-0.915751992963908,-8.46284444060544e-05,1
13.236,-0.915612985411098,-1.61690867289829,-2.42446568170543,-2.24437679914691,-0.915612899777609,-8.41784506940053e-05,1
13.238,-0.915474339917121,-1.61584476208183,-2.4234076042069,-2.24649906082019,-0.915474254740023,-8.37298109615609e-05,1
13.24,-0.915336141371948,-1.6147880345011,-2.42235075971499,-2.24861290547715,-0.915336056649867,-8.32825222005789e-05,1
13.242,-0.915198388589192,-1.61373844943619,-2.42129516332778,-2.25071835874095,-0.915198304320756,-8.28365814457508e-05,1
13.244,-0.915061080397113,-1.61269596630228,-2.42024083005842,-2.25281544618459,-0.915060996580954,-8.23919857738556e-05,1
13.246,-0.914924215638382,-1.6116605446514,-2.41918777483538,-2.25490419332887,-0.914924132273134,-8.19487323030483e-05,1
13.248,-0.914787793169835,-1.61063214417419,-2.41813601250276,-2.25698462564033,-0.914787710254137,-8.15068181921502e-05,1
13.25,-0.914651811862249,-1.60961072470151,-2.41708555782058,-2.25905676852935,-0.914651729394739,-8.10662406399542e-05,1
13.252,-0.914516270600338,-1.60859623932935,-2.41603641498891,-2.26112067857904,-0.914516188592485,-8.06146497850061e-05,1
13.254,-0.914381168282928,-1.60758866201343,-2.4149886195272,-2.26317631856103,-0.914381086720558,-8.01767347408853e-05,1
13.256,-0.914246503818837,-1.60658794600882,-2.41394217551079,-2.26522374502258,-0.914246422700598,-7.97401480878901e-05,1
13.258,-0.914112276133686,-1.60559405176523,-2.41289709735022,-2.26726298310463,-0.914112195458231,-7.93048871824011e-05,1
13.26,-0.913978484164617,-1.60460693983726,-2.41185339938981,-2.26929405790941,-0.913978403930599,-7.88709494132392e-05,1
13.262,-0.913845126861413,-1.60362657092836,-2.41081109589168,-2.27131699447247,-0.913845047067488,-7.84383322053624e-05,1
13.264,-0.913712203186301,-1.60265290589206,-2.40977020103613,-2.27333181776112,-0.91371212383113,-7.80070330192771e-05,1
13.266,-0.913579712113759,-1.60168590573308,-2.40873072892198,-2.27533855267291,-0.913579633196003,-7.75770493504656e-05,1
13.268,-0.913447652630319,-1.60072553160851,-2.40769269356695,-2.27733722403414,-0.913447574148641,-7.71483787287994e-05,1
13.27,-0.913316023734385,-1.59977174482879,-2.40665610890796,-2.27932785659845,-0.913315945687453,-7.6721018718008e-05,1
13.272,-0.913184824436048,-1.59882450685881,-2.40562098880159,-2.28131047504547,-0.913184746822531,-7.62949669151209e-05,1
13.274,-0.913054053756904,-1.5978837793188,-2.40458734702435,-2.28328510397945,-0.913053976575473,-7.58702209499378e-05,1
13.276,-0.912923710729884,-1.5969495239853,-2.40355519727312,-2.28525176792802,-0.912923633979213,-7.54467784845114e-05,1
13.278,-0.912793794399076,-1.59602170279196,-2.40252455316546,-2.28721049134093,-0.912793718077842,-7.50246372126362e-05,1
13.28,-0.912664303819559,-1.59510027783043,-2.40149542824007,-2.28916129858882,-0.91266422792644,-7.46037948593446e-05,1
13.282,-0.912535238057238,-1.59418521135109,-2.40046783595708,-2.29110421396213,-0.912535162590915,-7.41842491804207e-05,1
13.284,-0.912406596188682,-1.59327646576379,-2.39944178969853,-2.29303926166993,-0.912406521147839,-7.37659979619244e-05,1
13.286,-0.912278377300965,-1.59237400363857,-2.39841730276867,-2.29496646583884,-0.912278302684286,-7.3349039019713e-05,1
13.288,-0.912150580491508,-1.59147778770626,-2.39739438839441,-2.29688585051205,-0.912150506297682,-7.29333701989833e-05,1
13.29,-0.912023204867934,-1.59058778085912,-2.39637305972569,-2.29879743964824,-0.912023131095651,-7.25189893738335e-05,1
13.292,-0.91189624954791,-1.58970394615144,-2.39535332983586,-2.30070125712066,-0.911896176195861,-7.21058944467949e-05,1
13.294,-0.911769713659008,-1.58882624679999,-2.39433521172211,-2.30259732671622,-0.911769640725886,-7.16940833484282e-05,1
13.296,-0.911643596338555,-1.5879546461846,-2.39331871830584,-2.30448567213453,-0.911643523823057,-7.12835540368717e-05,1
13.298,-0.911517896733496,-1.58708910784859,-2.39230386243309,-2.30636631698711,-0.91151782463432,-7.08743044974435e-05,1
13.3,-0.911392614000258,-1.58622959549917,-2.39129065687487,-2.30823928479649,-0.911392542316105,-7.04663327422279e-05,1
13.302,-0.911267747304609,-1.58537607300789,-2.39027911432768,-2.3101045989955,-0.91126767603418,-7.00596368096652e-05,1
13.304,-0.911143295821532,-1.58452850441093,-2.38926924741379,-2.31196228292644,-0.911143224963531,-6.96542147641771e-05,1
13.306,-0.911019258735089,-1.5836868539095,-2.38826106868174,-2.31381235984037,-0.911019188288223,-6.92500646957674e-05,1
13.308,-0.910895635238297,-1.58285108587009,-2.38725459060667,-2.31565485289642,-0.910895565201273,-6.88471847196485e-05,1
13.31,-0.910772424533001,-1.58202116482474,-2.38624982559079,-2.31748978516109,-0.910772354904529,-6.84455729758706e-05,1
13.312,-0.910649625829752,-1.58119705547129,-2.38524678596373,-2.31931717960766,-0.910649556608544,-6.80452276289575e-05,1
13.314,-0.910527238347687,-1.5803787226736,-2.384245483983,-2.32113705911549,-0.910527169532457,-6.76461468675542e-05,1
13.316,-0.910405261314409,-1.57956613146171,-2.38324593183435,-2.32294944646951,-0.910405192903872,-6.7248328904071e-05,1
13.318,-0.910283693965874,-1.57875924703199,-2.3822481416322,-2.32475436435963,-0.910283625958747,-6.68517719743399e-05,1
13.32,-0.910162535546272,-1.57795803474729,-2.38125212542003,-2.32655183538022,-0.910162467941274,-6.64564743372846e-05,1
13.322,-0.910041785307921,-1.57716246013704,-2.38025789517082,-2.32834188202955,-0.910041718103773,-6.60624342745837e-05,1
13.324,-0.909921442511153,-1.57637248889731,-2.37926546278741,-2.33012452670937,-0.909921375706576,-6.56696500903459e-05,1
13.326,-0.909801506424208,-1.57558808689089,-2.37827484010294,-2.33189979172442,-0.909801440017928,-6.52781201107932e-05,1
13.328,-0.909681976323128,-1.57480922014729,-2.37728603888125,-2.333667699282,-0.90968191031387,-6.48878426839453e-05,1
13.33,-0.909562851491653,-1.57403585486279,-2.37629907081726,-2.33542827149154,-0.909562785878144,-6.44988161793187e-05,1
13.332,-0.90944413122112,-1.57326795740037,-2.37531394753741,-2.33718153036425,-0.90944406600209,-6.41110389876177e-05,1
13.334,-0.90932581481036,-1.57250549428975,-2.37433068060002,-2.33892749781269,-0.90932574998454,-6.37245095204372e-05,1
13.336,-0.909207901565605,-1.57174843222726,-2.37334928149573,-2.34066619565051,-0.909207837131725,-6.33392262099848e-05,1
13.338,-0.909090390800383,-1.57099673807581,-2.37236976164789,-2.34239764559202,-0.909090326757179,-6.29551875087761e-05,1
13.34,-0.908973281835432,-1.57025037886479,-2.37139213241295,-2.344121869252,-0.908973218181639,-6.25723918893665e-05,1
13.342,-0.9088565739986,-1.56950932178993,-2.37041640508087,-2.34583888814529,-0.908856510732955,-6.21908378440714e-05,1
13.344,-0.908740266624759,-1.56877353421321,-2.36944259087549,-2.34754872368665,-0.908740203746001,-6.18105238846978e-05,1
13.346,-0.90862435905571,-1.56804298366268,-2.36847070095499,-2.34925139719041,-0.908624296562578,-6.14314485422726e-05,1
13.348,-0.908508850640097,-1.56731763783231,-2.3675007464122,-2.35094692987031,-0.908508788531332,-6.10536103667872e-05,1
13.35,-0.908393740733319,-1.56659746458177,-2.36653273827506,-2.35263534283925,-0.908393679007665,-6.06770079269362e-05,1
13.352,-0.908279028697447,-1.56588243193629,-2.36556668750699,-2.35431665710913,-0.908278967353648,-6.03016398098665e-05,1
13.354,-0.908164713901137,-1.5651725080864,-2.36460260500727,-2.35599089359065,-0.908164652937939,-5.99275046209267e-05,1
13.356,-0.90805079571955,-1.56446766138771,-2.36364050161144,-2.35765807309315,-0.9080507351357,-5.95546009834277e-05,1
13.358,-0.907937273534268,-1.56376786036066,-2.36268038809169,-2.3593182163245,-0.907937213328514,-5.91829275383964e-05,1
13.36,-0.907824146733217,-1.5630730736903,-2.36172227515723,-2.36097134389093,-0.907824086904309,-5.88124829443481e-05,1
13.362,-0.907711414710587,-1.56238327022595,-2.36076617345469,-2.36261747629696,-0.907711355257277,-5.84432658770409e-05,1
13.364,-0.907599076866756,-1.56169841898096,-2.35981209356851,-2.36425663394528,-0.907599017787796,-5.80752750292643e-05,1
13.366,-0.907487132608212,-1.5610184891324,-2.35886004602128,-2.36588883713667,-0.907487073902356,-5.77085091106029e-05,1
13.368,-0.907375581347483,-1.56034345002076,-2.35791004127418,-2.36751410606995,-0.907375523013486,-5.73429668472217e-05,1
13.37,-0.907264422503057,-1.55967327114957,-2.35696208972728,-2.36913246084191,-0.907264364539676,-5.69786469816431e-05,1
13.372,-0.907153655499316,-1.55900792218516,-2.35601620171998,-2.37074392144729,-0.907153597905309,-5.66155482725414e-05,1
13.374,-0.907043279766462,-1.55834737295624,-2.35507238753136,-2.37234850777873,-0.907043222540587,-5.62536694945293e-05,1
13.376,-0.906933294740447,-1.55769159345353,-2.35413065738054,-2.37394623962678,-0.906933237881465,-5.5893009437947e-05,1
13.378,-0.906823699862906,-1.55704055382947,-2.35319102142707,-2.37553713667989,-0.906823643369578,-5.55335669086683e-05,1
13.38,-0.906714494581088,-1.55639422439777,-2.35225348977125,-2.37712121852443,-0.906714438452177,-5.51753407278924e-05,1
13.382,-0.906605678347791,-1.55575257563306,-2.35131807245458,-2.37869850464469,-0.90660562258206,-5.48183297319504e-05,1
13.384,-0.906497250621294,-1.55511557817048,-2.35038477946001,-2.38026901442294,-0.906497195217509,-5.4462532772116e-05,1
13.386,-0.906389210865297,-1.55448320280525,-2.34945362071241,-2.38183276713949,-0.906389155822223,-5.41079487144041e-05,1
13.388,-0.906281558548852,-1.5538554204923,-2.34852460607884,-2.3833897819727,-0.906281503865258,-5.37545764393944e-05,1
13.39,-0.906174293146307,-1.55323220234581,-2.34759774536897,-2.38494007799911,-0.90617423882096,-5.34024148420459e-05,1
13.392,-0.906067414137238,-1.55261351963881,-2.34667304833539,-2.38648367419345,-0.906067360168907,-5.30514628315038e-05,1
13.394,-0.905960921006393,-1.55199934380269,-2.34575052467398,-2.38802058942881,-0.90596086739385,-5.27017193309342e-05,1
13.396,-0.905854813243634,-1.55138964642681,-2.34483018402425,-2.38955084247664,-0.90585475998565,-5.23531832773446e-05,1
13.398,-0.905749090343871,-1.55078439925801,-2.34391203596969,-2.39107445200696,-0.905749037439219,-5.20058536214048e-05,1
13.4,-0.905643751807015,-1.55018357420014,-2.34299609003813,-2.39259143658843,-0.905643699254468,-5.16597293272812e-05,1
13.402,-0.905538797137911,-1.54958714331364,-2.34208235570205,-2.39410181468844,-0.905538744936245,-5.13148093724694e-05,1
13.404,-0.905434225846289,-1.54899507881501,-2.34117084237896,-2.39560560467332,-0.905434173994279,-5.09710927476273e-05,1
13.406,-0.905330037446705,-1.54840735307634,-2.34026155943167,-2.39710282480844,-0.905329985943129,-5.06285784564103e-05,1
13.408,-0.905226231458491,-1.54782393862488,-2.3393545161687,-2.39859349325836,-0.905226180302126,-5.02872655153142e-05,1
13.41,-0.905122807405697,-1.54724480814245,-2.3384497218446,-2.40007762808702,-0.905122756595322,-4.99471529535137e-05,1
13.412,-0.905019764817041,-1.54666993446503,-2.3375471856602,-2.40155524725788,-0.905019714351436,-4.96082398127121e-05,1
13.414,-0.904917103225858,-1.54609929058221,-2.33664691676305,-2.40302636863409,-0.904917053103804,-4.92705251469826e-05,1
13.416,-0.904814822170046,-1.54553284963671,-2.33574892424766,-2.4044910099787,-0.904814772390324,-4.8934008022616e-05,1
13.418,-0.904712921192017,-1.54497058492381,-2.33485321715589,-2.40594918895486,-0.90471287175341,-4.8598687517976e-05,1
13.42,-0.904611399838651,-1.54441246989092,-2.33395980447719,-2.40740092312595,-0.904611350739943,-4.82645627233555e-05,1
13.422,-0.904510257661242,-1.54385847813697,-2.333068695149,-2.40884622995588,-0.904510208901217,-4.79316327408245e-05,1
13.424,-0.904409494215451,-1.54330858341198,-2.33217989805701,-2.4102851268092,-0.904409445792895,-4.75998966840862e-05,1
13.426,-0.904309109061262,-1.54276275961642,-2.33129342203549,-2.4117176309514,-0.904309060974962,-4.72693536783468e-05,1
13.428,-0.904209101762934,-1.54222098080078,-2.33040927586762,-2.41314375954908,-0.904209054011675,-4.69400028601713e-05,1
13.43,-0.90410947188895,-1.54168322116495,-2.32952746828575,-2.41456352967021,-0.904109424471522,-4.66118433773432e-05,1
13.432,-0.904010219011979,-1.54114945505775,-2.32864800797177,-2.41597695828434,-0.90401017192717,-4.62848743887354e-05,1
13.434,-0.903911342708827,-1.54061965697635,-2.32777090355734,-2.41738406226286,-0.903911295955427,-4.595909506418e-05,1
13.436,-0.903812842560394,-1.54009380156572,-2.32689616362427,-2.41878485837921,-0.903812796137194,-4.56345045843285e-05,1
13.438,-0.903714718151632,-1.53957186361809,-2.32602379670475,-2.42017936330919,-0.903714672057422,-4.53111021405293e-05,1
13.44,-0.903616969071496,-1.53905381807241,-2.32515381128167,-2.42156759363117,-0.903616923305071,-4.49888869346995e-05,1
13.442,-0.903519594912914,-1.53853964001379,-2.32428621578894,-2.42294956582634,-0.903519549473064,-4.4667858179202e-05,1
13.444,-0.903422595272731,-1.53802930467295,-2.32342101861174,-2.42432529627901,-0.903422550158252,-4.43480150967164e-05,1
13.446,-0.903325969751677,-1.53752278742562,-2.32255822808683,-2.42569480127687,-0.903325924961362,-4.40293569201153e-05,1
13.448,-0.903229717954326,-1.53702006379205,-2.32169785250283,-2.42705809701125,-0.903229673486972,-4.37118828923615e-05,1
13.45,-0.903133839489053,-1.53652110943642,-2.32083990010053,-2.4284151995774,-0.903133795343456,-4.33955922663643e-05,1
13.452,-0.903038333967996,-1.53602590016624,-2.3199843790731,-2.42976612497477,-0.903038290142952,-4.30804843048813e-05,1
13.454,-0.902943201007019,-1.53553441193183,-2.31913129756646,-2.43111088910733,-0.902943157501325,-4.2766558280398e-05,1
13.456,-0.902848440225669,-1.53504662082576,-2.31828066367949,-2.4324495077838,-0.902848397038125,-4.24538134750077e-05,1
13.458,-0.902754051247143,-1.53456250308224,-2.31743248546434,-2.43378199671798,-0.902754008376547,-4.2142249180305e-05,1
13.46,-0.902660033698248,-1.53408203507661,-2.31658677092668,-2.43510837152905,-0.9026599911434,-4.18318646972745e-05,1
13.462,-0.902566387209367,-1.53360519332469,-2.31574352802598,-2.43642864774184,-0.902566344969067,-4.15226593361875e-05,1
13.464,-0.902473111414418,-1.53313195448232,-2.31490276467577,-2.43774284078718,-0.902473069487468,-4.12146324164755e-05,1
13.466,-0.902380205950823,-1.53266229534467,-2.31406448874393,-2.43905096600214,-0.902380164336025,-4.09077832666452e-05,1
13.468,-0.902287670459471,-1.53219619284578,-2.31322870805289,-2.4403530386304,-0.902287629155627,-4.06021112241611e-05,1
13.47,-0.902195504584681,-1.53173362405791,-2.31239543037998,-2.44164907382254,-0.902195463590595,-4.02976156353422e-05,1
13.472,-0.902103707974172,-1.53127456619099,-2.31156466345762,-2.44293908663634,-0.902103667288647,-3.9994295855266e-05,1
13.474,-0.902012280279025,-1.53081899659207,-2.31073641497357,-2.44422309203709,-0.902012239900866,-3.96921512476609e-05,1
13.476,-0.901921221153651,-1.53036689274474,-2.30991069257124,-2.44550110489797,-0.901921181081663,-3.93911811848093e-05,1
13.478,-0.901830530255757,-1.52991823226852,-2.3090875038499,-2.44677314000028,-0.901830490488746,-3.90913850474463e-05,1
13.48,-0.901740207246319,-1.52947299291835,-2.30826685636493,-2.44803921203385,-0.901740167783091,-3.87927622246745e-05,1
13.482,-0.90165025178954,-1.52903115258398,-2.30744875762805,-2.44929933559731,-0.901650212628903,-3.84953121138462e-05,1
13.484,-0.901560663552826,-1.52859268928939,-2.30663321510764,-2.45055352519843,-0.901560624693586,-3.8199034120486e-05,1
13.486,-0.901471442206752,-1.52815758119226,-2.30582023622887,-2.45180179525446,-0.901471403647718,-3.79039276581927e-05,1
13.488,-0.901382587425029,-1.52772580658335,-2.30500982837403,-2.45304416009247,-0.90138254916501,-3.76099921485444e-05,1
13.49,-0.901294098884478,-1.52729734388597,-2.30420199888272,-2.45428063394965,-0.901294060922283,-3.73172270210096e-05,1
13.492,-0.901205976264996,-1.5268721716554,-2.30339675505209,-2.45551123097366,-0.901205938599436,-3.70256317128564e-05,1
13.494,-0.901118219249528,-1.52645026857829,-2.30259410413711,-2.45673596522301,-0.901118181879412,-3.6735205669059e-05,1
13.496,-0.901030827524035,-1.52603161347215,-2.30179405335071,-2.4579548506673,-0.901030790448175,-3.64459483422188e-05,1
13.498,-0.900943800777469,-1.52561618528473,-2.30099660986414,-2.45916790118767,-0.900943763994677,-3.61578591924736e-05,1
13.5,-0.900857138701743,-1.5252039630935,-2.30020178080707,-2.46037513057705,-0.90085710221083,-3.58709376874038e-05,1
13.502,-0.900770840991697,-1.52479492610504,-2.29940957326787,-2.46157655254056,-0.900770804791477,-3.55851833019588e-05,1
13.504,-0.900684907345081,-1.52438905365448,-2.29861999429386,-2.46277218069585,-0.900684871434366,-3.53005955183683e-05,1
13.506,-0.900599337462516,-1.52398632520501,-2.29783305089146,-2.46396202857337,-0.900599301840121,-3.50171738260598e-05,1
13.508,-0.900514131047474,-1.52358672034721,-2.29704875002647,-2.46514610961684,-0.900514095712213,-3.47349177215752e-05,1
13.51,-0.900429287806248,-1.52319021879856,-2.29626709862425,-2.46632443718346,-0.900429252756935,-3.44538267084908e-05,1
13.512,-0.900344807447927,-1.52279680040287,-2.29548810356992,-2.46749702454439,-0.900344772683377,-3.4173900297342e-05,1
13.514,-0.900260689684366,-1.52240644512971,-2.29471177170863,-2.46866388488497,-0.900260655203396,-3.38951380055349e-05,1
13.516,-0.900176934230166,-1.52201913307386,-2.29393810984569,-2.46982503130515,-0.900176900031592,-3.36175393572768e-05,1
13.518,-0.900093540802643,-1.52163484445475,-2.29316712474686,-2.47098047681984,-0.900093506885281,-3.33411038834963e-05,1
13.52,-0.900010509121803,-1.52125355961592,-2.29239882313847,-2.47213023435918,-0.900010475484471,-3.30658311217633e-05,1
13.522,-0.899927838910322,-1.52087525902446,-2.29163321170768,-2.473274316769,-0.899927805551837,-3.27917206162197e-05,1
13.524,-0.899845529893513,-1.52049992327046,-2.29087029710268,-2.47441273681108,-0.899845496812694,-3.2518771917499e-05,1
13.526,-0.89976358179931,-1.52012753306645,-2.29011008593283,-2.47554550716354,-0.899763548994974,-3.22469845826579e-05,1
13.528,-0.899681994358236,-1.51975806924688,-2.28935258476894,-2.47667264042119,-0.899681961829203,-3.1976358175099e-05,1
13.53,-0.899600767303384,-1.51939151276757,-2.2885978001434,-2.47779414909586,-0.899600735048474,-3.17068922645006e-05,1
13.532,-0.899519900370394,-1.51902784470514,-2.2878457385504,-2.47891004561678,-0.899519868388426,-3.14385864267472e-05,1
13.534,-0.899439393297424,-1.51866704625652,-2.28709640644609,-2.48002034233089,-0.899439361587219,-3.11714402438555e-05,1
13.536,-0.899359245825133,-1.51830909873834,-2.28634981024884,-2.48112505150324,-0.899359214385511,-3.09054533039073e-05,1
13.538,-0.899279457696654,-1.51795398358646,-2.28560595633934,-2.48222418531731,-0.899279426526436,-3.06406252009795e-05,1
13.54,-0.899200028657573,-1.51760168235541,-2.28486485106083,-2.48331775587534,-0.899199997755581,-3.03769555350742e-05,1
13.542,-0.899120958455907,-1.51725217671785,-2.28412650071929,-2.48440577519874,-0.899120927820963,-3.01144439120582e-05,1
13.544,-0.899042246842082,-1.51690544846405,-2.28339091158358,-2.48548825522839,-0.899042216473008,-2.98530899435861e-05,1
13.546,-0.898963893568907,-1.51656147950136,-2.28265808988566,-2.486565207825,-0.898963863464527,-2.95928932470424e-05,1
13.548,-0.898885898391561,-1.51622025185367,-2.28192804182076,-2.48763664476947,-0.898885868550696,-2.93338534454718e-05,1
13.55,-0.898808261067562,-1.51588174766092,-2.28120077354751,-2.48870257776325,-0.898808231489036,-2.90759701675186e-05,1
13.552,-0.898730981356752,-1.51554594917855,-2.28047629118819,-2.48976301842863,-0.89873095203939,-2.8819243047358e-05,1
13.554,-0.898654059021274,-1.51521283877696,-2.27975460082884,-2.49081797830917,-0.8986540299639,-2.85636717246377e-05,1
13.556,-0.898577493825555,-1.51488239894107,-2.27903570851944,-2.49186746887001,-0.898577465026993,-2.8309255844412e-05,1
13.558,-0.898501285536275,-1.51455461226972,-2.2783196202741,-2.49291150149818,-0.89850125699535,-2.80559950570781e-05,1
13.56,-0.898425433922362,-1.51422946147522,-2.27760634207119,-2.49395008750302,-0.8984254056379,-2.7803889018326e-05,1
13.562,-0.898349938754958,-1.51390692938276,-2.27689587985357,-2.49498323811647,-0.898349910725784,-2.75529373890588e-05,1
13.564,-0.898274799807408,-1.51358699893004,-2.27618823952864,-2.49601096449344,-0.898274772032348,-2.7303139835353e-05,1
13.566,-0.898200016855238,-1.51326965316661,-2.27548342696864,-2.49703327771213,-0.898199989333118,-2.70544960283852e-05,1
13.568,-0.898125589676133,-1.51295487525346,-2.27478144801068,-2.49805018877444,-0.898125562405781,-2.68070056443816e-05,1
13.57,-0.898051518049923,-1.51264264846253,-2.27408230845697,-2.49906170860622,-0.898051491030165,-2.65606683645529e-05,1
13.572,-0.897977801758559,-1.51233295617613,-2.27338601407497,-2.50006784805768,-0.897977774988222,-2.63154838750405e-05,1
13.574,-0.897904440586096,-1.51202578188652,-2.27269257059752,-2.50106861790371,-0.897904414064008,-2.60714518668613e-05,1
13.576,-0.897831434318676,-1.51172110919541,-2.272001983723,-2.50206402884423,-0.897831408043665,-2.58285720358473e-05,1
13.578,-0.89775878274451,-1.51141892181343,-2.2713142591155,-2.5030540915045,-0.897758756715404,-2.55868440825967e-05,1
13.58,-0.897686485653854,-1.51111920355967,-2.27062940240492,-2.50403881643549,-0.897686459869482,-2.53462677124058e-05,1
13.582,-0.897614542839001,-1.51082193836119,-2.26994741918718,-2.50501821411423,-0.89761451729819,-2.51068426352311e-05,1
13.584,-0.897542954094251,-1.51052711025255,-2.2692683150243,-2.5059922949441,-0.897542928795832,-2.48685685656202e-05,1
13.586,-0.897471719215906,-1.51023470337531,-2.26859209544461,-2.50696106925521,-0.897471694158708,-2.46314452226702e-05,1
13.588,-0.897400838002242,-1.50994470197756,-2.26791876594284,-2.50792454730471,-0.897400813185095,-2.43954723299611e-05,1
13.59,-0.8973303102535,-1.50965709041346,-2.26724833198026,-2.50888273927714,-0.897330285675234,-2.41606496155197e-05,1
13.592,-0.897260135771862,-1.50937185314273,-2.26658079898487,-2.50983565528474,-0.897260111431306,-2.39269768117527e-05,1
13.594,-0.89719031436144,-1.50908897473025,-2.26591617235149,-2.51078330536783,-0.897190290257425,-2.36944536554052e-05,1
13.596,-0.897120845828254,-1.50880843984551,-2.2652544574419,-2.51172569949507,-0.897120821959611,-2.34630798875043e-05,1
13.598,-0.897051729980221,-1.50853023326222,-2.26459565958498,-2.51266284756384,-0.897051706345781,-2.32328552533111e-05,1
13.6,-0.896982966627132,-1.50825433985778,-2.26393978407687,-2.51359475940059,-0.896982943225726,-2.30037795022689e-05,1
13.602,-0.896914555580644,-1.50798074461289,-2.26328683618105,-2.51452144476108,-0.896914532411104,-2.27758523879555e-05,1
13.604,-0.896846496654255,-1.50770943261107,-2.26263682112851,-2.5154429133308,-0.896846473715413,-2.25490736680314e-05,1
13.606,-0.896778789663297,-1.50744038903816,-2.26198974411786,-2.51635917472523,-0.896778766953984,-2.23234431041974e-05,1
13.608,-0.896711434424913,-1.50717359918195,-2.26134561031543,-2.51727023849021,-0.896711411943961,-2.20989604621375e-05,1
13.61,-0.896644430758043,-1.50690904843168,-2.26070442485549,-2.51817611410223,-0.896644408504286,-2.1875625511478e-05,1
13.612,-0.896577778483414,-1.50664672227761,-2.26006619284023,-2.51907681096877,-0.896577756455684,-2.16534380257362e-05,1
13.614,-0.896511477423518,-1.50638660631056,-2.25943091934002,-2.51997233842859,-0.896511455620647,-2.14323977822774e-05,1
13.616,-0.896445527402599,-1.50612868622153,-2.25879860939344,-2.52086270575208,-0.896445505823422,-2.12125045622665e-05,1
13.618,-0.89637992824664,-1.50587294780117,-2.25816926800743,-2.5217479221416,-0.896379906889989,-2.09937581506203e-05,1
13.62,-0.896314679783347,-1.50561937693945,-2.25754290015741,-2.52262799673172,-0.896314658648056,-2.07761583359654e-05,1
13.622,-0.896249781842133,-1.50536795962515,-2.2569195107874,-2.52350293858959,-0.896249760927036,-2.05597049105913e-05,1
13.624,-0.89618523425425,-1.5051186812034,-2.25629910029094,-2.52437276748153,-0.896185213563291,-2.03394465661199e-05,1
13.626,-0.896121036852457,-1.50487152935373,-2.25568168257437,-2.52523747082447,-0.896121016379374,-2.01252732894976e-05,1
13.628,-0.896057189470823,-1.50462648960196,-2.25506725799494,-2.52609706821475,-0.896057169214437,-1.99122573705127e-05,1
13.63,-0.895993691945714,-1.50438354833259,-2.25445583135979,-2.52695156847331,-0.89599367190486,-1.97003870481359e-05,1
13.632,-0.895930544114868,-1.50414269202225,-2.25384740745759,-2.52780098033481,-0.895930524288381,-1.94896621323078e-05,1
13.634,-0.895867745817649,-1.50390390724389,-2.25324199104629,-2.52864531246831,-0.895867726204363,-1.92800824363762e-05,1
13.636,-0.895805296895027,-1.50366718066633,-2.25263958685318,-2.52948457347761,-0.895805277493778,-1.90716477770392e-05,1
13.638,-0.895743197189569,-1.50343249905394,-2.25204019957504,-2.53031877190154,-0.895743177999192,-1.88643579743209e-05,1
13.64,-0.895681446545425,-1.50319984926612,-2.25144383387824,-2.53114791621424,-0.895681427564756,-1.8658212851514e-05,1
13.642,-0.895620044808314,-1.50296921825701,-2.25085049439882,-2.5319720148255,-0.895620026036189,-1.84532122351519e-05,1
13.644,-0.89555899182551,-1.50274059307501,-2.2502601857426,-2.53279107608101,-0.895558973260764,-1.82493559549532e-05,1
13.646,-0.895498287445831,-1.50251396086241,-2.24967291248529,-2.53360510826274,-0.895498269087301,-1.80466438437982e-05,1
13.648,-0.895437931519624,-1.50228930885502,-2.24908867917259,-2.5344141195891,-0.895437913366146,-1.7845075737676e-05,1
13.65,-0.895377923898754,-1.50206662438173,-2.24850749032026,-2.53521811821538,-0.895377905949163,-1.76446514756481e-05,1
13.652,-0.895318264436589,-1.50184589486415,-2.24792935041426,-2.53601711223394,-0.895318246689723,-1.74453708998137e-05,1
13.654,-0.89525895298799,-1.50162710781625,-2.24735426391083,-2.53681110967452,-0.895258935442685,-1.72472338552644e-05,1
13.656,-0.895199989409299,-1.50141025084393,-2.24678223523654,-2.53760011850457,-0.895199972064392,-1.70502401900513e-05,1
13.658,-0.895141373558321,-1.50119531164464,-2.24621326878847,-2.5383841466295,-0.895141356412649,-1.6854389755139e-05,1
13.66,-0.895083105294319,-1.50098227800706,-2.24564736893423,-2.53916320189296,-0.89508308834672,-1.66596824043778e-05,1
13.662,-0.895025184477999,-1.50077113781066,-2.24508454001207,-2.53993729207715,-0.895025167727309,-1.64661179944556e-05,1
13.664,-0.894967610971496,-1.50056187902537,-2.24452478633098,-2.54070642490309,-0.894967594416554,-1.62736963848698e-05,1
13.666,-0.894910384638365,-1.50035448971119,-2.24396811217079,-2.54147060803089,-0.894910368278008,-1.6082417437883e-05,1
13.668,-0.894853505343569,-1.50014895801782,-2.24341452178221,-2.54222984906004,-0.894853489176634,-1.58922810184911e-05,1
13.67,-0.894796972953464,-1.49994527218433,-2.24286401938697,-2.54298415552968,-0.894796956978789,-1.5703286994384e-05,1
13.672,-0.894740787335794,-1.49974342053875,-2.24231660917789,-2.54373353491891,-0.894740771552217,-1.55154352359166e-05,1
13.674,-0.89468494835967,-1.49954339149776,-2.24177229531893,-2.54447799464699,-0.894684932766029,-1.53287256160565e-05,1
13.676,-0.894629455895569,-1.4993451735663,-2.24123108194533,-2.54521754207369,-0.894629440490703,-1.51431580103679e-05,1
13.678,-0.894574309815317,-1.49914875533725,-2.24069297316364,-2.54595218449951,-0.894574294598065,-1.49587322969697e-05,1
13.68,-0.894519509992078,-1.49895412549101,-2.24015797305183,-2.54668192916597,-0.894519494961277,-1.4775448356491e-05,1
13.682,-0.894465056300344,-1.49876127279528,-2.23962608565938,-2.54740678325585,-0.894465041454833,-1.45933060720527e-05,1
13.684,-0.894410948615924,-1.49857018610457,-2.23909731500731,-2.54812675389352,-0.894410933954541,-1.44123053292199e-05,1
13.686,-0.894357186815933,-1.49838085435997,-2.23857166508833,-2.54884184814514,-0.894357172337518,-1.42324460159741e-05,1
13.688,-0.894303770778782,-1.49819326658874,-2.23804913986685,-2.54955207301892,-0.894303756482174,-1.40537280226869e-05,1
13.69,-0.894250700384167,-1.49800741190405,-2.23752974327909,-2.55025743546543,-0.894250686268205,-1.38761512420674e-05,1
13.692,-0.894197975513058,-1.49782327950454,-2.23701347923316,-2.55095794237782,-0.89419796157658,-1.36997155691486e-05,1
13.694,-0.894145596047688,-1.49764085867409,-2.23650035160911,-2.55165360059209,-0.894145582289535,-1.35244209012439e-05,1
13.696,-0.894093561871545,-1.49746013878144,-2.23599036425902,-2.55234441688734,-0.894093548290555,-1.3350267137916e-05,1
13.698,-0.89404187286936,-1.49728110927987,-2.23548352100706,-2.55303039798604,-0.894041859464373,-1.31772541809504e-05,1
13.7,-0.893990528927096,-1.49710375970689,-2.23497982564959,-2.55371155055425,-0.893990515696951,-1.30053819343157e-05,1
13.702,-0.893939529931939,-1.49692807968393,-2.23447928195519,-2.55438788120188,-0.893939516875477,-1.2834650304135e-05,1
13.704,-0.893888875772293,-1.49675405891596,-2.23398189366475,-2.55505939648297,-0.893888862888352,-1.26650591986602e-05,1
13.706,-0.893838566337758,-1.49658168719127,-2.23348766449155,-2.5557261028959,-0.893838553625179,-1.24966085282302e-05,1
13.708,-0.893788601519132,-1.49641095438108,-2.23299659812129,-2.55638800688364,-0.893788588976755,-1.23292982052476e-05,1
13.71,-0.893738981208398,-1.49624185043928,-2.23250869821222,-2.55704511483399,-0.893738968835063,-1.21631281441522e-05,1
13.712,-0.89368970529871,-1.49607436540209,-2.23202396839512,-2.55769743307987,-0.893689693093257,-1.19980982613748e-05,1
13.714,-0.893640773684388,-1.49590848938776,-2.23154241227344,-2.55834496789947,-0.893640761645657,-1.18342084753217e-05,1
13.716,-0.893592186260909,-1.49574421259631,-2.23106403342332,-2.55898772551658,-0.893592174387741,-1.16714587063453e-05,1
13.718,-0.893543942924908,-1.49558152526694,-2.23058883502914,-2.55962571294657,-0.893543931216545,-1.15094537666662e-05,1
13.72,-0.893496043574133,-1.49542041784734,-2.23011682134151,-2.56025893461299,-0.893496032029013,-1.1348983773569e-05,1
13.722,-0.893448488107451,-1.49526088073774,-2.22964799549089,-2.5608873974241,-0.893448476724415,-1.11896535700838e-05,1
13.724,-0.893401276424884,-1.49510290446246,-2.22918236094472,-2.56151110738804,-0.893401265202772,-1.10314630840849e-05,1
13.726,-0.893354408427548,-1.49494647962576,-2.22871992114359,-2.56213007045989,-0.893354397365201,-1.08744122451926e-05,1
13.728,-0.893307884017657,-1.4947915969119,-2.22826067950117,-2.56274429254165,-0.893307873113916,-1.07185009847886e-05,1
13.73,-0.893261703098519,-1.49463824708481,-2.22780463940425,-2.5633537794825,-0.893261692352224,-1.05637292359993e-05,1
13.732,-0.893215865574526,-1.49448642098786,-2.2273518042128,-2.56395853707901,-0.893215854984518,-1.04100969336686e-05,1
13.734,-0.893170371351142,-1.49433610954356,-2.22690217726005,-2.56455857107536,-0.893170360916263,-1.02576040143153e-05,1
13.736,-0.8931252203349,-1.49418730375329,-2.22645576185252,-2.56515388716359,-0.89312521005399,-1.0106250416122e-05,1
13.738,-0.893080412433389,-1.49403999469702,-2.22601256127006,-2.56574449098378,-0.89308040230529,-9.95603607890305e-06,1
13.74,-0.893035947555247,-1.49389417353302,-2.22557257876595,-2.56633038812428,-0.893035937578799,-9.80696094407258e-06,1
13.742,-0.892991825610153,-1.49374983149766,-2.22513581756692,-2.56691158412194,-0.892991815784198,-9.65902495462655e-06,1
13.744,-0.892948046508818,-1.49360695990506,-2.2247022808732,-2.56748808446229,-0.892948036832197,-9.51222805510604e-06,1
13.746,-0.89290461016298,-1.49346555014688,-2.22427197185861,-2.56805989457979,-0.892904600634534,-9.36657019158694e-06,1
13.748,-0.892861516485391,-1.49332559369205,-2.22384489367055,-2.56862701985803,-0.892861507103961,-9.2220513116337e-06,1
13.75,-0.892818765389809,-1.49318708208649,-2.22342104943011,-2.56918946562991,-0.892818756154238,-9.07867136428946e-06,1
13.752,-0.892776356791,-1.49305000695289,-2.22300044223207,-2.56974723717788,-0.892776347700128,-8.93643030005224e-06,1
13.754,-0.892734290604717,-1.49291435998108,-2.22258307505256,-2.5703003399469,-0.892734281657488,-8.79522809606309e-06,1
13.756,-0.892692566747696,-1.49278013296531,-2.22216895111876,-2.57084877869343,-0.892692557942849,-8.65526464923332e-06,1
13.758,-0.892651185137649,-1.49264731774746,-2.22175807335454,-2.57139255876266,-0.892651176474026,-8.5164399454572e-06,1
13.76,-0.892610145693264,-1.49251590625477,-2.22135044474999,-2.57193168523717,-0.892610137169706,-8.37875394078246e-06,1
13.762,-0.892569448334187,-1.49238589048994,-2.22094606826918,-2.57246616315011,-0.892569439949537,-8.24220659256765e-06,1
13.764,-0.892529092981019,-1.4922572625309,-2.2205449468502,-2.57299599748537,-0.892529084734118,-8.10679785947708e-06,1
13.766,-0.892489079555308,-1.49213001453065,-2.22014708340514,-2.57352119317778,-0.892489071444997,-7.97252770144738e-06,1
13.768,-0.892449407979542,-1.49200413871698,-2.2197524808202,-2.57404175511328,-0.892449400004663,-7.8393960796737e-06,1
13.77,-0.892410078177137,-1.4918796273922,-2.21936114195571,-2.57455768812913,-0.892410070336533,-7.70740295657282e-06,1
13.772,-0.892371090072441,-1.49175647293299,-2.21897306964614,-2.5750689970141,-0.892371082364953,-7.57654829578003e-06,1
13.774,-0.892332443590716,-1.49163466779011,-2.21858826670023,-2.57557568650862,-0.892332436015186,-7.44683206210749e-06,1
13.776,-0.892294138658133,-1.4915142044882,-2.21820673590091,-2.57607776130503,-0.892294131213404,-7.31825422152951e-06,1
13.778,-0.892256175201772,-1.49139507562553,-2.21782848000544,-2.57657522604771,-0.892256167886684,-7.19081474116048e-06,1
13.78,-0.892218553149606,-1.49127727387383,-2.2174535017454,-2.57706808533328,-0.892218545963002,-7.0645135892352e-06,1
13.782,-0.892181272430499,-1.49116079197799,-2.21708180382677,-2.57755634371079,-0.892181265371221,-6.93935073507392e-06,1
13.784,-0.8921443329742,-1.49104562275592,-2.2167133889299,-2.57804000568188,-0.89214432604109,-6.81532614907882e-06,1
13.786,-0.892107734711332,-1.4909317590983,-2.21634825970962,-2.57851907570098,-0.892107727903232,-6.69243980270014e-06,1
13.788,-0.892071477573391,-1.49081919396836,-2.21598641879526,-2.57899355817545,-0.892071470889143,-6.57069166841648e-06,1
13.79,-0.892035561492733,-1.49070792040169,-2.21562786879064,-2.57946345746578,-0.892035554931179,-6.45008171971547e-06,1
13.792,-0.891999986402574,-1.49059793150601,-2.21527261227417,-2.57992877788578,-0.891999979962557,-6.33060993107466e-06,1
13.794,-0.891964752236981,-1.49048922046098,-2.21492065179886,-2.58038952370269,-0.891964745917342,-6.21227627793926e-06,1
13.796,-0.891929858930861,-1.49038178051801,-2.21457198989233,-2.5808456991374,-0.891929852730443,-6.0950807366951e-06,1
13.798,-0.891895306419962,-1.49027560500001,-2.21422662905691,-2.58129730836461,-0.891895300337608,-5.97902328465999e-06,1
13.8,-0.891861094640865,-1.49017068730124,-2.21388457176958,-2.58174435551296,-0.891861088675416,-5.8641039000554e-06,1
13.802,-0.891827223530973,-1.49006702088709,-2.21354582048211,-2.58218684466524,-0.891827217681272,-5.75032256198895e-06,1
13.804,-0.89179369302851,-1.4899645992939,-2.21321037762101,-2.58262477985854,-0.891793687293398,-5.63767925043022e-06,1
13.806,-0.891760503072518,-1.48986341612086,-2.2128782454939,-2.5830581652981,-0.891760497450942,-5.52607290411055e-06,1
13.808,-0.891727653602836,-1.48976346506148,-2.2125494266643,-2.58348700450251,-0.891727648093535,-5.41570558413589e-06,1
13.81,-0.891695144560109,-1.48966473985571,-2.2122239233896,-2.5839113015865,-0.891695139161925,-5.30647623563249e-06,1
13.812,-0.891662975885782,-1.48956723432181,-2.21190173799568,-2.58433106040586,-0.891662970597557,-5.19838484185719e-06,1
13.814,-0.891631147522086,-1.48947094234796,-2.21158287278341,-2.58474628477147,-0.891631142342664,-5.09143138682504e-06,1
13.816,-0.891599659412038,-1.48937585789217,-2.21126733002859,-2.58515697844944,-0.891599654340259,-4.98561585529937e-06,1
13.818,-0.891568511499432,-1.48928197498209,-2.21095511198202,-2.58556314516123,-0.89156850653414,-4.88093823278501e-06,1
13.82,-0.891537703728835,-1.48918928771483,-2.21064622086953,-2.58596478858386,-0.891537698868873,-4.77739850549487e-06,1
13.822,-0.891507236045584,-1.48909779025678,-2.21034065889197,-2.58636191234998,-0.891507231289793,-4.67499666034646e-06,1
13.824,-0.891477108395774,-1.48900747684347,-2.21003842822528,-2.58675452004807,-0.891477103742997,-4.5737326849295e-06,1
13.826,-0.89144732072626,-1.48891834177934,-2.20973953102052,-2.58714261522255,-0.891447316175339,-4.47360656750504e-06,1
13.828,-0.891417872984646,-1.48883037943763,-2.20944396940383,-2.58752620137396,-0.891417868534424,-4.37461829696984e-06,1
13.83,-0.891388765119283,-1.48874358426019,-2.20915174547656,-2.58790528195903,-0.891388760768604,-4.27676786285553e-06,1
13.832,-0.891359997079265,-1.4886579507573,-2.20886286131522,-2.58827986039092,-0.89135999282697,-4.18005525530396e-06,1
13.834,-0.891331568814418,-1.48857347350754,-2.20857731897152,-2.58864994003924,-0.891331564659349,-4.08448046504479e-06,1
13.836,-0.891303480275301,-1.4884901471576,-2.20829512047242,-2.58901552423029,-0.891303476216301,-3.99004348339553e-06,1
13.838,-0.891275731413198,-1.48840796642214,-2.20801626782013,-2.58937661624712,-0.891275727449109,-3.89674430222729e-06,1
13.84,-0.891248322180114,-1.48832692608363,-2.20774076299214,-2.58973321932969,-0.891248318309779,-3.80458291396102e-06,1
13.842,-0.891221252528769,-1.48824702099221,-2.20746860794126,-2.590085336675,-0.891221248751031,-3.71355931154281e-06,1
13.844,-0.891194522412596,-1.4881682460655,-2.20719980459563,-2.59043297143721,-0.891194518726298,-3.62367348843857e-06,1
13.846,-0.891168131785733,-1.4880905962885,-2.20693435485873,-2.59077612672778,-0.891168128189717,-3.53492543860724e-06,1
13.848,-0.89114208060302,-1.48801406671341,-2.20667226060942,-2.59111480561559,-0.891142077096128,-3.44731515649392e-06,1
13.85,-0.891116368819993,-1.48793865245947,-2.20641352370198,-2.59144901112703,-0.891116365401067,-3.36084263700615e-06,1
13.852,-0.89109099639288,-1.48786434871287,-2.2061581459661,-2.59177874624618,-0.891090993060764,-3.27550787550717e-06,1
13.854,-0.8910659632786,-1.48779115072657,-2.20590612920689,-2.59210401391488,-0.891065960032137,-3.19131086780535e-06,1
13.856,-0.891041269434753,-1.48771905382016,-2.20565747520496,-2.59242481703289,-0.891041266272784,-3.10825161011866e-06,1
13.858,-0.891016914819618,-1.48764805337974,-2.20541218571638,-2.59274115845796,-0.891016911740986,-3.02633009908298e-06,1
13.86,-0.890992899392149,-1.48757814485778,-2.20517026247275,-2.59305304100596,-0.890992896395697,-2.94554633172931e-06,1
13.862,-0.890969223111972,-1.48750932377296,-2.20493170718116,-2.59336046745106,-0.890969220196543,-2.86590030546589e-06,1
13.864,-0.890945885939376,-1.4874415857101,-2.20469652152428,-2.59366344052571,-0.890945883103812,-2.78739201806628e-06,1
13.866,-0.890922887835317,-1.48737492631996,-2.20446470716032,-2.59396196292087,-0.89092288507846,-2.71002146766783e-06,1
13.868,-0.890900228761403,-1.48730934131916,-2.20423626572308,-2.59425603728607,-0.890900226082097,-2.63378865273541e-06,1
13.87,-0.890877908679901,-1.48724482649004,-2.20401119882196,-2.5945456662295,-0.890877906076988,-2.55869357206757e-06,1
13.872,-0.890855927553727,-1.48718137768055,-2.20378950804199,-2.59483085231814,-0.890855925026049,-2.48473622477572e-06,1
13.874,-0.890834285346441,-1.48711899080408,-2.20357119494383,-2.59511159807786,-0.890834282892841,-2.41191661027196e-06,1
13.876,-0.890812982022246,-1.48705766183941,-2.20335626106379,-2.59538790599352,-0.890812979641567,-2.3402347282548e-06,1
13.878,-0.890792017545986,-1.48699738683055,-2.20314470791385,-2.59565977850908,-0.89079201523707,-2.269690578702e-06,1
13.88,-0.890771391883137,-1.48693816188665,-2.20293653698168,-2.59592721802766,-0.890771389644827,-2.2002841618552e-06,1
13.882,-0.890751104999812,-1.4868799831771,-2.20273174965982,-2.59619022707179,-0.890751102831028,-2.13193929041396e-06,1
13.884,-0.890731156862738,-1.48682284695048,-2.20253034752903,-2.59644880764304,-0.890731154762245,-2.06480833852362e-06,1
13.886,-0.890711547439279,-1.4867667495058,-2.20233233193333,-2.59670296218283,-0.89071154540592,-1.99881512155573e-06,1
13.888,-0.890692276697414,-1.48671168721162,-2.20213770426329,-2.596952692932,-0.890692274730031,-1.93395964068699e-06,1
13.89,-0.890673344605742,-1.48665765650103,-2.20194646588527,-2.59719800209104,-0.890673342703178,-1.87024189730038e-06,1
13.892,-0.890654751133472,-1.48660465387161,-2.20175861814137,-2.59743889182021,-0.89065474929457,-1.80766189297159e-06,1
13.894,-0.890636496250427,-1.4865526758853,-2.20157416234955,-2.59767536423958,-0.890636494474028,-1.74621962945684e-06,1
13.896,-0.890618579927035,-1.4865017191683,-2.20139309980351,-2.59790742142917,-0.890618578211984,-1.68591510869444e-06,1
13.898,-0.890601002134328,-1.48645178041102,-2.20121543177282,-2.59813506542897,-0.890601000479465,-1.62674833277048e-06,1
13.9,-0.890583762843939,-1.48640285636791,-2.20104115950287,-2.59835829823909,-0.890583761248109,-1.56871930393606e-06,1
13.902,-0.8905668620281,-1.48635494385744,-2.20087028421489,-2.59857712181978,-0.890566860490144,-1.5118280245764e-06,1
13.904,-0.890550299659636,-1.48630803976194,-2.20070280710599,-2.59879153809156,-0.890550298178398,-1.4560744972111e-06,1
13.906,-0.890534075711966,-1.48626214102757,-2.20053872934913,-2.59900154893526,-0.890534074286287,-1.40145872448232e-06,1
13.908,-0.890518190159093,-1.48621724466416,-2.20037805209318,-2.59920715619213,-0.890518188787816,-1.34798070913858e-06,1
13.91,-0.890502642975613,-1.48617334774522,-2.20022077646287,-2.59940836166389,-0.89050264165758,-1.2956404540411e-06,1
13.912,-0.890487434136699,-1.48613044740776,-2.20006690355888,-2.59960516711279,-0.890487432870754,-1.2444379621388e-06,1
13.914,-0.890472563618108,-1.48608854085228,-2.19991643445779,-2.59979757426173,-0.890472562403093,-1.19437323646242e-06,1
13.916,-0.890458031396174,-1.48604762534263,-2.19976937021212,-2.5999855847943,-0.890458030230932,-1.14544628012584e-06,1
13.918,-0.890443837447807,-1.48600769820599,-2.19962571185031,-2.60016920035484,-0.89044383633118,-1.09765709630946e-06,1
13.92,-0.890429981750488,-1.48596875683272,-2.19948546037675,-2.60034842254852,-0.890429980681319,-1.05100568824702e-06,1
13.922,-0.89041646428227,-1.48593079867638,-2.19934861677183,-2.6005232529414,-0.890416463259401,-1.00549205922692e-06,1
13.924,-0.890403285021773,-1.48589382125354,-2.19921518199188,-2.60069369306051,-0.890403284044046,-9.61116212579338e-07,1
13.926,-0.890390443958438,-1.48585552730987,-2.19908238114531,-2.60086481507066,-0.890390443024714,-1.87897734374227e-06,1
13.928,-0.890377941031561,-1.4858227998584,-2.1989585422543,-2.60102140789932,-0.890377940140666,-8.75760342286817e-07,1
13.93,-0.890365776290126,-1.48578665999799,-2.19883280985679,-2.60118330592791,-0.890365775440902,-1.71055784135854e-06,1
13.932,-0.890353949640773,-1.48575567218164,-2.1987155490963,-2.60133157956005,-0.890353948832062,-7.94972354299462e-07,1
13.934,-0.890342461133835,-1.48572166720177,-2.19859687514183,-2.60148428283413,-0.890342460364479,-1.55125749688749e-06,1
13.936,-0.890331310687432,-1.48569242162027,-2.19848620889579,-2.60162421828596,-0.890331309956275,-7.18735651756525e-07,1
13.938,-0.890320498343167,-1.4856605319042,-2.19837458362416,-2.60176775618232,-0.890320497649051,-1.40105973544743e-06,1
13.94,-0.890310024029583,-1.48563303157271,-2.1982705280559,-2.60189933427521,-0.89031002337135,-6.47050257306878e-07,1
13.942,-0.890299887780562,-1.48560323804782,-2.19816594149696,-2.6020337358365,-0.890299887157055,-1.25996460193341e-06,1
13.944,-0.890290089534075,-1.4855774864382,-2.19806851259637,-2.60215693710859,-0.890290088944136,-5.7991619292155e-07,1
13.946,-0.890280629317238,-1.48554977057251,-2.19797095457124,-2.60228223104557,-0.89028062875971,-1.12797214042184e-06,1
13.948,-0.890271507076504,-1.48552577161503,-2.19788016815377,-2.60239703575104,-0.89027150655023,-5.17333480419847e-07,1
13.95,-0.890262722833127,-1.4855001154137,-2.19778962827599,-2.60251325044489,-0.890262722336948,-1.00508239402164e-06,1
13.952,-0.890254276541159,-1.4854778734988,-2.19770549998167,-2.60261963855314,-0.890254276073919,-4.59302140957735e-07,1
13.954,-0.890246168216827,-1.4854542595008,-2.19762196765842,-2.60272680205763,-0.890246167777368,-8.91295404683823e-07,1
13.956,-0.890238397826448,-1.48543166103601,-2.19754193474749,-2.6028294499008,-0.890238397413612,-1.29711761801157e-06,1
13.958,-0.890230965357798,-1.48541315558216,-2.19746915118683,-2.60292075466696,-0.890230964970428,-3.80788991432949e-07,1
13.96,-0.890223870822013,-1.48539257306765,-2.19739610997937,-2.60301439342472,-0.890223870458952,-7.37682668324773e-07,1
13.962,-0.890217114184927,-1.48537299380122,-2.19732655992896,-2.6031035370615,-0.890217113845016,-1.071818861918e-06,1
13.964,-0.890210695438718,-1.48535695844909,-2.19726359981612,-2.60318254613055,-0.890210695120801,-3.12516552614083e-07,1
13.966,-0.890204614589672,-1.48533937141027,-2.19720102462045,-2.60326272125318,-0.89020461429259,-6.04551363233323e-07,1
13.968,-0.890198871611829,-1.48532277566166,-2.1971419321998,-2.60333842159471,-0.890198871334425,-8.77242277047113e-07,1
13.97,-0.890193466501916,-1.48530716691115,-2.19708631988167,-2.60340965411966,-0.890193466243034,-1.13172715987104e-06,1
13.972,-0.890188399247499,-1.48529522720879,-2.1970374601859,-2.60347046425819,-0.890188399005979,-2.37416705800687e-07,1
13.974,-0.89018366985371,-1.48528158055164,-2.19698879968321,-2.60353278144243,-0.890183669628395,-4.58903133750212e-07,1
13.976,-0.890179278299904,-1.48526891034384,-2.19694361035117,-2.60359065029072,-0.890179278089637,-6.65597139553186e-07,1
13.978,-0.890175224583863,-1.48525721264479,-2.19690188937951,-2.60364407755389,-0.890175224387487,-8.58636595853335e-07,1
13.98,-0.890171508699355,-1.4852464839891,-2.19686363377194,-2.60369306969362,-0.890171508515713,-1.03915937660959e-06,1
13.982,-0.890168130638345,-1.48523918549957,-2.19683184867121,-2.60373216044433,-0.890168130466278,-1.6914397272553e-07,1
13.984,-0.890165090403099,-1.48523038432459,-2.19680051489224,-2.60377230184271,-0.89016509024145,-3.28047031256616e-07,1
13.986,-0.890162387981129,-1.48522254245645,-2.19677263723131,-2.6038080271002,-0.89016238782874,-4.77847044001519e-07,1
13.988,-0.890160023370971,-1.48521565644047,-2.19674821268824,-2.60383934267162,-0.890160023226685,-6.19681889589728e-07,1
13.99,-0.890157996568996,-1.48520972313282,-2.19672723814192,-2.60386625482193,-0.890157996431655,-7.5468944737518e-07,1
13.992,-0.890156307572095,-1.4852047394531,-2.1967097104466,-2.60388876977726,-0.890156307440542,-8.84007597511475e-07,1
13.994,-0.890154956377675,-1.4852007023841,-2.19669562643202,-2.60390689372507,-0.890154956250753,-1.00877422059237e-06,1
13.996,-0.890153942983403,-1.48520000027312,-2.19668790359032,-2.60391532082593,-0.890153942859953,-1.21352976449094e-07,1
13.998,-0.890153267388923,-1.48519784751103,-2.19668069737412,-2.60392468123634,-0.890153267267787,-2.40430191001983e-07,1
14,-0.890153267388923,-1.48519784751103,-2.19668069737412,-2.60392468123634,-0.890153267267787,-2.40430191001983e-07,1
